# Blender v2.79 (sub 0) OBJ File: 'lambda_rocket.blend'
# www.blender.org
o Circle
v 0.000000 2.000000 -1.750000
v -0.669696 2.000000 -1.616789
v -1.237437 2.000000 -1.237437
v -1.616789 2.000000 -0.669696
v -1.750000 2.000000 0.000000
v -1.616789 2.000000 0.669696
v -1.237437 2.000000 1.237437
v -0.669696 2.000000 1.616789
v -0.000000 2.000000 1.750000
v 0.669696 2.000000 1.616789
v 1.237437 2.000000 1.237437
v 1.616789 2.000000 0.669696
v 1.750000 2.000000 0.000000
v 1.616789 2.000000 -0.669696
v 1.237437 2.000000 -1.237437
v 0.669695 2.000000 -1.616790
v 0.000000 7.500000 -1.750000
v -0.669696 7.500000 -1.616789
v -1.237437 7.500000 -1.237437
v -1.616789 7.500000 -0.669696
v -1.750000 7.500000 0.000000
v -1.616789 7.500000 0.669696
v -1.237437 7.500000 1.237437
v -0.669696 7.500000 1.616789
v -0.000000 7.500000 1.750000
v 0.669696 7.500000 1.616789
v 1.237437 7.500000 1.237437
v 1.616789 7.500000 0.669696
v 1.750000 7.500000 0.000000
v 1.616789 7.500000 -0.669696
v 1.237437 7.500000 -1.237437
v 0.669695 7.500000 -1.616790
v 0.000000 8.000000 -1.500000
v -0.574025 8.000000 -1.385819
v -1.060660 8.000000 -1.060660
v -1.385819 8.000000 -0.574025
v -1.500000 8.000000 0.000000
v -1.385819 8.000000 0.574025
v -1.060660 8.000000 1.060660
v -0.574025 8.000000 1.385819
v -0.000000 8.000000 1.500000
v 0.574025 8.000000 1.385819
v 1.060660 8.000000 1.060660
v 1.385819 8.000000 0.574025
v 1.500000 8.000000 0.000000
v 1.385819 8.000000 -0.574025
v 1.060660 8.000000 -1.060660
v 0.574024 8.000000 -1.385819
v 0.000000 15.000000 -1.500000
v -0.574025 15.000000 -1.385819
v -1.060660 15.000000 -1.060660
v -1.385819 15.000000 -0.574025
v -1.500000 15.000000 0.000000
v -1.385819 15.000000 0.574025
v -1.060660 15.000000 1.060660
v -0.574025 15.000000 1.385819
v -0.000000 15.000000 1.500000
v 0.574025 15.000000 1.385819
v 1.060660 15.000000 1.060660
v 1.385819 15.000000 0.574025
v 1.500000 15.000000 0.000000
v 1.385819 15.000000 -0.574025
v 1.060660 15.000000 -1.060660
v 0.574024 15.000000 -1.385819
v 0.000000 15.500000 -1.750000
v -0.669696 15.500000 -1.616789
v -1.237437 15.500000 -1.237437
v -1.616789 15.500000 -0.669696
v -1.750000 15.500000 0.000000
v -1.616789 15.500000 0.669696
v -1.237437 15.500000 1.237437
v -0.669696 15.500000 1.616789
v -0.000000 15.500000 1.750000
v 0.669696 15.500000 1.616789
v 1.237437 15.500000 1.237437
v 1.616789 15.500000 0.669696
v 1.750000 15.500000 0.000000
v 1.616789 15.500000 -0.669696
v 1.237437 15.500000 -1.237437
v 0.669695 15.500000 -1.616790
v 0.000000 19.500000 -1.750000
v -0.669696 19.500000 -1.616789
v -1.237437 19.500000 -1.237437
v -1.616789 19.500000 -0.669696
v -1.750000 19.500000 0.000000
v -1.616789 19.500000 0.669696
v -1.237437 19.500000 1.237437
v -0.669696 19.500000 1.616789
v -0.000000 19.500000 1.750000
v 0.669696 19.500000 1.616789
v 1.237437 19.500000 1.237437
v 1.616789 19.500000 0.669696
v 1.750000 19.500000 0.000000
v 1.616789 19.500000 -0.669696
v 1.237437 19.500000 -1.237437
v 0.669695 19.500000 -1.616790
v 0.000000 22.499998 0.000000
v -0.000000 21.000000 -1.312500
v -0.502272 21.000000 -1.212592
v -0.928078 21.000000 -0.928078
v -1.212592 21.000000 -0.502272
v -1.312500 21.000000 0.000000
v -1.212592 21.000000 0.502272
v -0.928078 21.000000 0.928078
v -0.502272 21.000000 1.212592
v -0.000000 21.000000 1.312500
v 0.502272 21.000000 1.212592
v 0.928077 21.000000 0.928078
v 1.212592 21.000000 0.502272
v 1.312500 21.000000 0.000000
v 1.212592 21.000000 -0.502272
v 0.928077 21.000000 -0.928078
v 0.502271 21.000000 -1.212592
v -0.000000 2.000000 -1.500000
v -0.574025 2.000000 -1.385819
v -1.060660 2.000000 -1.060660
v -1.385819 2.000000 -0.574025
v -1.500000 2.000000 0.000000
v -1.385819 2.000000 0.574025
v -1.060660 2.000000 1.060660
v -0.574025 2.000000 1.385819
v -0.000000 2.000000 1.500000
v 0.574025 2.000000 1.385819
v 1.060660 2.000000 1.060660
v 1.385819 2.000000 0.574025
v 1.500000 2.000000 0.000000
v 1.385819 2.000000 -0.574025
v 1.060660 2.000000 -1.060660
v 0.574024 2.000000 -1.385819
v -0.000000 2.500000 -1.500000
v -0.574025 2.500000 -1.385819
v -1.060660 2.500000 -1.060660
v -1.385819 2.500000 -0.574025
v -1.500000 2.500000 0.000000
v -1.385819 2.500000 0.574025
v -1.060660 2.500000 1.060660
v -0.574025 2.500000 1.385819
v -0.000000 2.500000 1.500000
v 0.574025 2.500000 1.385819
v 1.060660 2.500000 1.060660
v 1.385819 2.500000 0.574025
v 1.500000 2.500000 0.000000
v 1.385819 2.500000 -0.574025
v 1.060660 2.500000 -1.060660
v 0.574024 2.500000 -1.385819
v -0.000000 2.500000 -0.750000
v -0.530330 2.500000 -0.530330
v -0.750000 2.500000 0.000000
v -0.530330 2.500000 0.530330
v -0.000000 2.500000 0.750000
v 0.530330 2.500000 0.530330
v 0.750000 2.500000 0.000000
v 0.530330 2.500000 -0.530330
v -0.000000 2.000000 -0.750000
v -0.530330 2.000000 -0.530330
v -0.750000 2.000000 0.000000
v -0.530330 2.000000 0.530330
v -0.000000 2.000000 0.750000
v 0.530330 2.000000 0.530330
v 0.750000 2.000000 0.000000
v 0.530330 2.000000 -0.530330
v -0.000000 1.750000 -0.500000
v -0.353553 1.750000 -0.353553
v -0.500000 1.750000 0.000000
v -0.353553 1.750000 0.353553
v -0.000000 1.750000 0.500000
v 0.353553 1.750000 0.353553
v 0.500000 1.750000 0.000000
v 0.353553 1.750000 -0.353553
v 0.530330 1.500000 -0.530330
v 0.750000 1.500000 0.000000
v 0.530330 1.500000 0.530330
v -0.000000 1.500000 0.750000
v -0.530330 1.500000 0.530330
v -0.750000 1.500000 0.000000
v -0.530330 1.500000 -0.530330
v -0.000000 1.500000 -0.750000
v 0.265165 1.750000 -0.265165
v 0.375000 1.750000 0.000000
v 0.265165 1.750000 0.265165
v -0.000000 1.750000 0.375000
v -0.265165 1.750000 0.265165
v -0.375000 1.750000 0.000000
v -0.265165 1.750000 -0.265165
v -0.000000 1.750000 -0.375000
v 0.795495 0.000000 -0.795495
v 1.125000 0.000000 0.000000
v 0.795495 0.000000 0.795495
v -0.000000 0.000000 1.125000
v -0.795495 0.000000 0.795495
v -1.125000 0.000000 0.000000
v -0.795495 0.000000 -0.795495
v -0.000000 0.000000 -1.125000
v -0.000000 0.000000 -0.875000
v -0.618719 0.000000 -0.618719
v -0.875000 0.000000 0.000000
v -0.618719 0.000000 0.618719
v -0.000000 0.000000 0.875000
v 0.618718 0.000000 0.618718
v 0.875000 0.000000 0.000000
v 0.618718 0.000000 -0.618718
v -0.000000 1.500000 0.000000
v -0.375000 2.565118 -1.119303
v -0.265165 2.519072 -0.858166
v -0.000000 2.500000 -0.750000
v 0.265165 2.519072 -0.858166
v 0.375000 2.565118 -1.119303
v 0.265165 2.611163 -1.380439
v -0.000000 2.630236 -1.488606
v -0.265165 2.611163 -1.380440
v -0.375000 2.072714 -1.206127
v -0.265165 2.026669 -0.944990
v -0.000000 2.007596 -0.836824
v 0.265165 2.026669 -0.944990
v 0.375000 2.072714 -1.206127
v 0.265165 2.118759 -1.467263
v -0.000000 2.137832 -1.575430
v -0.265165 2.118759 -1.467263
v -0.250000 1.949613 -1.227833
v -0.176777 1.918916 -1.053742
v -0.000000 1.906201 -0.981631
v 0.176777 1.918916 -1.053742
v 0.250000 1.949613 -1.227833
v 0.176777 1.980310 -1.401924
v -0.000000 1.993025 -1.474035
v -0.176777 1.980310 -1.401924
v -0.375000 1.703411 -1.271245
v -0.265165 1.657366 -1.010108
v -0.000000 1.638293 -0.901942
v 0.265165 1.657366 -1.010108
v 0.375000 1.703411 -1.271245
v 0.265165 1.749457 -1.532382
v -0.000000 1.768529 -1.640548
v -0.265165 1.749457 -1.532382
v -0.500000 1.334108 -1.336363
v -0.353553 1.272714 -0.988181
v -0.000000 1.247284 -0.843959
v 0.353553 1.272714 -0.988181
v 0.500000 1.334108 -1.336363
v 0.353553 1.395502 -1.684545
v -0.000000 1.420932 -1.828767
v -0.353554 1.395502 -1.684545
v -0.375000 1.334108 -1.336363
v -0.265165 1.288063 -1.075227
v -0.000000 1.268990 -0.967060
v 0.265165 1.288063 -1.075227
v 0.375000 1.334108 -1.336363
v 0.265165 1.380154 -1.597500
v -0.000000 1.399226 -1.705666
v -0.265165 1.380154 -1.597500
v -0.000000 1.826512 -1.249539
v 0.375000 2.565118 1.119303
v 0.265165 2.519072 0.858166
v 0.000000 2.500000 0.750000
v -0.265165 2.519072 0.858166
v -0.375000 2.565118 1.119303
v -0.265165 2.611163 1.380439
v 0.000000 2.630236 1.488606
v 0.265165 2.611163 1.380440
v 0.375000 2.072714 1.206127
v 0.265165 2.026669 0.944990
v 0.000000 2.007596 0.836824
v -0.265165 2.026669 0.944990
v -0.375000 2.072714 1.206127
v -0.265165 2.118759 1.467263
v 0.000000 2.137832 1.575430
v 0.265165 2.118759 1.467263
v 0.250000 1.949613 1.227833
v 0.176777 1.918916 1.053742
v 0.000000 1.906201 0.981631
v -0.176777 1.918916 1.053742
v -0.250000 1.949613 1.227833
v -0.176776 1.980310 1.401924
v 0.000000 1.993025 1.474035
v 0.176777 1.980310 1.401924
v 0.375000 1.703411 1.271245
v 0.265165 1.657366 1.010108
v 0.000000 1.638293 0.901942
v -0.265165 1.657366 1.010108
v -0.375000 1.703411 1.271245
v -0.265165 1.749457 1.532382
v 0.000000 1.768529 1.640548
v 0.265165 1.749457 1.532382
v 0.500000 1.334108 1.336363
v 0.353554 1.272714 0.988181
v 0.000000 1.247284 0.843959
v -0.353553 1.272714 0.988181
v -0.500000 1.334108 1.336363
v -0.353553 1.395502 1.684545
v 0.000000 1.420932 1.828767
v 0.353554 1.395502 1.684545
v 0.375000 1.334108 1.336363
v 0.265165 1.288063 1.075227
v 0.000000 1.268990 0.967060
v -0.265165 1.288063 1.075227
v -0.375000 1.334108 1.336363
v -0.265165 1.380154 1.597500
v 0.000000 1.399226 1.705666
v 0.265165 1.380154 1.597500
v 0.000000 1.826512 1.249539
v -1.119303 2.565118 0.375000
v -0.858166 2.519072 0.265165
v -0.750000 2.500000 0.000000
v -0.858166 2.519072 -0.265165
v -1.119303 2.565118 -0.375000
v -1.380439 2.611163 -0.265165
v -1.488606 2.630236 0.000000
v -1.380440 2.611163 0.265165
v -1.206127 2.072714 0.375000
v -0.944990 2.026668 0.265165
v -0.836824 2.007596 0.000000
v -0.944990 2.026668 -0.265165
v -1.206127 2.072714 -0.375000
v -1.467263 2.118759 -0.265165
v -1.575430 2.137832 0.000000
v -1.467263 2.118759 0.265165
v -1.227833 1.949613 0.250000
v -1.053742 1.918916 0.176777
v -0.981631 1.906201 0.000000
v -1.053742 1.918916 -0.176777
v -1.227833 1.949613 -0.250000
v -1.401924 1.980310 -0.176776
v -1.474035 1.993025 0.000000
v -1.401924 1.980310 0.176777
v -1.271245 1.703411 0.375000
v -1.010108 1.657366 0.265165
v -0.901942 1.638293 0.000000
v -1.010108 1.657366 -0.265165
v -1.271245 1.703411 -0.375000
v -1.532382 1.749457 -0.265165
v -1.640548 1.768529 0.000000
v -1.532382 1.749457 0.265165
v -1.336363 1.334108 0.500000
v -0.988181 1.272714 0.353553
v -0.843959 1.247284 0.000000
v -0.988181 1.272714 -0.353553
v -1.336363 1.334108 -0.500000
v -1.684545 1.395502 -0.353553
v -1.828767 1.420932 0.000000
v -1.684545 1.395502 0.353554
v -1.336363 1.334108 0.375000
v -1.075227 1.288063 0.265165
v -0.967060 1.268990 0.000000
v -1.075227 1.288063 -0.265165
v -1.336363 1.334108 -0.375000
v -1.597500 1.380154 -0.265165
v -1.705666 1.399226 0.000000
v -1.597500 1.380154 0.265165
v -1.249539 1.826512 0.000000
v 1.119303 2.565118 -0.375000
v 0.858166 2.519072 -0.265165
v 0.750000 2.500000 -0.000000
v 0.858166 2.519072 0.265165
v 1.119303 2.565118 0.375000
v 1.380439 2.611163 0.265165
v 1.488606 2.630236 -0.000000
v 1.380440 2.611163 -0.265165
v 1.206127 2.072714 -0.375000
v 0.944990 2.026668 -0.265165
v 0.836824 2.007596 -0.000000
v 0.944990 2.026668 0.265165
v 1.206127 2.072714 0.375000
v 1.467263 2.118759 0.265165
v 1.575430 2.137832 -0.000000
v 1.467263 2.118759 -0.265165
v 1.227833 1.949613 -0.250000
v 1.053742 1.918916 -0.176777
v 0.981631 1.906201 -0.000000
v 1.053742 1.918916 0.176777
v 1.227833 1.949613 0.250000
v 1.401924 1.980310 0.176776
v 1.474035 1.993025 -0.000000
v 1.401924 1.980310 -0.176777
v 1.271245 1.703411 -0.375000
v 1.010108 1.657366 -0.265165
v 0.901942 1.638293 -0.000000
v 1.010108 1.657366 0.265165
v 1.271245 1.703411 0.375000
v 1.532382 1.749457 0.265165
v 1.640548 1.768529 -0.000000
v 1.532382 1.749457 -0.265165
v 1.336363 1.334108 -0.500000
v 0.988181 1.272714 -0.353554
v 0.843959 1.247284 -0.000000
v 0.988181 1.272714 0.353553
v 1.336363 1.334108 0.500000
v 1.684545 1.395502 0.353553
v 1.828767 1.420932 -0.000000
v 1.684545 1.395502 -0.353554
v 1.336363 1.334108 -0.375000
v 1.075227 1.288063 -0.265165
v 0.967060 1.268990 -0.000000
v 1.075227 1.288063 0.265165
v 1.336363 1.334108 0.375000
v 1.597500 1.380154 0.265165
v 1.705666 1.399226 -0.000000
v 1.597500 1.380154 -0.265165
v 1.249539 1.826512 -0.000000
v -1.056632 2.565118 -0.526301
v -0.794315 2.519072 -0.419315
v -0.530330 2.500000 -0.530330
v -0.419315 2.519072 -0.794315
v -0.526302 2.565118 -1.056631
v -0.788618 2.611163 -1.163618
v -1.052603 2.630236 -1.052603
v -1.163618 2.611163 -0.788618
v -1.118026 2.072714 -0.587695
v -0.855709 2.026669 -0.480709
v -0.591724 2.007596 -0.591724
v -0.480709 2.026669 -0.855709
v -0.587696 2.072714 -1.118025
v -0.850012 2.118759 -1.225012
v -1.113997 2.137832 -1.113997
v -1.225012 2.118759 -0.850012
v -1.044986 1.949613 -0.691432
v -0.870108 1.918916 -0.620108
v -0.694118 1.906201 -0.694118
v -0.620108 1.918916 -0.870108
v -0.691432 1.949613 -1.044986
v -0.866310 1.980310 -1.116310
v -1.042300 1.993025 -1.042300
v -1.116310 1.980310 -0.866310
v -1.164071 1.703411 -0.633741
v -0.901755 1.657366 -0.526754
v -0.637770 1.638293 -0.637769
v -0.526755 1.657366 -0.901754
v -0.633741 1.703411 -1.164071
v -0.896057 1.749457 -1.271057
v -1.160043 1.768529 -1.160043
v -1.271057 1.749457 -0.896057
v -1.298505 1.334108 -0.591398
v -0.948750 1.272714 -0.448750
v -0.596769 1.247284 -0.596769
v -0.448750 1.272714 -0.948749
v -0.591398 1.334108 -1.298505
v -0.941154 1.395502 -1.441153
v -1.293133 1.420932 -1.293133
v -1.441154 1.395502 -0.941153
v -1.210116 1.334108 -0.679786
v -0.947800 1.288063 -0.572800
v -0.683815 1.268990 -0.683815
v -0.572800 1.288063 -0.947800
v -0.679786 1.334108 -1.210116
v -0.942103 1.380154 -1.317103
v -1.206088 1.399226 -1.206088
v -1.317103 1.380154 -0.942103
v -0.883557 1.826512 -0.883557
v 1.056632 2.565118 0.526301
v 0.794315 2.519072 0.419315
v 0.530330 2.500000 0.530330
v 0.419315 2.519072 0.794315
v 0.526302 2.565118 1.056631
v 0.788618 2.611163 1.163618
v 1.052603 2.630236 1.052603
v 1.163618 2.611163 0.788618
v 1.118026 2.072714 0.587695
v 0.855709 2.026669 0.480709
v 0.591724 2.007596 0.591724
v 0.480709 2.026669 0.855709
v 0.587696 2.072714 1.118025
v 0.850012 2.118759 1.225012
v 1.113997 2.137832 1.113997
v 1.225012 2.118759 0.850012
v 1.044986 1.949613 0.691432
v 0.870108 1.918916 0.620108
v 0.694118 1.906201 0.694118
v 0.620108 1.918916 0.870108
v 0.691432 1.949613 1.044985
v 0.866310 1.980310 1.116310
v 1.042300 1.993025 1.042300
v 1.116310 1.980310 0.866310
v 1.164071 1.703411 0.633741
v 0.901755 1.657366 0.526754
v 0.637770 1.638293 0.637769
v 0.526755 1.657366 0.901754
v 0.633741 1.703411 1.164071
v 0.896057 1.749457 1.271057
v 1.160043 1.768529 1.160042
v 1.271058 1.749457 0.896057
v 1.298505 1.334108 0.591398
v 0.948750 1.272714 0.448749
v 0.596769 1.247284 0.596769
v 0.448750 1.272714 0.948749
v 0.591398 1.334108 1.298505
v 0.941154 1.395502 1.441153
v 1.293134 1.420932 1.293133
v 1.441154 1.395502 0.941153
v 1.210117 1.334108 0.679786
v 0.947800 1.288063 0.572800
v 0.683815 1.268990 0.683815
v 0.572800 1.288063 0.947800
v 0.679786 1.334108 1.210116
v 0.942103 1.380154 1.317103
v 1.206088 1.399226 1.206088
v 1.317103 1.380154 0.942103
v 0.883558 1.826512 0.883557
v -0.526301 2.565118 1.056632
v -0.419315 2.519072 0.794315
v -0.530330 2.500000 0.530330
v -0.794315 2.519072 0.419315
v -1.056631 2.565118 0.526302
v -1.163618 2.611163 0.788618
v -1.052603 2.630236 1.052603
v -0.788618 2.611163 1.163618
v -0.587695 2.072714 1.118026
v -0.480709 2.026668 0.855709
v -0.591724 2.007596 0.591724
v -0.855709 2.026668 0.480709
v -1.118025 2.072714 0.587696
v -1.225012 2.118759 0.850012
v -1.113997 2.137832 1.113997
v -0.850012 2.118759 1.225012
v -0.691432 1.949613 1.044986
v -0.620108 1.918916 0.870108
v -0.694118 1.906201 0.694118
v -0.870108 1.918916 0.620108
v -1.044985 1.949613 0.691432
v -1.116310 1.980310 0.866310
v -1.042300 1.993025 1.042300
v -0.866310 1.980310 1.116310
v -0.633741 1.703411 1.164071
v -0.526754 1.657366 0.901755
v -0.637769 1.638293 0.637770
v -0.901754 1.657366 0.526755
v -1.164071 1.703411 0.633741
v -1.271057 1.749457 0.896057
v -1.160043 1.768529 1.160043
v -0.896057 1.749457 1.271057
v -0.591398 1.334108 1.298505
v -0.448750 1.272714 0.948750
v -0.596769 1.247284 0.596769
v -0.948749 1.272714 0.448750
v -1.298505 1.334108 0.591398
v -1.441153 1.395502 0.941154
v -1.293133 1.420932 1.293133
v -0.941153 1.395502 1.441154
v -0.679786 1.334108 1.210116
v -0.572800 1.288063 0.947800
v -0.683815 1.268990 0.683815
v -0.947800 1.288063 0.572800
v -1.210116 1.334108 0.679786
v -1.317103 1.380154 0.942103
v -1.206088 1.399226 1.206088
v -0.942103 1.380154 1.317103
v -0.883557 1.826512 0.883557
v 0.526301 2.565118 -1.056632
v 0.419315 2.519072 -0.794315
v 0.530330 2.500000 -0.530330
v 0.794315 2.519072 -0.419315
v 1.056631 2.565118 -0.526302
v 1.163618 2.611163 -0.788618
v 1.052603 2.630236 -1.052603
v 0.788618 2.611163 -1.163618
v 0.587695 2.072714 -1.118026
v 0.480709 2.026668 -0.855709
v 0.591724 2.007596 -0.591724
v 0.855709 2.026668 -0.480709
v 1.118025 2.072714 -0.587696
v 1.225012 2.118759 -0.850012
v 1.113997 2.137832 -1.113997
v 0.850012 2.118759 -1.225012
v 0.691432 1.949613 -1.044986
v 0.620108 1.918916 -0.870108
v 0.694118 1.906201 -0.694118
v 0.870108 1.918916 -0.620108
v 1.044985 1.949613 -0.691432
v 1.116310 1.980310 -0.866310
v 1.042300 1.993025 -1.042300
v 0.866310 1.980310 -1.116310
v 0.633741 1.703411 -1.164071
v 0.526754 1.657366 -0.901755
v 0.637769 1.638293 -0.637770
v 0.901754 1.657366 -0.526755
v 1.164071 1.703411 -0.633741
v 1.271057 1.749457 -0.896057
v 1.160042 1.768529 -1.160043
v 0.896057 1.749457 -1.271058
v 0.591398 1.334108 -1.298505
v 0.448749 1.272714 -0.948750
v 0.596769 1.247284 -0.596769
v 0.948749 1.272714 -0.448750
v 1.298505 1.334108 -0.591398
v 1.441153 1.395502 -0.941154
v 1.293133 1.420932 -1.293134
v 0.941153 1.395502 -1.441154
v 0.679786 1.334108 -1.210117
v 0.572800 1.288063 -0.947800
v 0.683815 1.268990 -0.683815
v 0.947800 1.288063 -0.572800
v 1.210116 1.334108 -0.679787
v 1.317103 1.380154 -0.942103
v 1.206088 1.399226 -1.206088
v 0.942103 1.380154 -1.317103
v 0.883557 1.826512 -0.883558
vt 0.000000 0.034286
vt 0.044643 0.022857
vt 0.049107 0.034286
vt 0.093750 0.022857
vt 0.098214 0.034286
vt 0.142857 0.022857
vt 0.147321 0.034286
vt 0.191964 0.022857
vt 0.196429 0.034286
vt 0.200893 0.022857
vt 0.245536 0.034286
vt 0.250000 0.022857
vt 0.294643 0.034286
vt 0.299107 0.022857
vt 0.343750 0.034286
vt 0.348214 0.022857
vt 0.392857 0.034286
vt 0.437500 0.022857
vt 0.441964 0.034286
vt 0.486607 0.022857
vt 0.491071 0.034286
vt 0.535714 0.022857
vt 0.540179 0.034286
vt 0.544643 0.022857
vt 0.589286 0.034286
vt 0.593750 0.022857
vt 0.638393 0.034286
vt 0.683036 0.022857
vt 0.687500 0.034286
vt 0.732143 0.022857
vt 0.736607 0.034286
vt 0.781250 0.022857
vt 0.785714 0.034286
vt 0.817103 0.117054
vt 0.817102 0.020089
vt 0.968612 0.020088
vt 0.888393 0.317143
vt 0.866071 0.311429
vt 0.883929 0.311429
vt 0.647321 0.317143
vt 0.669643 0.311429
vt 0.674107 0.317143
vt 0.745536 0.317143
vt 0.723214 0.311429
vt 0.741071 0.311429
vt 0.790179 0.317143
vt 0.812500 0.311429
vt 0.816964 0.317143
vt 0.924107 0.317143
vt 0.901786 0.311429
vt 0.919643 0.311429
vt 0.683036 0.317143
vt 0.705357 0.311429
vt 0.709821 0.317143
vt 0.781250 0.317143
vt 0.758929 0.311429
vt 0.776786 0.311429
vt 0.825893 0.317143
vt 0.848214 0.311429
vt 0.852679 0.317143
vt 0.647321 0.437143
vt 0.705357 0.448571
vt 0.642857 0.448571
vt 0.647321 0.437143
vt 0.705357 0.448571
vt 0.642857 0.448571
vt 0.647321 0.437143
vt 0.705357 0.448571
vt 0.642857 0.448571
vt 0.642857 0.448571
vt 0.700893 0.437143
vt 0.705357 0.448571
vt 0.642857 0.448571
vt 0.700893 0.437143
vt 0.705357 0.448571
vt 0.647321 0.437143
vt 0.705357 0.448571
vt 0.642857 0.448571
vt 0.642857 0.448571
vt 0.700893 0.437143
vt 0.705357 0.448571
vt 0.647321 0.437143
vt 0.705357 0.448571
vt 0.642857 0.448571
vt 0.787946 0.245714
vt 0.812500 0.251429
vt 0.785714 0.251429
vt 0.787946 0.245714
vt 0.812500 0.251429
vt 0.785714 0.251429
vt 0.785714 0.251429
vt 0.810268 0.245714
vt 0.812500 0.251429
vt 0.785714 0.251429
vt 0.810268 0.245714
vt 0.812500 0.251429
vt 0.787946 0.245714
vt 0.812500 0.251429
vt 0.785714 0.251429
vt 0.787946 0.245714
vt 0.812500 0.251429
vt 0.785714 0.251429
vt 0.785714 0.251429
vt 0.810268 0.245714
vt 0.812500 0.251429
vt 0.785714 0.251429
vt 0.810268 0.245714
vt 0.812500 0.251429
vt 0.787946 0.245714
vt 0.812500 0.251429
vt 0.785714 0.251429
vt 0.787946 0.245714
vt 0.812500 0.251429
vt 0.785714 0.251429
vt 0.785714 0.251429
vt 0.810268 0.245714
vt 0.812500 0.251429
vt 0.785714 0.251429
vt 0.810268 0.245714
vt 0.812500 0.251429
vt 0.787946 0.245714
vt 0.812500 0.251429
vt 0.785714 0.251429
vt 0.787946 0.245714
vt 0.812500 0.251429
vt 0.785714 0.251429
vt 0.787946 0.245714
vt 0.812500 0.251429
vt 0.785714 0.251429
vt 0.785714 0.251429
vt 0.810268 0.245714
vt 0.812500 0.251429
vt 0.787946 0.245714
vt 0.812500 0.251429
vt 0.785714 0.251429
vt 0.787946 0.245714
vt 0.812500 0.251429
vt 0.785714 0.251429
vt 0.785714 0.251429
vt 0.810268 0.245714
vt 0.812500 0.251429
vt 0.785714 0.251429
vt 0.810268 0.245714
vt 0.812500 0.251429
vt 0.787946 0.245714
vt 0.812500 0.251429
vt 0.785714 0.251429
vt 0.787946 0.245714
vt 0.812500 0.251429
vt 0.785714 0.251429
vt 0.787946 0.245714
vt 0.812500 0.251429
vt 0.785714 0.251429
vt 0.787946 0.245714
vt 0.812500 0.251429
vt 0.785714 0.251429
vt 0.787946 0.245714
vt 0.812500 0.251429
vt 0.785714 0.251429
vt 0.787946 0.245714
vt 0.812500 0.251429
vt 0.785714 0.251429
vt 0.785714 0.251429
vt 0.810268 0.245714
vt 0.812500 0.251429
vt 0.785714 0.251429
vt 0.810268 0.245714
vt 0.812500 0.251429
vt 0.785714 0.251429
vt 0.810268 0.245714
vt 0.812500 0.251429
vt 0.787946 0.245714
vt 0.812500 0.251429
vt 0.785714 0.251429
vt 0.785714 0.251429
vt 0.810268 0.245714
vt 0.812500 0.251429
vt 0.787946 0.245714
vt 0.812500 0.251429
vt 0.785714 0.251429
vt 0.785714 0.251429
vt 0.810268 0.245714
vt 0.812500 0.251429
vt 0.787946 0.245714
vt 0.812500 0.251429
vt 0.785714 0.251429
vt 0.785714 0.251429
vt 0.810268 0.245714
vt 0.812500 0.251429
vt 0.787946 0.245714
vt 0.812500 0.251429
vt 0.785714 0.251429
vt 0.785714 0.251429
vt 0.810268 0.245714
vt 0.812500 0.251429
vt 0.787946 0.245714
vt 0.812500 0.251429
vt 0.785714 0.251429
vt 0.787946 0.245714
vt 0.812500 0.251429
vt 0.785714 0.251429
vt 0.785714 0.251429
vt 0.810268 0.245714
vt 0.812500 0.251429
vt 0.785714 0.251429
vt 0.810268 0.245714
vt 0.812500 0.251429
vt 0.787946 0.245714
vt 0.812500 0.251429
vt 0.785714 0.251429
vt 0.787946 0.245714
vt 0.812500 0.251429
vt 0.785714 0.251429
vt 0.787946 0.245714
vt 0.812500 0.251429
vt 0.785714 0.251429
vt 0.787946 0.245714
vt 0.812500 0.251429
vt 0.785714 0.251429
vt 0.787946 0.245714
vt 0.812500 0.251429
vt 0.785714 0.251429
vt 0.787946 0.245714
vt 0.812500 0.251429
vt 0.785714 0.251429
vt 0.787946 0.245714
vt 0.812500 0.251429
vt 0.785714 0.251429
vt 0.785714 0.251429
vt 0.810268 0.245714
vt 0.812500 0.251429
vt 0.787946 0.245714
vt 0.812500 0.251429
vt 0.785714 0.251429
vt 0.785714 0.251429
vt 0.810268 0.245714
vt 0.812500 0.251429
vt 0.787946 0.245714
vt 0.812500 0.251429
vt 0.785714 0.251429
vt 0.785714 0.251429
vt 0.810268 0.245714
vt 0.812500 0.251429
vt 0.787946 0.245714
vt 0.812500 0.251429
vt 0.785714 0.251429
vt 0.787946 0.245714
vt 0.812500 0.251429
vt 0.785714 0.251429
vt 0.787946 0.245714
vt 0.812500 0.251429
vt 0.785714 0.251429
vt 0.785714 0.251429
vt 0.810268 0.245714
vt 0.812500 0.251429
vt 0.787946 0.245714
vt 0.812500 0.251429
vt 0.785714 0.251429
vt 0.785714 0.251429
vt 0.810268 0.245714
vt 0.812500 0.251429
vt 0.785714 0.251429
vt 0.810268 0.245714
vt 0.812500 0.251429
vt 0.787946 0.245714
vt 0.812500 0.251429
vt 0.785714 0.251429
vt 0.787946 0.245714
vt 0.812500 0.251429
vt 0.785714 0.251429
vt 0.787946 0.245714
vt 0.812500 0.251429
vt 0.785714 0.251429
vt 0.785714 0.251429
vt 0.810268 0.245714
vt 0.812500 0.251429
vt 0.004464 0.022857
vt 0.053571 0.022857
vt 0.102679 0.022857
vt 0.151786 0.022857
vt 0.241071 0.022857
vt 0.290179 0.022857
vt 0.339286 0.022857
vt 0.388393 0.022857
vt 0.397321 0.022857
vt 0.446429 0.022857
vt 0.495536 0.022857
vt 0.584821 0.022857
vt 0.633929 0.022857
vt 0.642857 0.022857
vt 0.691964 0.022857
vt 0.741071 0.022857
vt 0.991835 0.042333
vt 0.999990 0.068571
vt 0.991835 0.094810
vt 0.968612 0.117054
vt 0.933855 0.131917
vt 0.892857 0.137137
vt 0.851859 0.131917
vt 0.793879 0.094810
vt 0.785724 0.068571
vt 0.793879 0.042333
vt 0.851859 0.005225
vt 0.892857 0.000006
vt 0.933855 0.005225
vt 0.861607 0.317143
vt 0.651786 0.311429
vt 0.718750 0.317143
vt 0.794643 0.311429
vt 0.897321 0.317143
vt 0.687500 0.311429
vt 0.754464 0.317143
vt 0.830357 0.311429
vt 0.700893 0.437143
vt 0.700893 0.437143
vt 0.700893 0.437143
vt 0.647321 0.437143
vt 0.647321 0.437143
vt 0.700893 0.437143
vt 0.647321 0.437143
vt 0.700893 0.437143
vt 0.810268 0.245714
vt 0.810268 0.245714
vt 0.787946 0.245714
vt 0.787946 0.245714
vt 0.810268 0.245714
vt 0.810268 0.245714
vt 0.787946 0.245714
vt 0.787946 0.245714
vt 0.810268 0.245714
vt 0.810268 0.245714
vt 0.787946 0.245714
vt 0.787946 0.245714
vt 0.810268 0.245714
vt 0.810268 0.245714
vt 0.810268 0.245714
vt 0.787946 0.245714
vt 0.810268 0.245714
vt 0.810268 0.245714
vt 0.787946 0.245714
vt 0.787946 0.245714
vt 0.810268 0.245714
vt 0.810268 0.245714
vt 0.810268 0.245714
vt 0.810268 0.245714
vt 0.810268 0.245714
vt 0.810268 0.245714
vt 0.787946 0.245714
vt 0.787946 0.245714
vt 0.787946 0.245714
vt 0.810268 0.245714
vt 0.787946 0.245714
vt 0.810268 0.245714
vt 0.787946 0.245714
vt 0.810268 0.245714
vt 0.787946 0.245714
vt 0.810268 0.245714
vt 0.787946 0.245714
vt 0.810268 0.245714
vt 0.810268 0.245714
vt 0.787946 0.245714
vt 0.787946 0.245714
vt 0.810268 0.245714
vt 0.810268 0.245714
vt 0.810268 0.245714
vt 0.810268 0.245714
vt 0.810268 0.245714
vt 0.810268 0.245714
vt 0.810268 0.245714
vt 0.787946 0.245714
vt 0.810268 0.245714
vt 0.787946 0.245714
vt 0.810268 0.245714
vt 0.787946 0.245714
vt 0.810268 0.245714
vt 0.810268 0.245714
vt 0.810268 0.245714
vt 0.787946 0.245714
vt 0.810268 0.245714
vt 0.787946 0.245714
vt 0.787946 0.245714
vt 0.810268 0.245714
vt 0.810268 0.245714
vt 0.810268 0.245714
vt 0.787946 0.245714
vt 0.687500 0.285714
vt 0.294643 0.285714
vt 0.736607 0.285714
vt 0.343750 0.285714
vt 0.785714 0.285714
vt 0.392857 0.285714
vt 0.049107 0.285714
vt 0.441964 0.285714
vt 0.098214 0.285714
vt 0.491071 0.285714
vt 0.147321 0.285714
vt 0.540179 0.285714
vt 0.196429 0.285714
vt 0.638393 0.285714
vt 0.589286 0.285714
vt 0.245536 0.285714
vt 0.348214 0.311429
vt 0.437500 0.311429
vt 0.397321 0.311429
vt 0.446429 0.311429
vt 0.535714 0.311429
vt 0.495536 0.311429
vt 0.544643 0.311429
vt 0.593750 0.311429
vt 0.683036 0.311429
vt 0.642857 0.311429
vt 0.732143 0.311429
vt 0.691964 0.311429
vt 0.781250 0.311429
vt 0.741071 0.311429
vt 0.000000 0.285714
vt 0.044643 0.311429
vt 0.004464 0.311429
vt 0.053571 0.311429
vt 0.142857 0.311429
vt 0.102679 0.311429
vt 0.151786 0.311429
vt 0.200893 0.311429
vt 0.250000 0.311429
vt 0.299107 0.311429
vt 0.361607 0.311429
vt 0.321429 0.631429
vt 0.321429 0.311429
vt 0.080357 0.311429
vt 0.040179 0.631429
vt 0.040179 0.311429
vt 0.401786 0.311429
vt 0.361607 0.631429
vt 0.120536 0.311429
vt 0.080357 0.631429
vt 0.441964 0.311429
vt 0.401786 0.631429
vt 0.160714 0.311429
vt 0.120536 0.631429
vt 0.522321 0.311429
vt 0.482143 0.631429
vt 0.482143 0.311429
vt 0.441964 0.631429
vt 0.200893 0.311429
vt 0.160714 0.631429
vt 0.562500 0.311429
vt 0.522321 0.631429
vt 0.241071 0.311429
vt 0.200893 0.631429
vt 0.602679 0.311429
vt 0.562500 0.631429
vt 0.281250 0.311429
vt 0.241071 0.631429
vt 0.642857 0.311429
vt 0.602679 0.631429
vt 0.281250 0.631429
vt 0.000000 0.631429
vt 0.000000 0.311429
vt 0.348214 0.631429
vt 0.392857 0.657143
vt 0.343750 0.657143
vt 0.437500 0.631429
vt 0.397321 0.631429
vt 0.486607 0.631429
vt 0.441964 0.657143
vt 0.446429 0.631429
vt 0.535714 0.631429
vt 0.491071 0.657143
vt 0.495536 0.631429
vt 0.584821 0.631429
vt 0.540179 0.657143
vt 0.544643 0.631429
vt 0.593750 0.631429
vt 0.638393 0.657143
vt 0.589286 0.657143
vt 0.683036 0.631429
vt 0.642857 0.631429
vt 0.732143 0.631429
vt 0.687500 0.657143
vt 0.691964 0.631429
vt 0.781250 0.631429
vt 0.736607 0.657143
vt 0.741071 0.631429
vt 0.044643 0.631429
vt -0.000000 0.657143
vt 0.004464 0.631429
vt 0.093750 0.631429
vt 0.049107 0.657143
vt 0.053571 0.631429
vt 0.142857 0.631429
vt 0.098214 0.657143
vt 0.102679 0.631429
vt 0.191964 0.631429
vt 0.147321 0.657143
vt 0.151786 0.631429
vt 0.200893 0.631429
vt 0.245536 0.657143
vt 0.196429 0.657143
vt 0.290179 0.631429
vt 0.250000 0.631429
vt 0.299107 0.631429
vt 0.294643 0.657143
vt 0.589286 0.840000
vt 0.540179 0.840000
vt 0.196429 0.840000
vt 0.638393 0.840000
vt 0.245536 0.840000
vt 0.687500 0.840000
vt 0.294643 0.840000
vt 0.785714 0.657143
vt 0.736607 0.840000
vt 0.343750 0.840000
vt 0.000000 0.840000
vt 0.392857 0.840000
vt 0.049107 0.840000
vt 0.441964 0.840000
vt 0.098214 0.840000
vt 0.491071 0.840000
vt 0.147321 0.840000
vt 0.546875 0.908571
vt 0.595982 0.908571
vt 0.645089 0.908571
vt 0.301339 0.908571
vt 0.350446 0.908571
vt 0.399554 0.908571
vt 0.484375 0.908571
vt 0.448661 0.908571
vt 0.533482 0.908571
vt 0.497768 0.908571
vt 0.218750 1.000000
vt 0.200893 0.908571
vt 0.236607 0.908571
vt 0.238839 0.908571
vt 0.203125 0.908571
vt 0.694196 0.908571
vt 0.785714 0.840000
vt 0.743304 0.908571
vt 0.006696 0.908571
vt 0.055804 0.908571
vt 0.104911 0.908571
vt 0.154018 0.908571
vt 0.252232 0.908571
vt 0.169643 1.000000
vt 0.151786 0.908571
vt 0.187500 0.908571
vt 0.138393 0.908571
vt 0.120536 1.000000
vt 0.102679 0.908571
vt 0.053571 0.908571
vt 0.089286 0.908571
vt 0.071429 1.000000
vt 0.004464 0.908571
vt 0.040179 0.908571
vt 0.022321 1.000000
vt 0.741071 0.908571
vt 0.776786 0.908571
vt 0.758929 1.000000
vt 0.691964 0.908571
vt 0.727679 0.908571
vt 0.709821 1.000000
vt 0.642857 0.908571
vt 0.678571 0.908571
vt 0.660714 1.000000
vt 0.593750 0.908571
vt 0.629464 0.908571
vt 0.611607 1.000000
vt 0.544643 0.908571
vt 0.580357 0.908571
vt 0.562500 1.000000
vt 0.495536 0.908571
vt 0.531250 0.908571
vt 0.513393 1.000000
vt 0.446429 0.908571
vt 0.482143 0.908571
vt 0.464286 1.000000
vt 0.397321 0.908571
vt 0.433036 0.908571
vt 0.415179 1.000000
vt 0.348214 0.908571
vt 0.383929 0.908571
vt 0.366071 1.000000
vt 0.299107 0.908571
vt 0.334821 0.908571
vt 0.316964 1.000000
vt 0.267857 1.000000
vt 0.250000 0.908571
vt 0.285714 0.908571
vt 0.486607 -0.000000
vt 0.142857 -0.000000
vt 0.535714 -0.000000
vt 0.191964 -0.000000
vt 0.633929 -0.000000
vt 0.584821 -0.000000
vt 0.241071 -0.000000
vt 0.683036 -0.000000
vt 0.290179 0.000000
vt 0.732143 -0.000000
vt 0.339286 -0.000000
vt 0.781250 -0.000000
vt 0.388393 -0.000000
vt 0.044643 -0.000000
vt 0.437500 -0.000000
vt 0.093750 -0.000000
vt 0.678571 0.334286
vt 0.714286 0.357143
vt 0.678571 0.357143
vt 0.892857 0.334286
vt 0.928571 0.357143
vt 0.892857 0.357143
vt 0.785714 0.334286
vt 0.821429 0.357143
vt 0.785714 0.357143
vt 0.714286 0.334286
vt 0.750000 0.357143
vt 0.642857 0.334286
vt 0.642857 0.357143
vt 0.857143 0.334286
vt 0.857143 0.357143
vt 0.821429 0.334286
vt 0.750000 0.334286
vt 0.928571 0.334286
vt 0.662946 0.537143
vt 0.694196 0.517143
vt 0.685268 0.537143
vt 0.685268 0.537143
vt 0.654018 0.517143
vt 0.694196 0.517143
vt 0.662946 0.537143
vt 0.694196 0.517143
vt 0.685268 0.537143
vt 0.685268 0.537143
vt 0.654018 0.517143
vt 0.694196 0.517143
vt 0.685268 0.537143
vt 0.654018 0.517143
vt 0.694196 0.517143
vt 0.662946 0.537143
vt 0.694196 0.517143
vt 0.685268 0.537143
vt 0.662946 0.537143
vt 0.694196 0.517143
vt 0.685268 0.537143
vt 0.654018 0.517143
vt 0.685268 0.537143
vt 0.662946 0.537143
vt 0.654018 0.517143
vt 0.654018 0.517143
vt 0.694196 0.517143
vt 0.654018 0.517143
vt 0.654018 0.517143
vt 0.674107 0.357143
vt 0.875000 0.311429
vt 0.852679 0.288571
vt 0.875000 0.288571
vt 0.808036 0.311429
vt 0.830357 0.288571
vt 0.830357 0.311429
vt 0.964286 0.311429
vt 0.941964 0.288571
vt 0.964286 0.288571
vt 0.897321 0.288571
vt 0.897321 0.311429
vt 0.852679 0.311429
vt 0.785714 0.311429
vt 0.808036 0.288571
vt 0.941964 0.311429
vt 0.919643 0.288571
vt 0.919643 0.311429
vt 0.812500 0.280000
vt 0.834821 0.280000
vt 0.857143 0.280000
vt 0.892857 0.280000
vt 0.915179 0.280000
vt 0.937500 0.280000
vt 0.959821 0.280000
vt 0.790179 0.280000
vt 0.785714 0.288571
vt 0.785714 0.268571
vt 0.803571 0.280000
vt 0.790179 0.280000
vt 0.790179 0.280000
vt 0.808036 0.268571
vt 0.803571 0.280000
vt 0.785714 0.268571
vt 0.803571 0.280000
vt 0.790179 0.280000
vt 0.790179 0.280000
vt 0.808036 0.268571
vt 0.803571 0.280000
vt 0.790179 0.280000
vt 0.808036 0.268571
vt 0.803571 0.280000
vt 0.785714 0.268571
vt 0.803571 0.280000
vt 0.790179 0.280000
vt 0.785714 0.268571
vt 0.803571 0.280000
vt 0.785714 0.268571
vt 0.803571 0.280000
vt 0.790179 0.280000
vt 0.810268 0.268571
vt 0.787946 0.268571
vt 0.810268 0.268571
vt 0.787946 0.268571
vt 0.810268 0.268571
vt 0.787946 0.268571
vt 0.810268 0.268571
vt 0.787946 0.268571
vt 0.787946 0.268571
vt 0.810268 0.268571
vt 0.810268 0.268571
vt 0.787946 0.268571
vt 0.810268 0.268571
vt 0.787946 0.268571
vt 0.810268 0.268571
vt 0.787946 0.268571
vt 0.808036 0.245714
vt 0.785714 0.245714
vt 0.796875 0.217143
vt 0.808036 0.245714
vt 0.785714 0.245714
vt 0.808036 0.245714
vt 0.785714 0.245714
vt 0.808036 0.245714
vt 0.785714 0.245714
vt 0.808036 0.245714
vt 0.785714 0.245714
vt 0.808036 0.245714
vt 0.785714 0.245714
vt 0.808036 0.245714
vt 0.785714 0.245714
vt 0.808036 0.245714
vt 0.785714 0.245714
vt 0.875000 0.311429
vt 0.852679 0.288571
vt 0.875000 0.288571
vt 0.808036 0.311429
vt 0.830357 0.288571
vt 0.830357 0.311429
vt 0.941964 0.311429
vt 0.964286 0.288571
vt 0.964286 0.311429
vt 0.897321 0.288571
vt 0.897321 0.311429
vt 0.852679 0.311429
vt 0.785714 0.311429
vt 0.808036 0.288571
vt 0.919643 0.288571
vt 0.941964 0.288571
vt 0.919643 0.311429
vt 0.812500 0.280000
vt 0.848214 0.280000
vt 0.857143 0.280000
vt 0.879464 0.280000
vt 0.901786 0.280000
vt 0.924107 0.280000
vt 0.959821 0.280000
vt 0.790179 0.280000
vt 0.785714 0.288571
vt 0.790179 0.280000
vt 0.808036 0.268571
vt 0.803571 0.280000
vt 0.790179 0.280000
vt 0.808036 0.268571
vt 0.803571 0.280000
vt 0.785714 0.268571
vt 0.803571 0.280000
vt 0.790179 0.280000
vt 0.790179 0.280000
vt 0.808036 0.268571
vt 0.803571 0.280000
vt 0.790179 0.280000
vt 0.808036 0.268571
vt 0.803571 0.280000
vt 0.790179 0.280000
vt 0.808036 0.268571
vt 0.803571 0.280000
vt 0.785714 0.268571
vt 0.803571 0.280000
vt 0.785714 0.268571
vt 0.803571 0.280000
vt 0.790179 0.280000
vt 0.810268 0.268571
vt 0.787946 0.268571
vt 0.810268 0.268571
vt 0.787946 0.268571
vt 0.810268 0.268571
vt 0.787946 0.268571
vt 0.810268 0.268571
vt 0.787946 0.268571
vt 0.787946 0.268571
vt 0.810268 0.268571
vt 0.787946 0.268571
vt 0.810268 0.268571
vt 0.810268 0.268571
vt 0.787946 0.268571
vt 0.810268 0.268571
vt 0.787946 0.268571
vt 0.808036 0.245714
vt 0.785714 0.245714
vt 0.796875 0.217143
vt 0.808036 0.245714
vt 0.785714 0.245714
vt 0.808036 0.245714
vt 0.785714 0.245714
vt 0.808036 0.245714
vt 0.785714 0.245714
vt 0.808036 0.245714
vt 0.785714 0.245714
vt 0.808036 0.245714
vt 0.785714 0.245714
vt 0.808036 0.245714
vt 0.785714 0.245714
vt 0.808036 0.245714
vt 0.785714 0.245714
vt 0.875000 0.311429
vt 0.852679 0.288571
vt 0.875000 0.288571
vt 0.808036 0.311429
vt 0.830357 0.288571
vt 0.830357 0.311429
vt 0.964286 0.311429
vt 0.941964 0.288571
vt 0.964286 0.288571
vt 0.897321 0.288571
vt 0.897321 0.311429
vt 0.852679 0.311429
vt 0.785714 0.311429
vt 0.808036 0.288571
vt 0.941964 0.311429
vt 0.919643 0.288571
vt 0.919643 0.311429
vt 0.812500 0.280000
vt 0.834821 0.280000
vt 0.857143 0.280000
vt 0.879464 0.280000
vt 0.915179 0.280000
vt 0.924107 0.280000
vt 0.959821 0.280000
vt 0.790179 0.280000
vt 0.785714 0.288571
vt 0.785714 0.268571
vt 0.803571 0.280000
vt 0.790179 0.280000
vt 0.790179 0.280000
vt 0.808036 0.268571
vt 0.803571 0.280000
vt 0.785714 0.268571
vt 0.803571 0.280000
vt 0.790179 0.280000
vt 0.790179 0.280000
vt 0.808036 0.268571
vt 0.803571 0.280000
vt 0.790179 0.280000
vt 0.808036 0.268571
vt 0.803571 0.280000
vt 0.790179 0.280000
vt 0.808036 0.268571
vt 0.803571 0.280000
vt 0.785714 0.268571
vt 0.803571 0.280000
vt 0.785714 0.268571
vt 0.803571 0.280000
vt 0.790179 0.280000
vt 0.810268 0.268571
vt 0.787946 0.268571
vt 0.787946 0.268571
vt 0.810268 0.268571
vt 0.810268 0.268571
vt 0.787946 0.268571
vt 0.787946 0.268571
vt 0.810268 0.268571
vt 0.787946 0.268571
vt 0.810268 0.268571
vt 0.810268 0.268571
vt 0.787946 0.268571
vt 0.810268 0.268571
vt 0.787946 0.268571
vt 0.810268 0.268571
vt 0.787946 0.268571
vt 0.808036 0.245714
vt 0.785714 0.245714
vt 0.796875 0.217143
vt 0.808036 0.245714
vt 0.785714 0.245714
vt 0.808036 0.245714
vt 0.785714 0.245714
vt 0.808036 0.245714
vt 0.785714 0.245714
vt 0.808036 0.245714
vt 0.785714 0.245714
vt 0.808036 0.245714
vt 0.785714 0.245714
vt 0.808036 0.245714
vt 0.785714 0.245714
vt 0.808036 0.245714
vt 0.785714 0.245714
vt 0.875000 0.311429
vt 0.852679 0.288571
vt 0.875000 0.288571
vt 0.808036 0.311429
vt 0.830357 0.288571
vt 0.830357 0.311429
vt 0.941964 0.311429
vt 0.964286 0.288571
vt 0.964286 0.311429
vt 0.897321 0.288571
vt 0.897321 0.311429
vt 0.852679 0.311429
vt 0.785714 0.311429
vt 0.808036 0.288571
vt 0.919643 0.288571
vt 0.941964 0.288571
vt 0.919643 0.311429
vt 0.812500 0.280000
vt 0.834821 0.280000
vt 0.857143 0.280000
vt 0.879464 0.280000
vt 0.901786 0.280000
vt 0.924107 0.280000
vt 0.959821 0.280000
vt 0.790179 0.280000
vt 0.785714 0.288571
vt 0.785714 0.268571
vt 0.803571 0.280000
vt 0.790179 0.280000
vt 0.790179 0.280000
vt 0.808036 0.268571
vt 0.803571 0.280000
vt 0.785714 0.268571
vt 0.803571 0.280000
vt 0.790179 0.280000
vt 0.790179 0.280000
vt 0.808036 0.268571
vt 0.803571 0.280000
vt 0.790179 0.280000
vt 0.808036 0.268571
vt 0.803571 0.280000
vt 0.790179 0.280000
vt 0.808036 0.268571
vt 0.803571 0.280000
vt 0.785714 0.268571
vt 0.803571 0.280000
vt 0.785714 0.268571
vt 0.803571 0.280000
vt 0.790179 0.280000
vt 0.787946 0.268571
vt 0.810268 0.268571
vt 0.810268 0.268571
vt 0.787946 0.268571
vt 0.810268 0.268571
vt 0.787946 0.268571
vt 0.787946 0.268571
vt 0.810268 0.268571
vt 0.810268 0.268571
vt 0.787946 0.268571
vt 0.810268 0.268571
vt 0.787946 0.268571
vt 0.810268 0.268571
vt 0.787946 0.268571
vt 0.810268 0.268571
vt 0.787946 0.268571
vt 0.808036 0.245714
vt 0.785714 0.245714
vt 0.796875 0.217143
vt 0.808036 0.245714
vt 0.785714 0.245714
vt 0.808036 0.245714
vt 0.785714 0.245714
vt 0.808036 0.245714
vt 0.785714 0.245714
vt 0.808036 0.245714
vt 0.785714 0.245714
vt 0.808036 0.245714
vt 0.785714 0.245714
vt 0.808036 0.245714
vt 0.785714 0.245714
vt 0.808036 0.245714
vt 0.785714 0.245714
vt 0.875000 0.311429
vt 0.852679 0.288571
vt 0.875000 0.288571
vt 0.808036 0.311429
vt 0.830357 0.288571
vt 0.830357 0.311429
vt 0.964286 0.311429
vt 0.941964 0.288571
vt 0.964286 0.288571
vt 0.897321 0.288571
vt 0.897321 0.311429
vt 0.852679 0.311429
vt 0.785714 0.311429
vt 0.808036 0.288571
vt 0.941964 0.311429
vt 0.919643 0.288571
vt 0.919643 0.311429
vt 0.825893 0.280000
vt 0.834821 0.280000
vt 0.857143 0.280000
vt 0.879464 0.280000
vt 0.901786 0.280000
vt 0.924107 0.280000
vt 0.959821 0.280000
vt 0.790179 0.280000
vt 0.785714 0.288571
vt 0.785714 0.268571
vt 0.803571 0.280000
vt 0.790179 0.280000
vt 0.790179 0.280000
vt 0.808036 0.268571
vt 0.803571 0.280000
vt 0.785714 0.268571
vt 0.803571 0.280000
vt 0.790179 0.280000
vt 0.790179 0.280000
vt 0.808036 0.268571
vt 0.803571 0.280000
vt 0.785714 0.268571
vt 0.803571 0.280000
vt 0.790179 0.280000
vt 0.790179 0.280000
vt 0.808036 0.268571
vt 0.803571 0.280000
vt 0.785714 0.268571
vt 0.803571 0.280000
vt 0.785714 0.268571
vt 0.803571 0.280000
vt 0.790179 0.280000
vt 0.810268 0.268571
vt 0.787946 0.268571
vt 0.787946 0.268571
vt 0.810268 0.268571
vt 0.810268 0.268571
vt 0.787946 0.268571
vt 0.810268 0.268571
vt 0.787946 0.268571
vt 0.810268 0.268571
vt 0.787946 0.268571
vt 0.810268 0.268571
vt 0.787946 0.268571
vt 0.810268 0.268571
vt 0.787946 0.268571
vt 0.810268 0.268571
vt 0.787946 0.268571
vt 0.808036 0.245714
vt 0.785714 0.245714
vt 0.796875 0.217143
vt 0.808036 0.245714
vt 0.785714 0.245714
vt 0.808036 0.245714
vt 0.785714 0.245714
vt 0.808036 0.245714
vt 0.785714 0.245714
vt 0.808036 0.245714
vt 0.785714 0.245714
vt 0.808036 0.245714
vt 0.785714 0.245714
vt 0.808036 0.245714
vt 0.785714 0.245714
vt 0.808036 0.245714
vt 0.785714 0.245714
vt 0.875000 0.311429
vt 0.852679 0.288571
vt 0.875000 0.288571
vt 0.808036 0.311429
vt 0.830357 0.288571
vt 0.830357 0.311429
vt 0.941964 0.311429
vt 0.964286 0.288571
vt 0.964286 0.311429
vt 0.897321 0.288571
vt 0.897321 0.311429
vt 0.852679 0.311429
vt 0.785714 0.311429
vt 0.808036 0.288571
vt 0.919643 0.288571
vt 0.941964 0.288571
vt 0.919643 0.311429
vt 0.825893 0.280000
vt 0.834821 0.280000
vt 0.857143 0.280000
vt 0.892857 0.280000
vt 0.915179 0.280000
vt 0.924107 0.280000
vt 0.959821 0.280000
vt 0.790179 0.280000
vt 0.785714 0.288571
vt 0.785714 0.268571
vt 0.803571 0.280000
vt 0.790179 0.280000
vt 0.785714 0.268571
vt 0.803571 0.280000
vt 0.790179 0.280000
vt 0.785714 0.268571
vt 0.803571 0.280000
vt 0.790179 0.280000
vt 0.790179 0.280000
vt 0.808036 0.268571
vt 0.803571 0.280000
vt 0.790179 0.280000
vt 0.808036 0.268571
vt 0.803571 0.280000
vt 0.790179 0.280000
vt 0.808036 0.268571
vt 0.803571 0.280000
vt 0.785714 0.268571
vt 0.803571 0.280000
vt 0.785714 0.268571
vt 0.803571 0.280000
vt 0.790179 0.280000
vt 0.810268 0.268571
vt 0.787946 0.268571
vt 0.810268 0.268571
vt 0.787946 0.268571
vt 0.810268 0.268571
vt 0.787946 0.268571
vt 0.810268 0.268571
vt 0.787946 0.268571
vt 0.787946 0.268571
vt 0.810268 0.268571
vt 0.787946 0.268571
vt 0.810268 0.268571
vt 0.787946 0.268571
vt 0.810268 0.268571
vt 0.810268 0.268571
vt 0.787946 0.268571
vt 0.808036 0.245714
vt 0.785714 0.245714
vt 0.796875 0.217143
vt 0.808036 0.245714
vt 0.785714 0.245714
vt 0.808036 0.245714
vt 0.785714 0.245714
vt 0.808036 0.245714
vt 0.785714 0.245714
vt 0.808036 0.245714
vt 0.785714 0.245714
vt 0.808036 0.245714
vt 0.785714 0.245714
vt 0.808036 0.245714
vt 0.785714 0.245714
vt 0.808036 0.245714
vt 0.785714 0.245714
vt 0.875000 0.311429
vt 0.852679 0.288571
vt 0.875000 0.288571
vt 0.808036 0.311429
vt 0.830357 0.288571
vt 0.830357 0.311429
vt 0.964286 0.311429
vt 0.941964 0.288571
vt 0.964286 0.288571
vt 0.897321 0.288571
vt 0.897321 0.311429
vt 0.852679 0.311429
vt 0.785714 0.311429
vt 0.808036 0.288571
vt 0.941964 0.311429
vt 0.919643 0.288571
vt 0.919643 0.311429
vt 0.812500 0.280000
vt 0.834821 0.280000
vt 0.857143 0.280000
vt 0.879464 0.280000
vt 0.915179 0.280000
vt 0.924107 0.280000
vt 0.959821 0.280000
vt 0.790179 0.280000
vt 0.785714 0.288571
vt 0.785714 0.268571
vt 0.803571 0.280000
vt 0.790179 0.280000
vt 0.790179 0.280000
vt 0.808036 0.268571
vt 0.803571 0.280000
vt 0.785714 0.268571
vt 0.803571 0.280000
vt 0.790179 0.280000
vt 0.790179 0.280000
vt 0.808036 0.268571
vt 0.803571 0.280000
vt 0.785714 0.268571
vt 0.803571 0.280000
vt 0.790179 0.280000
vt 0.785714 0.268571
vt 0.803571 0.280000
vt 0.790179 0.280000
vt 0.785714 0.268571
vt 0.803571 0.280000
vt 0.785714 0.268571
vt 0.803571 0.280000
vt 0.790179 0.280000
vt 0.810268 0.268571
vt 0.787946 0.268571
vt 0.787946 0.268571
vt 0.810268 0.268571
vt 0.810268 0.268571
vt 0.787946 0.268571
vt 0.787946 0.268571
vt 0.810268 0.268571
vt 0.810268 0.268571
vt 0.787946 0.268571
vt 0.810268 0.268571
vt 0.787946 0.268571
vt 0.810268 0.268571
vt 0.787946 0.268571
vt 0.787946 0.268571
vt 0.810268 0.268571
vt 0.808036 0.245714
vt 0.785714 0.245714
vt 0.796875 0.217143
vt 0.808036 0.245714
vt 0.785714 0.245714
vt 0.808036 0.245714
vt 0.785714 0.245714
vt 0.808036 0.245714
vt 0.785714 0.245714
vt 0.808036 0.245714
vt 0.785714 0.245714
vt 0.808036 0.245714
vt 0.785714 0.245714
vt 0.808036 0.245714
vt 0.785714 0.245714
vt 0.808036 0.245714
vt 0.785714 0.245714
vt 0.875000 0.311429
vt 0.852679 0.288571
vt 0.875000 0.288571
vt 0.808036 0.311429
vt 0.830357 0.288571
vt 0.830357 0.311429
vt 0.941964 0.311429
vt 0.964286 0.288571
vt 0.964286 0.311429
vt 0.897321 0.288571
vt 0.897321 0.311429
vt 0.852679 0.311429
vt 0.785714 0.311429
vt 0.808036 0.288571
vt 0.919643 0.288571
vt 0.941964 0.288571
vt 0.919643 0.311429
vt 0.812500 0.280000
vt 0.834821 0.280000
vt 0.870536 0.280000
vt 0.892857 0.280000
vt 0.915179 0.280000
vt 0.924107 0.280000
vt 0.959821 0.280000
vt 0.790179 0.280000
vt 0.785714 0.288571
vt 0.785714 0.268571
vt 0.803571 0.280000
vt 0.790179 0.280000
vt 0.790179 0.280000
vt 0.808036 0.268571
vt 0.803571 0.280000
vt 0.785714 0.268571
vt 0.803571 0.280000
vt 0.790179 0.280000
vt 0.785714 0.268571
vt 0.803571 0.280000
vt 0.790179 0.280000
vt 0.790179 0.280000
vt 0.808036 0.268571
vt 0.803571 0.280000
vt 0.785714 0.268571
vt 0.803571 0.280000
vt 0.790179 0.280000
vt 0.785714 0.268571
vt 0.803571 0.280000
vt 0.785714 0.268571
vt 0.803571 0.280000
vt 0.790179 0.280000
vt 0.787946 0.268571
vt 0.810268 0.268571
vt 0.810268 0.268571
vt 0.787946 0.268571
vt 0.810268 0.268571
vt 0.787946 0.268571
vt 0.787946 0.268571
vt 0.810268 0.268571
vt 0.787946 0.268571
vt 0.810268 0.268571
vt 0.787946 0.268571
vt 0.810268 0.268571
vt 0.787946 0.268571
vt 0.810268 0.268571
vt 0.787946 0.268571
vt 0.810268 0.268571
vt 0.808036 0.245714
vt 0.785714 0.245714
vt 0.796875 0.217143
vt 0.808036 0.245714
vt 0.785714 0.245714
vt 0.808036 0.245714
vt 0.785714 0.245714
vt 0.808036 0.245714
vt 0.785714 0.245714
vt 0.808036 0.245714
vt 0.785714 0.245714
vt 0.808036 0.245714
vt 0.785714 0.245714
vt 0.808036 0.245714
vt 0.785714 0.245714
vt 0.808036 0.245714
vt 0.785714 0.245714
vt 0.388393 0.311429
vt 0.486607 0.311429
vt 0.584821 0.311429
vt 0.633929 0.311429
vt 0.093750 0.311429
vt 0.191964 0.311429
vt 0.241071 0.311429
vt 0.290179 0.311429
vt 0.339286 0.311429
vt 0.642857 0.631429
vt 0.388393 0.631429
vt 0.633929 0.631429
vt 0.241071 0.631429
vt 0.339286 0.631429
vt 0.582589 0.908571
vt 0.631696 0.908571
vt 0.680804 0.908571
vt 0.337054 0.908571
vt 0.386161 0.908571
vt 0.435268 0.908571
vt 0.729911 0.908571
vt 0.779018 0.908571
vt 0.042411 0.908571
vt 0.091518 0.908571
vt 0.140625 0.908571
vt 0.189732 0.908571
vt 0.287946 0.908571
vt 0.446429 -0.000000
vt 0.102679 0.000000
vt 0.495536 -0.000000
vt 0.151786 -0.000000
vt 0.593750 -0.000000
vt 0.544643 -0.000000
vt 0.200893 -0.000000
vt 0.642857 0.000000
vt 0.250000 -0.000000
vt 0.691964 0.000000
vt 0.299107 -0.000000
vt 0.741071 -0.000000
vt 0.348214 -0.000000
vt 0.004464 -0.000000
vt 0.397321 -0.000000
vt 0.053571 0.000000
vt 0.662946 0.537143
vt 0.662946 0.537143
vt 0.662946 0.537143
vt 0.825893 0.280000
vt 0.848214 0.280000
vt 0.870536 0.280000
vt 0.879464 0.280000
vt 0.901786 0.280000
vt 0.924107 0.280000
vt 0.946429 0.280000
vt 0.808036 0.268571
vt 0.785714 0.268571
vt 0.808036 0.268571
vt 0.785714 0.268571
vt 0.785714 0.268571
vt 0.808036 0.268571
vt 0.808036 0.268571
vt 0.808036 0.268571
vt 0.825893 0.280000
vt 0.834821 0.280000
vt 0.870536 0.280000
vt 0.892857 0.280000
vt 0.915179 0.280000
vt 0.937500 0.280000
vt 0.946429 0.280000
vt 0.785714 0.268571
vt 0.785714 0.268571
vt 0.808036 0.268571
vt 0.785714 0.268571
vt 0.785714 0.268571
vt 0.785714 0.268571
vt 0.808036 0.268571
vt 0.808036 0.268571
vt 0.825893 0.280000
vt 0.848214 0.280000
vt 0.870536 0.280000
vt 0.892857 0.280000
vt 0.901786 0.280000
vt 0.937500 0.280000
vt 0.946429 0.280000
vt 0.808036 0.268571
vt 0.785714 0.268571
vt 0.808036 0.268571
vt 0.785714 0.268571
vt 0.785714 0.268571
vt 0.785714 0.268571
vt 0.808036 0.268571
vt 0.808036 0.268571
vt 0.825893 0.280000
vt 0.848214 0.280000
vt 0.870536 0.280000
vt 0.892857 0.280000
vt 0.915179 0.280000
vt 0.937500 0.280000
vt 0.946429 0.280000
vt 0.808036 0.268571
vt 0.785714 0.268571
vt 0.808036 0.268571
vt 0.785714 0.268571
vt 0.785714 0.268571
vt 0.785714 0.268571
vt 0.808036 0.268571
vt 0.808036 0.268571
vt 0.812500 0.280000
vt 0.848214 0.280000
vt 0.870536 0.280000
vt 0.892857 0.280000
vt 0.915179 0.280000
vt 0.937500 0.280000
vt 0.946429 0.280000
vt 0.808036 0.268571
vt 0.785714 0.268571
vt 0.808036 0.268571
vt 0.785714 0.268571
vt 0.808036 0.268571
vt 0.785714 0.268571
vt 0.808036 0.268571
vt 0.808036 0.268571
vt 0.812500 0.280000
vt 0.848214 0.280000
vt 0.870536 0.280000
vt 0.879464 0.280000
vt 0.901786 0.280000
vt 0.937500 0.280000
vt 0.946429 0.280000
vt 0.808036 0.268571
vt 0.808036 0.268571
vt 0.808036 0.268571
vt 0.785714 0.268571
vt 0.785714 0.268571
vt 0.785714 0.268571
vt 0.808036 0.268571
vt 0.808036 0.268571
vt 0.825893 0.280000
vt 0.848214 0.280000
vt 0.870536 0.280000
vt 0.892857 0.280000
vt 0.901786 0.280000
vt 0.937500 0.280000
vt 0.946429 0.280000
vt 0.808036 0.268571
vt 0.785714 0.268571
vt 0.808036 0.268571
vt 0.785714 0.268571
vt 0.808036 0.268571
vt 0.808036 0.268571
vt 0.808036 0.268571
vt 0.808036 0.268571
vt 0.825893 0.280000
vt 0.848214 0.280000
vt 0.857143 0.280000
vt 0.879464 0.280000
vt 0.901786 0.280000
vt 0.937500 0.280000
vt 0.946429 0.280000
vt 0.808036 0.268571
vt 0.785714 0.268571
vt 0.808036 0.268571
vt 0.808036 0.268571
vt 0.785714 0.268571
vt 0.808036 0.268571
vt 0.808036 0.268571
vt 0.808036 0.268571
vn 0.0000 -1.0000 0.0000
vn 0.0000 -0.9848 -0.1736
vn 0.0000 -0.9848 0.1736
vn 0.0000 -0.9848 0.1737
vn -0.1736 -0.9848 0.0000
vn 0.1736 -0.9848 0.0000
vn -0.1228 -0.9848 -0.1228
vn 0.1228 -0.9848 0.1228
vn -0.1228 -0.9848 0.1228
vn 0.1228 -0.9848 -0.1228
vn -0.7071 0.0000 -0.7071
vn -0.3827 0.0000 -0.9239
vn 0.7071 0.0000 0.7071
vn 0.3827 0.0000 0.9239
vn -0.9239 0.0000 -0.3827
vn 0.9239 0.0000 0.3827
vn -1.0000 0.0000 -0.0000
vn 1.0000 0.0000 -0.0000
vn -0.9239 0.0000 0.3827
vn 0.9239 0.0000 -0.3827
vn -0.7071 0.0000 0.7071
vn 0.7071 0.0000 -0.7071
vn -0.3827 0.0000 0.9239
vn 0.3827 0.0000 -0.9239
vn -0.0000 0.0000 1.0000
vn -0.0000 0.0000 -1.0000
vn 0.8944 0.4472 -0.0000
vn 0.8263 0.4472 0.3423
vn 0.8263 0.4472 -0.3423
vn 0.6325 0.4472 -0.6325
vn 0.3423 0.4472 -0.8263
vn -0.0000 0.4472 -0.8944
vn -0.3423 0.4472 -0.8263
vn -0.6325 0.4472 -0.6325
vn -0.8263 0.4472 -0.3423
vn -0.8944 0.4472 -0.0000
vn -0.8263 0.4472 0.3423
vn -0.6325 0.4472 0.6325
vn -0.3423 0.4472 0.8263
vn -0.0000 0.4472 0.8944
vn 0.3423 0.4472 0.8263
vn 0.6325 0.4472 0.6325
vn 0.8263 -0.4472 0.3423
vn 0.8944 -0.4472 -0.0000
vn 0.8263 -0.4472 -0.3423
vn 0.6325 -0.4472 -0.6325
vn 0.3423 -0.4472 -0.8263
vn -0.0000 -0.4472 -0.8944
vn -0.3423 -0.4472 -0.8263
vn -0.6325 -0.4472 -0.6325
vn -0.8263 -0.4472 -0.3423
vn -0.8944 -0.4472 -0.0000
vn -0.8263 -0.4472 0.3423
vn -0.6325 -0.4472 0.6325
vn -0.3423 -0.4472 0.8263
vn 0.0000 -0.4472 0.8944
vn 0.3423 -0.4472 0.8263
vn 0.6325 -0.4472 0.6325
vn -0.0000 0.1390 -0.9903
vn 0.3790 0.1390 -0.9149
vn -0.0000 0.1390 0.9903
vn -0.3790 0.1390 -0.9149
vn 0.3790 0.1390 0.9149
vn -0.7002 0.1390 -0.7002
vn 0.7002 0.1390 0.7002
vn -0.9149 0.1390 -0.3790
vn 0.9149 0.1390 0.3790
vn -0.9903 0.1390 -0.0000
vn 0.9903 0.1390 -0.0000
vn -0.9149 0.1390 0.3790
vn 0.9149 0.1390 -0.3790
vn -0.7002 0.1390 0.7002
vn 0.7002 0.1390 -0.7002
vn -0.3790 0.1390 0.9149
vn 0.3379 0.4696 -0.8157
vn -0.0000 0.4696 -0.8829
vn -0.3379 0.4696 -0.8157
vn 0.6243 0.4696 0.6243
vn 0.8157 0.4696 0.3379
vn 0.8829 0.4696 -0.0000
vn 0.6243 0.4696 -0.6243
vn 0.8157 0.4696 -0.3379
vn 0.0000 1.0000 -0.0000
vn -0.0000 0.4696 0.8829
vn 0.3379 0.4696 0.8157
vn -0.6243 0.4696 -0.6243
vn -0.8157 0.4696 -0.3379
vn -0.8829 0.4696 0.0000
vn -0.8157 0.4696 0.3379
vn -0.6243 0.4696 0.6243
vn -0.3379 0.4696 0.8157
vn -0.5000 -0.7071 0.5000
vn -0.0000 -0.7071 0.7071
vn 0.5000 -0.7071 0.5000
vn 0.7071 -0.7071 0.0000
vn 0.5000 -0.7071 -0.5000
vn -0.0000 -0.7071 -0.7071
vn -0.5000 -0.7071 -0.5000
vn -0.7071 -0.7071 -0.0000
vn -0.5547 0.8321 0.0000
vn -0.5961 0.5378 0.5961
vn -0.3922 0.8321 0.3922
vn -0.5961 0.5378 -0.5961
vn -0.8431 0.5378 0.0000
vn 0.0000 0.8321 -0.5547
vn -0.3922 0.8321 -0.3922
vn 0.5961 0.5378 -0.5961
vn -0.0000 0.5378 -0.8431
vn 0.3922 0.8321 -0.3922
vn 0.8431 0.5378 0.0000
vn 0.3922 0.8321 0.3922
vn 0.5547 0.8321 0.0000
vn 0.0000 0.8321 0.5547
vn 0.5961 0.5378 0.5961
vn -0.6860 0.2425 0.6860
vn 0.0000 0.5378 0.8431
vn 0.6860 0.2425 0.6860
vn 0.6860 0.2425 -0.6860
vn -0.6860 0.2425 -0.6860
vn -0.9701 0.2425 0.0000
vn 0.0000 0.2425 0.9701
vn 0.9701 0.2425 -0.0000
vn -0.0000 0.2425 -0.9701
vn 0.6108 -0.5039 0.6108
vn -0.0000 -0.5039 0.8638
vn -0.6108 -0.5039 0.6108
vn -0.8638 -0.5039 0.0000
vn -0.6108 -0.5039 -0.6108
vn -0.0000 -0.5039 -0.8638
vn 0.6108 -0.5039 -0.6108
vn 0.8638 -0.5039 0.0000
vn 0.0000 0.1736 -0.9848
vn 0.7071 0.1228 -0.6964
vn 0.7071 -0.1228 0.6964
vn 0.0000 -0.1736 0.9848
vn -0.7071 -0.1228 0.6964
vn -0.7071 0.1228 -0.6964
vn 0.5000 -0.7832 0.3696
vn 0.7071 -0.6964 -0.1228
vn 0.5000 -0.6095 -0.6152
vn -0.0000 -0.5736 -0.8192
vn -0.5000 -0.6095 -0.6152
vn -0.7071 -0.6964 -0.1228
vn -0.5000 -0.7832 0.3696
vn -0.0000 -0.8192 0.5736
vn 0.9263 0.3710 0.0654
vn 0.6325 0.5502 -0.5452
vn 0.8944 0.4404 0.0777
vn 0.0000 0.5318 -0.8469
vn 0.0000 0.5957 -0.8032
vn -0.6325 0.5502 -0.5452
vn -0.9263 0.3710 0.0654
vn -0.8944 0.4404 0.0777
vn -0.6550 0.2572 0.7105
vn -0.6325 0.3306 0.7005
vn 0.0000 0.2851 0.9585
vn -0.0000 0.2101 0.9777
vn 0.6325 0.3306 0.7005
vn 0.6550 0.2572 0.7105
vn 0.9487 0.3114 0.0549
vn 0.6550 0.4847 -0.5797
vn 0.6708 0.4279 -0.6057
vn -0.0000 0.4762 -0.8794
vn -0.6550 0.4847 -0.5797
vn -0.6708 0.4279 -0.6057
vn -0.6708 0.1949 0.7155
vn -0.0000 0.1467 0.9892
vn 0.6708 0.1949 0.7155
vn 0.5657 -0.4927 -0.6613
vn 0.8000 -0.5909 -0.1042
vn 0.5657 -0.6891 0.4529
vn 0.0000 -0.7298 0.6837
vn -0.5657 -0.6891 0.4529
vn -0.8000 -0.5909 -0.1042
vn -0.5657 -0.4927 -0.6613
vn -0.0000 -0.4520 -0.8920
vn -0.0000 0.1736 0.9848
vn -0.7071 0.1228 0.6964
vn -0.7071 -0.1228 -0.6964
vn 0.7071 -0.1228 -0.6964
vn -0.0000 -0.1736 -0.9848
vn 0.7071 0.1228 0.6964
vn -0.5000 -0.7832 -0.3696
vn -0.7071 -0.6964 0.1228
vn -0.5000 -0.6095 0.6152
vn 0.0000 -0.5736 0.8192
vn 0.5000 -0.6095 0.6152
vn 0.7071 -0.6964 0.1228
vn 0.5000 -0.7832 -0.3696
vn -0.0000 -0.8192 -0.5736
vn -0.8944 0.4404 -0.0777
vn -0.6550 0.4847 0.5797
vn -0.6325 0.5502 0.5452
vn 0.0000 0.5318 0.8469
vn -0.0000 0.5957 0.8032
vn 0.6325 0.5502 0.5452
vn 0.9263 0.3710 -0.0654
vn 0.8944 0.4404 -0.0777
vn 0.6550 0.2572 -0.7105
vn 0.6325 0.3306 -0.7005
vn 0.0000 0.2101 -0.9777
vn 0.0000 0.2851 -0.9585
vn -0.6325 0.3306 -0.7005
vn -0.6550 0.2572 -0.7105
vn -0.9487 0.3114 -0.0549
vn -0.9263 0.3710 -0.0654
vn -0.6708 0.4279 0.6057
vn 0.0000 0.4762 0.8794
vn 0.6550 0.4847 0.5797
vn 0.6708 0.4279 0.6057
vn 0.6708 0.1949 -0.7155
vn 0.0000 0.1467 -0.9892
vn -0.6708 0.1949 -0.7155
vn -0.5657 -0.4927 0.6613
vn -0.8000 -0.5909 0.1042
vn -0.5657 -0.6891 -0.4529
vn -0.0000 -0.7298 -0.6837
vn 0.5657 -0.6891 -0.4529
vn 0.8000 -0.5909 0.1042
vn 0.5657 -0.4927 0.6613
vn 0.0000 -0.4520 0.8920
vn -0.9848 0.1736 -0.0000
vn -0.6964 0.1228 -0.7071
vn 0.6964 -0.1228 -0.7071
vn 0.9848 -0.1736 0.0000
vn 0.6964 -0.1228 0.7071
vn -0.6964 0.1228 0.7071
vn 0.3696 -0.7832 -0.5000
vn -0.1228 -0.6964 -0.7071
vn -0.6152 -0.6095 -0.5000
vn -0.8192 -0.5736 0.0000
vn -0.6152 -0.6095 0.5000
vn -0.1228 -0.6964 0.7071
vn 0.3696 -0.7832 0.5000
vn 0.5736 -0.8192 0.0000
vn 0.0654 0.3710 -0.9263
vn -0.5452 0.5502 -0.6325
vn 0.0777 0.4404 -0.8944
vn -0.8469 0.5318 -0.0000
vn -0.8032 0.5957 0.0000
vn -0.5452 0.5502 0.6325
vn 0.0654 0.3710 0.9263
vn 0.0777 0.4404 0.8944
vn 0.7105 0.2572 0.6550
vn 0.7005 0.3306 0.6325
vn 0.9777 0.2101 0.0000
vn 0.9585 0.2851 0.0000
vn 0.7005 0.3306 -0.6325
vn 0.7105 0.2572 -0.6550
vn 0.0549 0.3114 -0.9487
vn -0.5797 0.4847 -0.6550
vn -0.8794 0.4762 0.0000
vn -0.5797 0.4847 0.6550
vn 0.0549 0.3114 0.9487
vn 0.7155 0.1949 0.6708
vn 0.9892 0.1467 0.0000
vn 0.7155 0.1949 -0.6708
vn -0.6613 -0.4927 -0.5657
vn -0.1042 -0.5909 -0.8000
vn 0.4529 -0.6891 -0.5657
vn 0.6837 -0.7298 -0.0000
vn 0.4529 -0.6891 0.5657
vn -0.1042 -0.5909 0.8000
vn -0.6613 -0.4927 0.5657
vn -0.8920 -0.4520 -0.0000
vn 0.9848 0.1736 0.0000
vn 0.6964 0.1228 0.7071
vn -0.6964 -0.1228 0.7071
vn -0.6964 -0.1228 -0.7071
vn -0.9848 -0.1736 -0.0000
vn 0.6964 0.1228 -0.7071
vn -0.3696 -0.7832 0.5000
vn 0.1228 -0.6964 0.7071
vn 0.6152 -0.6095 0.5000
vn 0.8192 -0.5736 -0.0000
vn 0.6152 -0.6095 -0.5000
vn 0.1228 -0.6964 -0.7071
vn -0.3696 -0.7832 -0.5000
vn -0.5736 -0.8192 -0.0000
vn -0.0654 0.3710 0.9263
vn 0.5452 0.5502 0.6325
vn -0.0777 0.4404 0.8944
vn 0.8469 0.5318 0.0000
vn 0.8032 0.5957 -0.0000
vn 0.5452 0.5502 -0.6325
vn -0.0654 0.3710 -0.9263
vn -0.0777 0.4404 -0.8944
vn -0.7105 0.2572 -0.6550
vn -0.7005 0.3306 -0.6325
vn -0.9777 0.2101 -0.0000
vn -0.9585 0.2851 0.0000
vn -0.7005 0.3306 0.6325
vn -0.7105 0.2572 0.6550
vn 0.6057 0.4279 0.6708
vn 0.5797 0.4847 0.6550
vn 0.8794 0.4762 -0.0000
vn 0.5797 0.4847 -0.6550
vn -0.0549 0.3114 -0.9487
vn -0.7155 0.1949 -0.6708
vn -0.9892 0.1467 -0.0000
vn -0.7155 0.1949 0.6708
vn 0.6613 -0.4927 0.5657
vn 0.1042 -0.5909 0.8000
vn -0.4529 -0.6891 0.5657
vn -0.6837 -0.7298 0.0000
vn -0.4529 -0.6891 -0.5657
vn 0.1042 -0.5909 -0.8000
vn 0.6613 -0.4927 -0.5657
vn 0.8920 -0.4520 -0.0000
vn -0.6964 0.1736 -0.6964
vn 0.0076 0.1228 -0.9924
vn 0.9924 -0.1228 -0.0076
vn 0.6964 -0.1736 0.6964
vn -0.0076 -0.1228 0.9924
vn -0.9924 0.1228 0.0076
vn 0.6149 -0.7832 -0.0922
vn 0.4132 -0.6964 -0.5868
vn -0.0815 -0.6095 -0.7886
vn -0.5792 -0.5736 -0.5792
vn -0.7886 -0.6095 -0.0815
vn -0.5868 -0.6964 0.4132
vn -0.0922 -0.7832 0.6149
vn 0.4056 -0.8192 0.4056
vn 0.7013 0.3710 -0.6088
vn 0.0617 0.5502 -0.8327
vn 0.6874 0.4404 -0.5775
vn -0.5988 0.5318 -0.5988
vn -0.5679 0.5957 -0.5679
vn -0.8327 0.5502 0.0617
vn -0.6088 0.3710 0.7013
vn -0.5775 0.4404 0.6874
vn 0.0481 0.3306 0.9425
vn 0.6913 0.2101 0.6913
vn 0.6778 0.2851 0.6778
vn 0.9425 0.3306 0.0481
vn 0.9656 0.2572 0.0392
vn 0.7096 0.3114 -0.6320
vn 0.0533 0.4847 -0.8731
vn -0.6218 0.4762 -0.6218
vn -0.8731 0.4847 0.0533
vn -0.9026 0.4279 0.0460
vn -0.6320 0.3114 0.7096
vn 0.0392 0.2572 0.9656
vn 0.0316 0.1949 0.9803
vn 0.6995 0.1467 0.6995
vn 0.9803 0.1949 0.0316
vn -0.0676 -0.4927 -0.8676
vn 0.4920 -0.5909 -0.6394
vn 0.7203 -0.6891 -0.0797
vn 0.4834 -0.7298 0.4834
vn -0.0797 -0.6891 0.7203
vn -0.6394 -0.5909 0.4920
vn -0.8676 -0.4927 -0.0676
vn -0.6308 -0.4520 -0.6308
vn 0.6964 0.1736 0.6964
vn -0.0076 0.1228 0.9924
vn -0.9924 -0.1228 0.0076
vn 0.0076 -0.1228 -0.9924
vn -0.6964 -0.1736 -0.6964
vn 0.9924 0.1228 -0.0076
vn -0.6149 -0.7832 0.0922
vn -0.4132 -0.6964 0.5868
vn 0.0815 -0.6095 0.7886
vn 0.5792 -0.5736 0.5792
vn 0.7886 -0.6095 0.0815
vn 0.5868 -0.6964 -0.4132
vn 0.0922 -0.7832 -0.6149
vn -0.4056 -0.8192 -0.4056
vn -0.7013 0.3710 0.6088
vn -0.0617 0.5502 0.8327
vn -0.6874 0.4404 0.5775
vn -0.0533 0.4847 0.8731
vn 0.5679 0.5957 0.5679
vn 0.5988 0.5318 0.5988
vn 0.8327 0.5502 -0.0617
vn 0.6088 0.3710 -0.7013
vn 0.5775 0.4404 -0.6874
vn -0.0392 0.2572 -0.9656
vn -0.0481 0.3306 -0.9425
vn -0.6913 0.2101 -0.6913
vn -0.6778 0.2851 -0.6778
vn -0.9425 0.3306 -0.0481
vn -0.9656 0.2572 -0.0392
vn -0.7096 0.3114 0.6320
vn -0.0460 0.4279 0.9026
vn 0.6218 0.4762 0.6218
vn 0.8731 0.4847 -0.0533
vn 0.9026 0.4279 -0.0460
vn -0.0316 0.1949 -0.9803
vn -0.6995 0.1467 -0.6995
vn -0.9803 0.1949 -0.0316
vn 0.0676 -0.4927 0.8676
vn -0.4920 -0.5909 0.6394
vn -0.7203 -0.6891 0.0798
vn -0.4834 -0.7298 -0.4834
vn 0.0797 -0.6891 -0.7203
vn 0.6394 -0.5909 -0.4920
vn 0.8676 -0.4927 0.0676
vn 0.6308 -0.4520 0.6308
vn -0.6964 0.1736 0.6964
vn -0.9924 0.1228 -0.0076
vn -0.0076 -0.1228 -0.9924
vn 0.6964 -0.1736 -0.6964
vn 0.9924 -0.1228 0.0076
vn 0.0076 0.1228 0.9924
vn -0.0922 -0.7832 -0.6149
vn -0.5868 -0.6964 -0.4132
vn -0.7886 -0.6095 0.0815
vn -0.5792 -0.5736 0.5792
vn -0.0815 -0.6095 0.7886
vn 0.4132 -0.6964 0.5868
vn 0.6149 -0.7832 0.0922
vn 0.4056 -0.8192 -0.4056
vn -0.6088 0.3710 -0.7013
vn -0.8327 0.5502 -0.0617
vn -0.5775 0.4404 -0.6874
vn -0.5988 0.5318 0.5988
vn -0.5679 0.5957 0.5679
vn 0.0617 0.5502 0.8327
vn 0.7013 0.3710 0.6088
vn 0.6874 0.4404 0.5775
vn 0.9425 0.3306 -0.0481
vn 0.9656 0.2572 -0.0392
vn 0.6778 0.2851 -0.6778
vn 0.6913 0.2101 -0.6913
vn 0.0481 0.3306 -0.9425
vn 0.0392 0.2572 -0.9656
vn -0.6320 0.3114 -0.7096
vn -0.8731 0.4847 -0.0533
vn -0.6218 0.4762 0.6218
vn 0.0533 0.4847 0.8731
vn 0.7096 0.3114 0.6320
vn 0.9803 0.1949 -0.0316
vn 0.6995 0.1467 -0.6995
vn -0.8676 -0.4927 0.0676
vn -0.6394 -0.5909 -0.4920
vn -0.0797 -0.6891 -0.7203
vn 0.4834 -0.7298 -0.4834
vn 0.7203 -0.6891 0.0797
vn 0.4920 -0.5909 0.6394
vn -0.0676 -0.4927 0.8676
vn -0.6308 -0.4520 0.6308
vn 0.6964 0.1736 -0.6964
vn 0.9924 0.1228 0.0076
vn 0.0076 -0.1228 0.9924
vn -0.9924 -0.1228 -0.0076
vn -0.6964 -0.1736 0.6964
vn -0.0076 0.1228 -0.9924
vn 0.0922 -0.7832 0.6149
vn 0.5868 -0.6964 0.4132
vn 0.7886 -0.6095 -0.0815
vn 0.5792 -0.5736 -0.5792
vn 0.0815 -0.6095 -0.7886
vn -0.4132 -0.6964 -0.5868
vn -0.6149 -0.7832 -0.0922
vn -0.4056 -0.8192 0.4056
vn 0.6088 0.3710 0.7013
vn 0.8327 0.5502 0.0617
vn 0.5775 0.4404 0.6874
vn 0.5988 0.5318 -0.5988
vn 0.5679 0.5957 -0.5679
vn -0.0617 0.5502 -0.8327
vn -0.0533 0.4847 -0.8731
vn -0.6874 0.4404 -0.5775
vn -0.9656 0.2572 0.0392
vn -0.9425 0.3306 0.0481
vn -0.6778 0.2851 0.6778
vn -0.6913 0.2101 0.6913
vn -0.0481 0.3306 0.9425
vn -0.0392 0.2572 0.9656
vn 0.9026 0.4279 0.0460
vn 0.8731 0.4847 0.0533
vn 0.6218 0.4762 -0.6218
vn -0.7096 0.3114 -0.6320
vn -0.7013 0.3710 -0.6088
vn -0.9803 0.1949 0.0316
vn -0.6995 0.1467 0.6995
vn -0.0316 0.1949 0.9803
vn 0.6320 0.3114 0.7096
vn 0.8676 -0.4927 -0.0676
vn 0.6394 -0.5909 0.4920
vn 0.0797 -0.6891 0.7203
vn -0.4834 -0.7298 0.4834
vn -0.7203 -0.6891 -0.0798
vn -0.4920 -0.5909 -0.6394
vn 0.0676 -0.4927 -0.8676
vn 0.6308 -0.4520 -0.6308
vn -0.9487 0.3114 0.0549
vn 0.9487 0.3114 -0.0549
vn -0.6057 0.4279 -0.6708
vn -0.6057 0.4279 0.6708
vn -0.0549 0.3114 0.9487
vn 0.6057 0.4279 -0.6708
vn 0.0460 0.4279 -0.9026
vn 0.6320 0.3114 -0.7096
vn -0.9026 0.4279 -0.0460
vn 0.0460 0.4279 0.9026
vn 0.0316 0.1949 -0.9803
vn -0.0460 0.4279 -0.9026
s off
f 5/1/1 119/2/1 6/3/1
f 6/3/1 120/4/1 7/5/1
f 7/5/1 121/6/1 8/7/1
f 8/7/1 122/8/1 9/9/1
f 122/10/1 10/11/1 9/9/1
f 123/12/1 11/13/1 10/11/1
f 124/14/1 12/15/1 11/13/1
f 125/16/1 13/17/1 12/15/1
f 13/17/1 127/18/1 14/19/1
f 14/19/1 128/20/1 15/21/1
f 15/21/1 129/22/1 16/23/1
f 129/24/1 1/25/1 16/23/1
f 114/26/1 2/27/1 1/25/1
f 2/27/1 116/28/1 3/29/1
f 3/29/1 117/30/1 4/31/1
f 4/31/1 118/32/1 5/33/1
f 140/34/1 136/35/1 132/36/1
f 163/37/1 185/38/1 184/39/1
f 164/40/1 182/41/1 165/42/1
f 167/43/1 181/44/1 180/45/1
f 168/46/1 178/47/1 169/48/1
f 164/49/1 184/50/1 183/51/1
f 165/52/1 181/53/1 166/54/1
f 168/55/1 180/56/1 179/57/1
f 169/58/1 185/59/1 162/60/1
f 197/61/1 189/62/1 190/63/1
f 198/64/1 188/65/1 189/66/1
f 199/67/1 187/68/1 188/69/1
f 187/70/1 201/71/1 186/72/1
f 186/73/1 194/74/1 193/75/1
f 194/76/1 192/77/1 193/78/1
f 192/79/1 196/80/1 191/81/1
f 196/82/1 190/83/1 191/84/1
f 247/85/2 240/86/2 239/87/2
f 248/88/2 241/89/2 240/90/2
f 241/91/2 250/92/2 242/93/2
f 242/94/2 243/95/2 235/96/2
f 243/97/2 236/98/2 235/99/2
f 244/100/2 237/101/2 236/102/2
f 237/103/2 246/104/2 238/105/2
f 238/106/2 247/107/2 239/108/2
f 296/109/3 289/110/3 288/111/3
f 297/112/3 290/113/3 289/114/3
f 290/115/3 299/116/3 291/117/3
f 291/118/3 292/119/3 284/120/3
f 292/121/3 285/122/3 284/123/3
f 293/124/3 286/125/3 285/126/3
f 294/127/4 287/128/4 286/129/4
f 287/130/3 296/131/3 288/132/3
f 345/133/5 338/134/5 337/135/5
f 346/136/5 339/137/5 338/138/5
f 339/139/5 348/140/5 340/141/5
f 340/142/5 341/143/5 333/144/5
f 341/145/5 334/146/5 333/147/5
f 342/148/5 335/149/5 334/150/5
f 343/151/5 336/152/5 335/153/5
f 344/154/5 337/155/5 336/156/5
f 394/157/6 387/158/6 386/159/6
f 395/160/6 388/161/6 387/162/6
f 388/163/6 397/164/6 389/165/6
f 389/166/6 390/167/6 382/168/6
f 382/169/6 391/170/6 383/171/6
f 391/172/6 384/173/6 383/174/6
f 384/175/6 393/176/6 385/177/6
f 393/178/6 386/179/6 385/180/6
f 435/181/7 444/182/7 436/183/7
f 444/184/7 437/185/7 436/186/7
f 437/187/7 446/188/7 438/189/7
f 446/190/7 431/191/7 438/192/7
f 431/193/7 440/194/7 432/195/7
f 440/196/7 433/197/7 432/198/7
f 441/199/7 434/200/7 433/201/7
f 434/202/7 443/203/7 435/204/7
f 484/205/8 493/206/8 485/207/8
f 493/208/8 486/209/8 485/210/8
f 494/211/8 487/212/8 486/213/8
f 495/214/8 480/215/8 487/216/8
f 488/217/8 481/218/8 480/219/8
f 489/220/8 482/221/8 481/222/8
f 490/223/8 483/224/8 482/225/8
f 491/226/8 484/227/8 483/228/8
f 533/229/9 542/230/9 534/231/9
f 542/232/9 535/233/9 534/234/9
f 535/235/9 544/236/9 536/237/9
f 544/238/9 529/239/9 536/240/9
f 529/241/9 538/242/9 530/243/9
f 538/244/9 531/245/9 530/246/9
f 539/247/9 532/248/9 531/249/9
f 540/250/9 533/251/9 532/252/9
f 582/253/10 591/254/10 583/255/10
f 591/256/10 584/257/10 583/258/10
f 584/259/10 593/260/10 585/261/10
f 585/262/10 586/263/10 578/264/10
f 586/265/10 579/266/10 578/267/10
f 587/268/10 580/269/10 579/270/10
f 588/271/10 581/272/10 580/273/10
f 581/274/10 590/275/10 582/276/10
f 5/1/1 118/277/1 119/2/1
f 6/3/1 119/278/1 120/4/1
f 7/5/1 120/279/1 121/6/1
f 8/7/1 121/280/1 122/8/1
f 122/10/1 123/281/1 10/11/1
f 123/12/1 124/282/1 11/13/1
f 124/14/1 125/283/1 12/15/1
f 125/16/1 126/284/1 13/17/1
f 13/17/1 126/285/1 127/18/1
f 14/19/1 127/286/1 128/20/1
f 15/21/1 128/287/1 129/22/1
f 129/24/1 114/288/1 1/25/1
f 114/26/1 115/289/1 2/27/1
f 2/27/1 115/290/1 116/28/1
f 3/29/1 116/291/1 117/30/1
f 4/31/1 117/292/1 118/32/1
f 132/36/1 131/293/1 130/294/1
f 130/294/1 145/295/1 132/36/1
f 145/295/1 144/296/1 132/36/1
f 144/296/1 143/297/1 142/298/1
f 142/298/1 141/299/1 144/296/1
f 141/299/1 140/34/1 144/296/1
f 140/34/1 139/300/1 138/301/1
f 138/301/1 137/302/1 136/35/1
f 136/35/1 135/303/1 134/304/1
f 134/304/1 133/305/1 136/35/1
f 133/305/1 132/36/1 136/35/1
f 140/34/1 138/301/1 136/35/1
f 132/36/1 144/296/1 140/34/1
f 163/37/1 162/306/1 185/38/1
f 164/40/1 183/307/1 182/41/1
f 167/43/1 166/308/1 181/44/1
f 168/46/1 179/309/1 178/47/1
f 164/49/1 163/310/1 184/50/1
f 165/52/1 182/311/1 181/53/1
f 168/55/1 167/312/1 180/56/1
f 169/58/1 178/313/1 185/59/1
f 197/61/1 198/314/1 189/62/1
f 198/64/1 199/315/1 188/65/1
f 199/67/1 200/316/1 187/68/1
f 187/70/1 200/317/1 201/71/1
f 186/73/1 201/318/1 194/74/1
f 194/76/1 195/319/1 192/77/1
f 192/79/1 195/320/1 196/80/1
f 196/82/1 197/321/1 190/83/1
f 247/85/2 248/322/2 240/86/2
f 248/88/2 249/323/2 241/89/2
f 241/91/2 249/324/2 250/92/2
f 242/94/2 250/325/2 243/95/2
f 243/97/2 244/326/2 236/98/2
f 244/100/2 245/327/2 237/101/2
f 237/103/2 245/328/2 246/104/2
f 238/106/2 246/329/2 247/107/2
f 296/109/3 297/330/3 289/110/3
f 297/112/3 298/331/3 290/113/3
f 290/115/4 298/332/4 299/116/4
f 291/118/3 299/333/3 292/119/3
f 292/121/3 293/334/3 285/122/3
f 293/124/3 294/335/3 286/125/3
f 294/127/3 295/336/3 287/128/3
f 287/130/3 295/337/3 296/131/3
f 345/133/5 346/338/5 338/134/5
f 346/136/5 347/339/5 339/137/5
f 339/139/5 347/340/5 348/140/5
f 340/142/5 348/341/5 341/143/5
f 341/145/5 342/342/5 334/146/5
f 342/148/5 343/343/5 335/149/5
f 343/151/5 344/344/5 336/152/5
f 344/154/5 345/345/5 337/155/5
f 394/157/6 395/346/6 387/158/6
f 395/160/6 396/347/6 388/161/6
f 388/163/6 396/348/6 397/164/6
f 389/166/6 397/349/6 390/167/6
f 382/169/6 390/350/6 391/170/6
f 391/172/6 392/351/6 384/173/6
f 384/175/6 392/352/6 393/176/6
f 393/178/6 394/353/6 386/179/6
f 435/181/7 443/354/7 444/182/7
f 444/184/7 445/355/7 437/185/7
f 437/187/7 445/356/7 446/188/7
f 446/190/7 439/357/7 431/191/7
f 431/193/7 439/358/7 440/194/7
f 440/196/7 441/359/7 433/197/7
f 441/199/7 442/360/7 434/200/7
f 434/202/7 442/361/7 443/203/7
f 484/205/8 492/362/8 493/206/8
f 493/208/8 494/363/8 486/209/8
f 494/211/8 495/364/8 487/212/8
f 495/214/8 488/365/8 480/215/8
f 488/217/8 489/366/8 481/218/8
f 489/220/8 490/367/8 482/221/8
f 490/223/8 491/368/8 483/224/8
f 491/226/8 492/369/8 484/227/8
f 533/229/9 541/370/9 542/230/9
f 542/232/9 543/371/9 535/233/9
f 535/235/9 543/372/9 544/236/9
f 544/238/9 537/373/9 529/239/9
f 529/241/9 537/374/9 538/242/9
f 538/244/9 539/375/9 531/245/9
f 539/247/9 540/376/9 532/248/9
f 540/250/9 541/377/9 533/251/9
f 582/253/10 590/378/10 591/254/10
f 591/256/10 592/379/10 584/257/10
f 584/259/10 592/380/10 593/260/10
f 585/262/10 593/381/10 586/263/10
f 586/265/10 587/382/10 579/266/10
f 587/268/10 588/383/10 580/269/10
f 588/271/10 589/384/10 581/272/10
f 581/274/10 589/385/10 590/275/10
s 1
f 19/386/11 2/27/12 3/29/11
f 27/387/13 10/11/14 11/13/13
f 20/388/15 3/29/11 4/31/15
f 28/389/16 11/13/13 12/15/16
f 21/390/17 4/31/15 5/33/17
f 29/391/18 12/15/16 13/17/18
f 22/392/19 5/1/17 6/3/19
f 30/393/20 13/17/18 14/19/20
f 23/394/21 6/3/19 7/5/21
f 31/395/22 14/19/20 15/21/22
f 24/396/23 7/5/21 8/7/23
f 32/397/24 15/21/22 16/23/24
f 25/398/25 8/7/23 9/9/25
f 18/399/12 1/25/26 2/27/12
f 17/400/26 16/23/24 1/25/26
f 26/401/14 9/9/25 10/11/14
f 29/391/27 44/402/28 28/389/28
f 29/391/27 46/403/29 45/404/27
f 31/395/30 46/405/29 30/393/29
f 31/395/30 48/406/31 47/407/30
f 17/400/32 48/408/31 32/397/31
f 18/399/33 33/409/32 17/400/32
f 18/399/33 35/410/34 34/411/33
f 19/386/34 36/412/35 35/413/34
f 20/388/35 37/414/36 36/415/35
f 21/416/36 38/417/37 37/418/36
f 23/394/38 38/419/37 22/392/37
f 23/394/38 40/420/39 39/421/38
f 25/398/40 40/422/39 24/396/39
f 26/401/41 41/423/40 25/398/40
f 27/387/42 42/424/41 26/401/41
f 28/389/28 43/425/42 27/387/42
f 46/426/20 61/427/18 45/428/18
f 39/429/21 54/430/19 38/431/19
f 47/432/22 62/433/20 46/426/20
f 40/434/23 55/435/21 39/429/21
f 48/436/24 63/437/22 47/432/22
f 41/438/25 56/439/23 40/434/23
f 34/440/12 49/441/26 33/442/26
f 33/442/26 64/443/24 48/436/24
f 42/444/14 57/445/25 41/438/25
f 35/446/11 50/447/12 34/440/12
f 43/448/13 58/449/14 42/444/14
f 36/450/15 51/451/11 35/446/11
f 44/452/16 59/453/13 43/448/13
f 37/454/17 52/455/15 36/450/15
f 45/428/18 60/456/16 44/452/16
f 38/431/19 53/457/17 37/458/17
f 60/459/43 77/460/44 76/461/43
f 62/462/45 77/460/44 61/463/44
f 63/464/46 78/465/45 62/466/45
f 64/467/47 79/468/46 63/469/46
f 49/470/48 80/471/47 64/472/47
f 49/473/48 66/474/49 65/475/48
f 51/476/50 66/474/49 50/477/49
f 52/478/51 67/479/50 51/480/50
f 53/481/52 68/482/51 52/483/51
f 54/484/53 69/485/52 53/486/52
f 55/487/54 70/488/53 54/489/53
f 56/490/55 71/491/54 55/492/54
f 57/493/56 72/494/55 56/495/55
f 57/496/56 74/497/57 73/498/56
f 59/499/58 74/497/57 58/500/57
f 59/501/58 76/461/43 75/502/58
f 66/474/12 81/503/59 65/475/26
f 65/475/26 96/504/60 80/471/24
f 74/497/14 89/505/61 73/498/25
f 67/479/11 82/506/62 66/474/12
f 75/502/13 90/507/63 74/497/14
f 68/482/15 83/508/64 67/479/11
f 76/461/16 91/509/65 75/502/13
f 69/510/17 84/511/66 68/482/15
f 77/460/18 92/512/67 76/461/16
f 70/488/19 85/513/68 69/485/17
f 78/465/20 93/514/69 77/460/18
f 71/491/21 86/515/70 70/488/19
f 79/468/22 94/516/71 78/465/20
f 72/494/23 87/517/72 71/491/21
f 80/471/24 95/518/73 79/468/22
f 73/498/25 88/519/74 72/494/23
f 81/503/59 113/520/75 96/504/60
f 82/506/62 98/521/76 81/503/59
f 83/508/64 99/522/77 82/506/62
f 92/512/67 108/523/78 91/509/65
f 93/514/69 109/524/79 92/512/67
f 94/516/71 110/525/80 93/514/69
f 94/516/71 112/526/81 111/527/82
f 95/518/73 113/528/75 112/529/81
f 97/530/83 106/531/84 107/532/85
f 89/505/61 107/533/85 106/534/84
f 84/511/66 100/535/86 83/508/64
f 85/536/68 101/537/87 84/511/66
f 86/515/70 102/538/88 85/513/68
f 87/517/72 103/539/89 86/515/70
f 88/519/74 104/540/90 87/517/72
f 89/505/61 105/541/91 88/519/74
f 91/509/65 107/542/85 90/507/63
f 97/543/83 105/544/91 106/545/84
f 105/546/91 97/547/83 104/548/90
f 103/549/89 104/550/90 97/551/83
f 102/552/88 103/553/89 97/554/83
f 101/555/87 102/556/88 97/557/83
f 100/558/86 101/559/87 97/560/83
f 99/561/77 100/562/86 97/563/83
f 98/564/76 99/565/77 97/566/83
f 113/567/75 98/568/76 97/569/83
f 112/570/81 113/571/75 97/572/83
f 111/573/82 112/574/81 97/575/83
f 110/576/80 111/577/82 97/578/83
f 109/579/79 110/580/80 97/581/83
f 108/582/78 109/583/79 97/584/83
f 97/585/83 107/586/85 108/587/78
f 127/286/19 144/588/21 128/20/21
f 120/279/22 137/589/24 121/6/24
f 128/287/21 145/590/23 129/22/23
f 121/280/24 138/591/26 122/8/26
f 114/26/25 131/592/14 115/289/14
f 129/24/23 130/593/25 114/288/25
f 122/10/26 139/594/12 123/281/12
f 115/290/14 132/595/13 116/28/13
f 123/12/12 140/596/11 124/282/11
f 116/291/13 133/597/16 117/30/16
f 124/14/11 141/598/15 125/283/15
f 117/292/16 134/599/18 118/32/18
f 125/16/15 142/600/17 126/284/17
f 118/277/18 135/601/20 119/2/20
f 126/285/17 143/602/19 127/18/19
f 119/278/20 136/603/22 120/4/22
f 157/604/21 150/605/25 149/606/21
f 155/607/11 148/608/17 147/609/11
f 160/610/18 153/611/22 152/612/18
f 158/613/25 151/614/13 150/605/25
f 156/615/17 149/606/21 148/616/17
f 154/617/26 147/609/11 146/618/26
f 161/619/22 146/618/26 153/611/22
f 159/620/13 152/612/18 151/614/13
f 165/52/92 158/613/93 157/604/92
f 166/308/93 159/620/94 158/613/93
f 167/312/94 160/610/95 159/620/94
f 160/610/95 169/48/96 161/619/96
f 161/619/96 162/60/97 154/617/97
f 162/306/97 155/607/98 154/617/97
f 163/310/98 156/621/99 155/607/98
f 164/40/99 157/604/92 156/615/99
f 183/622/100 174/623/101 182/624/102
f 183/625/100 176/626/103 175/627/104
f 185/628/105 176/629/103 184/630/106
f 185/631/105 170/632/107 177/633/108
f 178/634/109 171/635/110 170/636/107
f 180/637/111 171/638/110 179/639/112
f 181/640/113 172/641/114 180/642/111
f 174/643/101 181/644/113 182/645/102
f 175/646/104 190/83/115 174/623/101
f 173/647/116 188/65/117 172/641/114
f 171/635/110 186/72/118 170/636/107
f 175/627/104 192/79/119 191/81/120
f 174/643/101 189/62/121 173/648/116
f 172/649/114 187/68/122 171/638/110
f 177/633/108 186/73/118 193/75/123
f 177/650/108 192/77/119 176/629/103
f 195/319/124 194/76/125 202/651/1
f 194/74/125 201/318/126 202/651/1
f 201/71/126 200/317/127 202/651/1
f 200/316/127 199/67/128 202/651/1
f 199/315/128 198/64/129 202/651/1
f 198/314/129 197/61/130 202/651/1
f 197/321/130 196/82/131 202/651/1
f 196/80/131 195/320/124 202/651/1
f 209/652/132 216/653/133 217/654/132
f 206/655/134 215/656/18 207/657/18
f 205/658/135 212/659/136 213/660/135
f 209/652/132 218/661/137 210/662/137
f 207/657/18 216/653/133 208/663/133
f 205/664/135 214/665/134 206/655/134
f 204/666/136 211/667/17 212/659/136
f 210/662/137 211/667/17 203/668/17
f 222/669/138 215/656/139 214/665/138
f 223/670/139 216/653/140 215/656/139
f 224/671/140 217/654/141 216/653/140
f 217/654/141 226/672/142 218/661/142
f 218/661/142 219/673/143 211/667/143
f 211/667/143 220/674/144 212/659/144
f 212/659/144 221/675/145 213/660/145
f 221/676/145 214/665/138 213/677/145
f 231/678/146 224/679/147 223/680/148
f 224/681/147 233/682/149 225/683/150
f 233/684/149 226/685/151 225/686/150
f 226/687/151 227/688/152 219/689/153
f 219/690/153 228/691/154 220/692/155
f 228/693/154 221/694/156 220/695/155
f 229/696/157 222/697/158 221/676/156
f 230/698/159 223/699/148 222/700/158
f 239/87/160 232/701/161 231/702/146
f 240/90/162 233/703/149 232/704/161
f 241/91/163 234/705/164 233/706/149
f 242/94/165 227/707/152 234/708/164
f 227/709/152 236/98/166 228/710/154
f 236/102/166 229/711/157 228/712/154
f 237/103/167 230/713/159 229/714/157
f 238/106/168 231/715/146 230/716/159
f 244/717/169 243/718/170 251/719/2
f 243/720/170 250/721/171 251/719/2
f 250/722/171 249/723/172 251/719/2
f 249/724/172 248/725/173 251/719/2
f 248/726/173 247/727/174 251/719/2
f 247/728/174 246/729/175 251/719/2
f 246/730/175 245/731/176 251/719/2
f 245/732/176 244/733/169 251/719/2
f 258/734/177 265/735/178 266/736/177
f 255/737/179 264/738/17 256/739/17
f 253/740/180 262/741/181 254/742/181
f 258/734/177 267/743/182 259/744/182
f 256/739/17 265/735/178 257/745/178
f 254/746/181 263/747/179 255/737/179
f 253/740/180 260/748/18 261/749/180
f 259/744/182 260/748/18 252/750/18
f 271/751/183 264/738/184 263/747/183
f 264/738/184 273/752/185 265/735/185
f 273/753/185 266/736/186 265/735/185
f 274/754/186 267/743/187 266/736/186
f 275/755/187 260/748/188 267/743/187
f 268/756/188 261/749/189 260/748/188
f 261/749/189 270/757/190 262/741/190
f 270/758/190 263/747/183 262/759/190
f 272/760/191 281/761/192 273/762/193
f 273/763/193 282/764/194 274/765/195
f 282/766/194 275/767/196 274/768/195
f 275/769/196 276/770/197 268/771/198
f 268/772/198 277/773/199 269/774/200
f 269/775/200 278/776/201 270/777/202
f 278/778/201 271/779/203 270/758/202
f 279/780/204 272/781/191 271/782/203
f 288/111/205 281/783/192 280/784/206
f 289/114/207 282/785/194 281/786/192
f 290/115/208 283/787/209 282/788/194
f 291/118/210 276/789/197 283/790/209
f 276/791/197 285/122/211 277/792/199
f 277/793/199 286/125/212 278/794/201
f 286/129/212 279/795/204 278/796/201
f 287/130/213 280/797/206 279/798/204
f 293/799/214 292/800/215 300/801/3
f 292/802/215 299/803/216 300/801/3
f 299/804/216 298/805/217 300/801/3
f 298/806/217 297/807/218 300/801/3
f 297/808/218 296/809/219 300/801/3
f 296/810/219 295/811/220 300/801/3
f 295/812/220 294/813/221 300/801/3
f 294/814/221 293/815/214 300/801/3
f 307/816/222 314/817/223 315/818/222
f 304/819/224 313/820/26 305/821/26
f 303/822/225 310/823/226 311/824/225
f 307/816/222 316/825/227 308/826/227
f 305/821/26 314/817/223 306/827/223
f 303/828/225 312/829/224 304/819/224
f 302/830/226 309/831/25 310/823/226
f 301/832/25 316/825/227 309/831/25
f 320/833/228 313/820/229 312/829/228
f 321/834/229 314/817/230 313/820/229
f 322/835/230 315/818/231 314/817/230
f 323/836/231 316/825/232 315/818/231
f 316/825/232 317/837/233 309/831/233
f 317/838/233 310/823/234 309/831/233
f 310/823/234 319/839/235 311/824/235
f 319/840/235 312/829/228 311/841/235
f 329/842/236 322/843/237 321/844/238
f 322/845/237 331/846/239 323/847/240
f 331/848/239 324/849/241 323/850/240
f 324/851/241 325/852/242 317/853/243
f 317/854/243 326/855/244 318/856/245
f 318/857/245 327/858/246 319/859/247
f 327/860/246 320/861/248 319/840/247
f 328/862/249 321/863/238 320/864/248
f 337/135/250 330/865/251 329/866/236
f 330/867/251 339/137/252 331/868/239
f 339/139/252 332/869/253 331/870/239
f 332/871/253 333/144/254 325/872/242
f 325/873/242 334/146/255 326/874/244
f 334/150/255 327/875/246 326/876/244
f 335/153/256 328/877/249 327/878/246
f 336/156/257 329/879/236 328/880/249
f 342/881/258 341/882/259 349/883/5
f 341/884/259 348/885/260 349/883/5
f 348/886/260 347/887/261 349/883/5
f 347/888/261 346/889/262 349/883/5
f 346/890/262 345/891/263 349/883/5
f 345/892/263 344/893/264 349/883/5
f 344/894/264 343/895/265 349/883/5
f 343/896/265 342/897/258 349/883/5
f 356/898/266 363/899/267 364/900/266
f 353/901/268 362/902/25 354/903/25
f 351/904/269 360/905/270 352/906/270
f 356/898/266 365/907/271 357/908/271
f 355/909/267 362/902/25 363/899/267
f 352/910/270 361/911/268 353/901/268
f 351/904/269 358/912/26 359/913/269
f 357/908/271 358/912/26 350/914/26
f 369/915/272 362/902/273 361/911/272
f 370/916/273 363/899/274 362/902/273
f 371/917/274 364/900/275 363/899/274
f 372/918/275 365/907/276 364/900/275
f 373/919/276 358/912/277 365/907/276
f 366/920/277 359/913/278 358/912/277
f 359/913/278 368/921/279 360/905/279
f 368/922/279 361/911/272 360/923/279
f 378/924/280 371/925/281 370/926/282
f 371/927/281 380/928/283 372/929/284
f 380/930/283 373/931/285 372/932/284
f 373/933/285 374/934/286 366/935/287
f 366/936/287 375/937/288 367/938/289
f 367/939/289 376/940/290 368/941/291
f 376/942/290 369/943/292 368/922/291
f 377/944/293 370/945/282 369/946/292
f 378/947/280 387/158/294 379/948/295
f 387/162/294 380/949/283 379/950/295
f 388/163/296 381/951/297 380/952/283
f 381/953/297 382/168/298 374/954/286
f 382/169/298 375/955/288 374/956/286
f 383/174/299 376/957/290 375/958/288
f 384/175/300 377/959/293 376/960/290
f 385/180/301 378/961/280 377/962/293
f 391/963/302 390/964/303 398/965/6
f 390/966/303 397/967/304 398/965/6
f 397/968/304 396/969/305 398/965/6
f 396/970/305 395/971/306 398/965/6
f 395/972/306 394/973/307 398/965/6
f 394/974/307 393/975/308 398/965/6
f 393/976/308 392/977/309 398/965/6
f 392/978/309 391/979/302 398/965/6
f 405/980/310 412/981/311 413/982/310
f 402/983/312 411/984/22 403/985/22
f 401/986/313 408/987/314 409/988/313
f 405/980/310 414/989/315 406/990/315
f 403/985/22 412/981/311 404/991/311
f 401/992/313 410/993/312 402/983/312
f 400/994/314 407/995/21 408/987/314
f 406/990/315 407/995/21 399/996/21
f 410/993/316 419/997/317 411/984/317
f 419/998/317 412/981/318 411/984/317
f 420/999/318 413/982/319 412/981/318
f 421/1000/319 414/989/320 413/982/319
f 422/1001/320 407/995/321 414/989/320
f 415/1002/321 408/987/322 407/995/321
f 408/987/322 417/1003/323 409/988/323
f 417/1004/323 410/993/316 409/1005/323
f 427/1006/324 420/1007/325 419/1008/326
f 420/1009/325 429/1010/327 421/1011/328
f 429/1012/327 422/1013/329 421/1014/328
f 422/1015/329 423/1016/330 415/1017/331
f 423/1018/330 416/1019/332 415/1020/331
f 416/1021/332 425/1022/333 417/1023/334
f 425/1024/333 418/1025/335 417/1004/334
f 426/1026/336 419/1027/326 418/1028/335
f 435/181/337 428/1029/338 427/1030/324
f 428/1031/338 437/185/339 429/1032/327
f 437/187/339 430/1033/340 429/1034/327
f 438/192/341 423/1035/330 430/1036/340
f 431/193/342 424/1037/343 423/1038/330
f 432/198/344 425/1039/333 424/1040/343
f 433/201/345 426/1041/336 425/1042/333
f 434/202/346 427/1043/324 426/1044/336
f 440/1045/347 439/1046/348 447/1047/7
f 439/1048/348 446/1049/349 447/1047/7
f 446/1050/349 445/1051/350 447/1047/7
f 445/1052/350 444/1053/351 447/1047/7
f 444/1054/351 443/1055/352 447/1047/7
f 443/1056/352 442/1057/353 447/1047/7
f 442/1058/353 441/1059/354 447/1047/7
f 441/1060/354 440/1061/347 447/1047/7
f 454/1062/355 461/1063/356 462/1064/355
f 451/1065/357 460/1066/21 452/1067/21
f 449/1068/358 458/1069/359 450/1070/359
f 454/1062/355 463/1071/360 455/1072/360
f 452/1067/21 461/1063/356 453/1073/356
f 450/1074/359 459/1075/357 451/1065/357
f 449/1068/358 456/1076/22 457/1077/358
f 455/1072/360 456/1076/22 448/1078/22
f 459/1075/361 468/1079/362 460/1066/362
f 468/1080/362 461/1063/363 460/1066/362
f 469/1081/363 462/1064/364 461/1063/363
f 462/1064/364 471/1082/365 463/1071/365
f 463/1071/365 464/1083/366 456/1076/366
f 464/1084/366 457/1077/367 456/1076/366
f 457/1077/367 466/1085/368 458/1069/368
f 466/1086/368 459/1075/361 458/1087/368
f 476/1088/369 469/1089/370 468/1090/371
f 477/1091/372 470/1092/373 469/1093/370
f 478/1094/374 471/1095/375 470/1096/373
f 471/1097/375 472/1098/376 464/1099/377
f 464/1100/377 473/1101/378 465/1102/379
f 465/1103/379 474/1104/380 466/1105/381
f 474/1106/380 467/1107/382 466/1086/381
f 475/1108/383 468/1109/371 467/1110/382
f 484/205/384 477/1111/372 476/1112/369
f 485/210/385 478/1113/374 477/1114/372
f 486/213/386 479/1115/387 478/1116/374
f 487/216/388 472/1117/376 479/1118/387
f 472/1119/376 481/218/389 473/1120/378
f 473/1121/378 482/221/390 474/1122/380
f 474/1123/380 483/224/391 475/1124/383
f 483/228/391 476/1125/369 475/1126/383
f 489/1127/392 488/1128/393 496/1129/8
f 488/1130/393 495/1131/394 496/1129/8
f 495/1132/394 494/1133/395 496/1129/8
f 494/1134/395 493/1135/396 496/1129/8
f 493/1136/396 492/1137/397 496/1129/8
f 492/1138/397 491/1139/398 496/1129/8
f 491/1140/398 490/1141/399 496/1129/8
f 490/1142/399 489/1143/392 496/1129/8
f 503/1144/400 510/1145/401 511/1146/400
f 500/1147/402 509/1148/11 501/1149/11
f 499/1150/403 506/1151/404 507/1152/403
f 503/1144/400 512/1153/405 504/1154/405
f 501/1149/11 510/1145/401 502/1155/401
f 499/1156/403 508/1157/402 500/1147/402
f 498/1158/404 505/1159/13 506/1151/404
f 504/1154/405 505/1159/13 497/1160/13
f 516/1161/406 509/1148/407 508/1157/406
f 517/1162/407 510/1145/408 509/1148/407
f 518/1163/408 511/1146/409 510/1145/408
f 519/1164/409 512/1153/410 511/1146/409
f 512/1153/410 513/1165/411 505/1159/411
f 513/1166/411 506/1151/412 505/1159/411
f 506/1151/412 515/1167/413 507/1152/413
f 515/1168/413 508/1157/406 507/1169/413
f 525/1170/414 518/1171/415 517/1172/416
f 518/1173/415 527/1174/417 519/1175/418
f 527/1176/417 520/1177/419 519/1178/418
f 520/1179/419 521/1180/420 513/1181/421
f 521/1182/420 514/1183/422 513/1184/421
f 522/1185/423 515/1186/424 514/1187/422
f 523/1188/425 516/1189/426 515/1168/424
f 524/1190/427 517/1191/416 516/1192/426
f 533/229/428 526/1193/429 525/1194/414
f 526/1195/429 535/233/430 527/1196/417
f 535/235/430 528/1197/431 527/1198/417
f 528/1199/431 529/239/432 521/1200/420
f 529/241/432 522/1201/423 521/1202/420
f 530/246/433 523/1203/425 522/1204/423
f 531/249/434 524/1205/427 523/1206/425
f 524/1207/427 533/251/428 525/1208/414
f 538/1209/435 537/1210/436 545/1211/9
f 537/1212/436 544/1213/437 545/1211/9
f 544/1214/437 543/1215/438 545/1211/9
f 543/1216/438 542/1217/439 545/1211/9
f 542/1218/439 541/1219/440 545/1211/9
f 541/1220/440 540/1221/441 545/1211/9
f 540/1222/441 539/1223/442 545/1211/9
f 539/1224/442 538/1225/435 545/1211/9
f 552/1226/443 559/1227/444 560/1228/443
f 549/1229/445 558/1230/13 550/1231/13
f 547/1232/446 556/1233/447 548/1234/447
f 552/1226/443 561/1235/448 553/1236/448
f 551/1237/444 558/1230/13 559/1227/444
f 548/1238/447 557/1239/445 549/1229/445
f 547/1232/446 554/1240/11 555/1241/446
f 553/1236/448 554/1240/11 546/1242/11
f 565/1243/449 558/1230/450 557/1239/449
f 566/1244/450 559/1227/451 558/1230/450
f 559/1227/451 568/1245/452 560/1228/452
f 560/1228/452 569/1246/453 561/1235/453
f 561/1235/453 562/1247/454 554/1240/454
f 562/1248/454 555/1241/455 554/1240/454
f 555/1241/455 564/1249/456 556/1233/456
f 564/1250/456 557/1239/449 556/1251/456
f 574/1252/457 567/1253/458 566/1254/459
f 567/1255/458 576/1256/460 568/1257/461
f 576/1258/460 569/1259/462 568/1260/461
f 577/1261/463 562/1262/464 569/1263/462
f 562/1264/464 571/1265/465 563/1266/466
f 571/1267/465 564/1268/467 563/1269/466
f 572/1270/468 565/1271/469 564/1250/467
f 573/1272/470 566/1273/459 565/1274/469
f 574/1275/457 583/255/471 575/1276/472
f 583/258/471 576/1277/460 575/1278/472
f 584/259/473 577/1279/463 576/1280/460
f 577/1281/463 578/264/474 570/1282/475
f 570/1283/475 579/266/476 571/1284/465
f 571/1285/465 580/269/477 572/1286/468
f 572/1287/468 581/272/478 573/1288/470
f 573/1289/470 582/276/479 574/1290/457
f 587/1291/480 586/1292/481 594/1293/10
f 586/1294/481 593/1295/482 594/1293/10
f 593/1296/482 592/1297/483 594/1293/10
f 592/1298/483 591/1299/484 594/1293/10
f 591/1300/484 590/1301/485 594/1293/10
f 590/1302/485 589/1303/486 594/1293/10
f 589/1304/486 588/1305/487 594/1293/10
f 588/1306/487 587/1307/480 594/1293/10
f 19/386/11 18/399/12 2/27/12
f 27/387/13 26/401/14 10/11/14
f 20/388/15 19/386/11 3/29/11
f 28/389/16 27/387/13 11/13/13
f 21/390/17 20/388/15 4/31/15
f 29/391/18 28/389/16 12/15/16
f 22/392/19 21/416/17 5/1/17
f 30/393/20 29/391/18 13/17/18
f 23/394/21 22/392/19 6/3/19
f 31/395/22 30/393/20 14/19/20
f 24/396/23 23/394/21 7/5/21
f 32/397/24 31/395/22 15/21/22
f 25/398/25 24/396/23 8/7/23
f 18/399/12 17/400/26 1/25/26
f 17/400/26 32/397/24 16/23/24
f 26/401/14 25/398/25 9/9/25
f 29/391/27 45/1308/27 44/402/28
f 29/391/27 30/393/29 46/403/29
f 31/395/30 47/1309/30 46/405/29
f 31/395/30 32/397/31 48/406/31
f 17/400/32 33/1310/32 48/408/31
f 18/399/33 34/1311/33 33/409/32
f 18/399/33 19/386/34 35/410/34
f 19/386/34 20/388/35 36/412/35
f 20/388/35 21/390/36 37/414/36
f 21/416/36 22/392/37 38/417/37
f 23/394/38 39/1312/38 38/419/37
f 23/394/38 24/396/39 40/420/39
f 25/398/40 41/1313/40 40/422/39
f 26/401/41 42/1314/41 41/423/40
f 27/387/42 43/1315/42 42/424/41
f 28/389/28 44/1316/28 43/425/42
f 46/426/20 62/433/20 61/427/18
f 39/429/21 55/435/21 54/430/19
f 47/432/22 63/437/22 62/433/20
f 40/434/23 56/439/23 55/435/21
f 48/436/24 64/443/24 63/437/22
f 41/438/25 57/445/25 56/439/23
f 34/440/12 50/447/12 49/441/26
f 33/442/26 49/441/26 64/443/24
f 42/444/14 58/449/14 57/445/25
f 35/446/11 51/451/11 50/447/12
f 43/448/13 59/453/13 58/449/14
f 36/450/15 52/455/15 51/451/11
f 44/452/16 60/456/16 59/453/13
f 37/454/17 53/1317/17 52/455/15
f 45/428/18 61/427/18 60/456/16
f 38/431/19 54/430/19 53/457/17
f 60/459/43 61/1318/44 77/460/44
f 62/462/45 78/465/45 77/460/44
f 63/464/46 79/468/46 78/465/45
f 64/467/47 80/471/47 79/468/46
f 49/470/48 65/475/48 80/471/47
f 49/473/48 50/1319/49 66/474/49
f 51/476/50 67/479/50 66/474/49
f 52/478/51 68/482/51 67/479/50
f 53/481/52 69/510/52 68/482/51
f 54/484/53 70/488/53 69/485/52
f 55/487/54 71/491/54 70/488/53
f 56/490/55 72/494/55 71/491/54
f 57/493/56 73/498/56 72/494/55
f 57/496/56 58/1320/57 74/497/57
f 59/499/58 75/502/58 74/497/57
f 59/501/58 60/1321/43 76/461/43
f 66/474/12 82/506/62 81/503/59
f 65/475/26 81/503/59 96/504/60
f 74/497/14 90/507/63 89/505/61
f 67/479/11 83/508/64 82/506/62
f 75/502/13 91/509/65 90/507/63
f 68/482/15 84/511/66 83/508/64
f 76/461/16 92/512/67 91/509/65
f 69/510/17 85/536/68 84/511/66
f 77/460/18 93/514/69 92/512/67
f 70/488/19 86/515/70 85/513/68
f 78/465/20 94/516/71 93/514/69
f 71/491/21 87/517/72 86/515/70
f 79/468/22 95/518/73 94/516/71
f 72/494/23 88/519/74 87/517/72
f 80/471/24 96/504/60 95/518/73
f 73/498/25 89/505/61 88/519/74
f 81/503/59 98/1322/76 113/520/75
f 82/506/62 99/1323/77 98/521/76
f 83/508/64 100/1324/86 99/522/77
f 92/512/67 109/1325/79 108/523/78
f 93/514/69 110/1326/80 109/524/79
f 94/516/71 111/1327/82 110/525/80
f 94/516/71 95/518/73 112/526/81
f 95/518/73 96/504/60 113/528/75
f 89/505/61 90/507/63 107/533/85
f 84/511/66 101/1328/87 100/535/86
f 85/536/68 102/1329/88 101/537/87
f 86/515/70 103/1330/89 102/538/88
f 87/517/72 104/1331/90 103/539/89
f 88/519/74 105/1332/91 104/540/90
f 89/505/61 106/1333/84 105/541/91
f 91/509/65 108/1334/78 107/542/85
f 127/286/19 143/1335/19 144/588/21
f 120/279/22 136/1336/22 137/589/24
f 128/287/21 144/1337/21 145/590/23
f 121/280/24 137/1338/24 138/591/26
f 114/26/25 130/1339/25 131/592/14
f 129/24/23 145/1340/23 130/593/25
f 122/10/26 138/1341/26 139/594/12
f 115/290/14 131/1342/14 132/595/13
f 123/12/12 139/1343/12 140/596/11
f 116/291/13 132/1344/13 133/597/16
f 124/14/11 140/1345/11 141/598/15
f 117/292/16 133/1346/16 134/599/18
f 125/16/15 141/1347/15 142/600/17
f 118/277/18 134/1348/18 135/601/20
f 126/285/17 142/1349/17 143/602/19
f 119/278/20 135/1350/20 136/603/22
f 157/604/21 158/613/25 150/605/25
f 155/607/11 156/621/17 148/608/17
f 160/610/18 161/619/22 153/611/22
f 158/613/25 159/620/13 151/614/13
f 156/615/17 157/604/21 149/606/21
f 154/617/26 155/607/11 147/609/11
f 161/619/22 154/617/26 146/618/26
f 159/620/13 160/610/18 152/612/18
f 165/52/92 166/54/93 158/613/93
f 166/308/93 167/43/94 159/620/94
f 167/312/94 168/55/95 160/610/95
f 160/610/95 168/46/95 169/48/96
f 161/619/96 169/58/96 162/60/97
f 162/306/97 163/37/98 155/607/98
f 163/310/98 164/49/99 156/621/99
f 164/40/99 165/42/92 157/604/92
f 183/622/100 175/646/104 174/623/101
f 183/625/100 184/1351/106 176/626/103
f 185/628/105 177/650/108 176/629/103
f 185/631/105 178/1352/109 170/632/107
f 178/634/109 179/1353/112 171/635/110
f 180/637/111 172/649/114 171/638/110
f 181/640/113 173/647/116 172/641/114
f 174/643/101 173/648/116 181/644/113
f 175/646/104 191/84/120 190/83/115
f 173/647/116 189/66/121 188/65/117
f 171/635/110 187/70/122 186/72/118
f 175/627/104 176/626/103 192/79/119
f 174/643/101 190/63/115 189/62/121
f 172/649/114 188/69/117 187/68/122
f 177/633/108 170/632/107 186/73/118
f 177/650/108 193/78/123 192/77/119
f 209/652/132 208/663/133 216/653/133
f 206/655/134 214/665/134 215/656/18
f 205/658/135 204/666/136 212/659/136
f 209/652/132 217/654/132 218/661/137
f 207/657/18 215/656/18 216/653/133
f 205/664/135 213/677/135 214/665/134
f 204/666/136 203/668/17 211/667/17
f 210/662/137 218/661/137 211/667/17
f 222/669/138 223/1354/139 215/656/139
f 223/670/139 224/1355/140 216/653/140
f 224/671/140 225/1356/141 217/654/141
f 217/654/141 225/1357/141 226/672/142
f 218/661/142 226/1358/142 219/673/143
f 211/667/143 219/1359/143 220/674/144
f 212/659/144 220/1360/144 221/675/145
f 221/676/145 222/697/138 214/665/138
f 231/678/146 232/1361/161 224/679/147
f 224/681/147 232/1362/161 233/682/149
f 233/684/149 234/1363/164 226/685/151
f 226/687/151 234/1364/164 227/688/152
f 219/690/153 227/1365/152 228/691/154
f 228/693/154 229/1366/157 221/694/156
f 229/696/157 230/1367/159 222/697/158
f 230/698/159 231/1368/146 223/699/148
f 239/87/160 240/86/162 232/701/161
f 240/90/162 241/89/163 233/703/149
f 241/91/163 242/93/165 234/705/164
f 242/94/165 235/96/488 227/707/152
f 227/709/152 235/99/488 236/98/166
f 236/102/166 237/101/167 229/711/157
f 237/103/167 238/105/168 230/713/159
f 238/106/168 239/108/160 231/715/146
f 258/734/177 257/745/178 265/735/178
f 255/737/179 263/747/179 264/738/17
f 253/740/180 261/749/180 262/741/181
f 258/734/177 266/736/177 267/743/182
f 256/739/17 264/738/17 265/735/178
f 254/746/181 262/759/181 263/747/179
f 253/740/180 252/750/18 260/748/18
f 259/744/182 267/743/182 260/748/18
f 271/751/183 272/1369/184 264/738/184
f 264/738/184 272/1370/184 273/752/185
f 273/753/185 274/1371/186 266/736/186
f 274/754/186 275/1372/187 267/743/187
f 275/755/187 268/1373/188 260/748/188
f 268/756/188 269/1374/189 261/749/189
f 261/749/189 269/1375/189 270/757/190
f 270/758/190 271/779/183 263/747/183
f 272/760/191 280/1376/206 281/761/192
f 273/763/193 281/1377/192 282/764/194
f 282/766/194 283/1378/209 275/767/196
f 275/769/196 283/1379/209 276/770/197
f 268/772/198 276/1380/197 277/773/199
f 269/775/200 277/1381/199 278/776/201
f 278/778/201 279/1382/204 271/779/203
f 279/780/204 280/1383/206 272/781/191
f 288/111/205 289/110/207 281/783/192
f 289/114/207 290/113/208 282/785/194
f 290/115/208 291/117/210 283/787/209
f 291/118/210 284/120/489 276/789/197
f 276/791/197 284/123/489 285/122/211
f 277/793/199 285/126/211 286/125/212
f 286/129/212 287/128/213 279/795/204
f 287/130/213 288/132/205 280/797/206
f 307/816/222 306/827/223 314/817/223
f 304/819/224 312/829/224 313/820/26
f 303/822/225 302/830/226 310/823/226
f 307/816/222 315/818/222 316/825/227
f 305/821/26 313/820/26 314/817/223
f 303/828/225 311/841/225 312/829/224
f 302/830/226 301/832/25 309/831/25
f 301/832/25 308/826/227 316/825/227
f 320/833/228 321/1384/229 313/820/229
f 321/834/229 322/1385/230 314/817/230
f 322/835/230 323/1386/231 315/818/231
f 323/836/231 324/1387/232 316/825/232
f 316/825/232 324/1388/232 317/837/233
f 317/838/233 318/1389/234 310/823/234
f 310/823/234 318/1390/234 319/839/235
f 319/840/235 320/861/228 312/829/228
f 329/842/236 330/1391/251 322/843/237
f 322/845/237 330/1392/251 331/846/239
f 331/848/239 332/1393/253 324/849/241
f 324/851/241 332/1394/253 325/852/242
f 317/854/243 325/1395/242 326/855/244
f 318/857/245 326/1396/244 327/858/246
f 327/860/246 328/1397/249 320/861/248
f 328/862/249 329/1398/236 321/863/238
f 337/135/250 338/134/490 330/865/251
f 330/867/251 338/138/490 339/137/252
f 339/139/252 340/141/491 332/869/253
f 332/871/253 340/142/491 333/144/254
f 325/873/242 333/147/254 334/146/255
f 334/150/255 335/149/256 327/875/246
f 335/153/256 336/152/257 328/877/249
f 336/156/257 337/155/250 329/879/236
f 356/898/266 355/909/267 363/899/267
f 353/901/268 361/911/268 362/902/25
f 351/904/269 359/913/269 360/905/270
f 356/898/266 364/900/266 365/907/271
f 355/909/267 354/903/25 362/902/25
f 352/910/270 360/923/270 361/911/268
f 351/904/269 350/914/26 358/912/26
f 357/908/271 365/907/271 358/912/26
f 369/915/272 370/1399/273 362/902/273
f 370/916/273 371/1400/274 363/899/274
f 371/917/274 372/1401/275 364/900/275
f 372/918/275 373/1402/276 365/907/276
f 373/919/276 366/1403/277 358/912/277
f 366/920/277 367/1404/278 359/913/278
f 359/913/278 367/1405/278 368/921/279
f 368/922/279 369/943/272 361/911/272
f 378/924/280 379/1406/295 371/925/281
f 371/927/281 379/1407/295 380/928/283
f 380/930/283 381/1408/297 373/931/285
f 373/933/285 381/1409/297 374/934/286
f 366/936/287 374/1410/286 375/937/288
f 367/939/289 375/1411/288 376/940/290
f 376/942/290 377/1412/293 369/943/292
f 377/944/293 378/1413/280 370/945/282
f 378/947/280 386/159/492 387/158/294
f 387/162/294 388/161/296 380/949/283
f 388/163/296 389/165/493 381/951/297
f 381/953/297 389/166/493 382/168/298
f 382/169/298 383/171/299 375/955/288
f 383/174/299 384/173/300 376/957/290
f 384/175/300 385/177/301 377/959/293
f 385/180/301 386/179/492 378/961/280
f 405/980/310 404/991/311 412/981/311
f 402/983/312 410/993/312 411/984/22
f 401/986/313 400/994/314 408/987/314
f 405/980/310 413/982/310 414/989/315
f 403/985/22 411/984/22 412/981/311
f 401/992/313 409/1005/313 410/993/312
f 400/994/314 399/996/21 407/995/21
f 406/990/315 414/989/315 407/995/21
f 410/993/316 418/1414/316 419/997/317
f 419/998/317 420/1415/318 412/981/318
f 420/999/318 421/1416/319 413/982/319
f 421/1000/319 422/1417/320 414/989/320
f 422/1001/320 415/1418/321 407/995/321
f 415/1002/321 416/1419/322 408/987/322
f 408/987/322 416/1420/322 417/1003/323
f 417/1004/323 418/1025/316 410/993/316
f 427/1006/324 428/1421/338 420/1007/325
f 420/1009/325 428/1422/338 429/1010/327
f 429/1012/327 430/1423/340 422/1013/329
f 422/1015/329 430/1424/340 423/1016/330
f 423/1018/330 424/1425/343 416/1019/332
f 416/1021/332 424/1426/343 425/1022/333
f 425/1024/333 426/1427/336 418/1025/335
f 426/1026/336 427/1428/324 419/1027/326
f 435/181/337 436/183/494 428/1029/338
f 428/1031/338 436/186/494 437/185/339
f 437/187/339 438/189/341 430/1033/340
f 438/192/341 431/191/342 423/1035/330
f 431/193/342 432/195/344 424/1037/343
f 432/198/344 433/197/345 425/1039/333
f 433/201/345 434/200/346 426/1041/336
f 434/202/346 435/204/337 427/1043/324
f 454/1062/355 453/1073/356 461/1063/356
f 451/1065/357 459/1075/357 460/1066/21
f 449/1068/358 457/1077/358 458/1069/359
f 454/1062/355 462/1064/355 463/1071/360
f 452/1067/21 460/1066/21 461/1063/356
f 450/1074/359 458/1087/359 459/1075/357
f 449/1068/358 448/1078/22 456/1076/22
f 455/1072/360 463/1071/360 456/1076/22
f 459/1075/361 467/1429/361 468/1079/362
f 468/1080/362 469/1430/363 461/1063/363
f 469/1081/363 470/1431/364 462/1064/364
f 462/1064/364 470/1432/364 471/1082/365
f 463/1071/365 471/1433/365 464/1083/366
f 464/1084/366 465/1434/367 457/1077/367
f 457/1077/367 465/1435/367 466/1085/368
f 466/1086/368 467/1107/361 459/1075/361
f 476/1088/369 477/1436/372 469/1089/370
f 477/1091/372 478/1437/374 470/1092/373
f 478/1094/374 479/1438/387 471/1095/375
f 471/1097/375 479/1439/387 472/1098/376
f 464/1100/377 472/1440/376 473/1101/378
f 465/1103/379 473/1441/378 474/1104/380
f 474/1106/380 475/1442/383 467/1107/382
f 475/1108/383 476/1443/369 468/1109/371
f 484/205/384 485/207/385 477/1111/372
f 485/210/385 486/209/386 478/1113/374
f 486/213/386 487/212/388 479/1115/387
f 487/216/388 480/215/495 472/1117/376
f 472/1119/376 480/219/495 481/218/389
f 473/1121/378 481/222/389 482/221/390
f 474/1123/380 482/225/390 483/224/391
f 483/228/391 484/227/384 476/1125/369
f 503/1144/400 502/1155/401 510/1145/401
f 500/1147/402 508/1157/402 509/1148/11
f 499/1150/403 498/1158/404 506/1151/404
f 503/1144/400 511/1146/400 512/1153/405
f 501/1149/11 509/1148/11 510/1145/401
f 499/1156/403 507/1169/403 508/1157/402
f 498/1158/404 497/1160/13 505/1159/13
f 504/1154/405 512/1153/405 505/1159/13
f 516/1161/406 517/1444/407 509/1148/407
f 517/1162/407 518/1445/408 510/1145/408
f 518/1163/408 519/1446/409 511/1146/409
f 519/1164/409 520/1447/410 512/1153/410
f 512/1153/410 520/1448/410 513/1165/411
f 513/1166/411 514/1449/412 506/1151/412
f 506/1151/412 514/1450/412 515/1167/413
f 515/1168/413 516/1189/406 508/1157/406
f 525/1170/414 526/1451/429 518/1171/415
f 518/1173/415 526/1452/429 527/1174/417
f 527/1176/417 528/1453/431 520/1177/419
f 520/1179/419 528/1454/431 521/1180/420
f 521/1182/420 522/1455/423 514/1183/422
f 522/1185/423 523/1456/425 515/1186/424
f 523/1188/425 524/1457/427 516/1189/426
f 524/1190/427 525/1458/414 517/1191/416
f 533/229/428 534/231/496 526/1193/429
f 526/1195/429 534/234/496 535/233/430
f 535/235/430 536/237/497 528/1197/431
f 528/1199/431 536/240/497 529/239/432
f 529/241/432 530/243/433 522/1201/423
f 530/246/433 531/245/434 523/1203/425
f 531/249/434 532/248/498 524/1205/427
f 524/1207/427 532/252/498 533/251/428
f 552/1226/443 551/1237/444 559/1227/444
f 549/1229/445 557/1239/445 558/1230/13
f 547/1232/446 555/1241/446 556/1233/447
f 552/1226/443 560/1228/443 561/1235/448
f 551/1237/444 550/1231/13 558/1230/13
f 548/1238/447 556/1251/447 557/1239/445
f 547/1232/446 546/1242/11 554/1240/11
f 553/1236/448 561/1235/448 554/1240/11
f 565/1243/449 566/1459/450 558/1230/450
f 566/1244/450 567/1460/451 559/1227/451
f 559/1227/451 567/1461/451 568/1245/452
f 560/1228/452 568/1462/452 569/1246/453
f 561/1235/453 569/1463/453 562/1247/454
f 562/1248/454 563/1464/455 555/1241/455
f 555/1241/455 563/1465/455 564/1249/456
f 564/1250/456 565/1271/449 557/1239/449
f 574/1252/457 575/1466/472 567/1253/458
f 567/1255/458 575/1467/472 576/1256/460
f 576/1258/460 577/1468/463 569/1259/462
f 577/1261/463 570/1469/475 562/1262/464
f 562/1264/464 570/1470/475 571/1265/465
f 571/1267/465 572/1471/468 564/1268/467
f 572/1270/468 573/1472/470 565/1271/469
f 573/1272/470 574/1473/457 566/1273/459
f 574/1275/457 582/253/479 583/255/471
f 583/258/471 584/257/473 576/1277/460
f 584/259/473 585/261/499 577/1279/463
f 577/1281/463 585/262/499 578/264/474
f 570/1283/475 578/267/474 579/266/476
f 571/1285/465 579/270/476 580/269/477
f 572/1287/468 580/273/477 581/272/478
f 573/1289/470 581/274/478 582/276/479
