{"anim": {"Fire": {"Body": {"location": {"x": [[0.0, 0.0], [0.0, 33.333333333333336], [0.0, 66.66666666666666], [0.0, 66.66666666666666], [0.0, 83.33333333333334], [0.0, 100.0]], "z": [[-0.0, 0.0], [1.2799978256225586, 33.333333333333336], [3.300405740737915, 66.66666666666666], [3.3889946937561035, 66.66666666666666], [2.0333967208862305, 83.33333333333334], [-0.0, 100.0]], "y": [[0.0, 0.0], [0.9528294205665588, 33.333333333333336], [1.7167738676071167, 66.66666666666666], [0.5139352083206177, 66.66666666666666], [0.30836111307144165, 83.33333333333334], [0.0, 100.0]]}, "rotation_euler": {"x": [[0.0, 0.0], [-5.1962657672336, 16.666666666666668], [6.746534720605728, 100.0], [1.678380570478235, 49.999999999999986], [1.0070283636312822, 83.33333333333334], [0.0, 100.0]], "z": [[-0.0, 0.0], [-0.0, 16.666666666666668], [-0.0, 100.0], [0.0, 49.999999999999986], [0.0, 83.33333333333334], [-0.0, 100.0]], "y": [[0.0, 0.0], [0.0, 16.666666666666668], [0.0, 100.0], [0.0, 49.999999999999986], [0.0, 83.33333333333334], [0.0, 100.0]]}}, "Bolt": {"location": {"z": [[-0.0, 0.0], [4.257456302642822, 66.66666666666667], [4.257456302642822, 33.33333333333333], [2.882056713104248, 66.66666666666666], [-0.0, 83.33333333333334]]}}}, "Reload": {"Body": {"location": {"x": [[0.0, 0.0], [0.5007915496826172, 83.33333333333333], [0.46001285314559937, 83.33333333333333], [0.15397095680236816, 100.00000000000003], [0.03881697356700897, 116.66666666666663], [0.03881697356700897, 116.66666666666669], [0.6601351499557495, 383.33333333333326], [0.4018043577671051, 133.33333333333337], [0.8223400712013245, 83.33333333333337], [0.6317735910415649, 83.33333333333326], [0.15794339776039124, 116.66666666666674], [0.0, 66.66666666666674]], "z": [[-0.0, 0.0], [0.4146515130996704, 83.33333333333333], [0.3180652856826782, 83.33333333333333], [-0.12122371792793274, 100.00000000000003], [-0.2061876803636551, 116.66666666666663], [-0.2061876803636551, 116.66666666666669], [-0.6247760653495789, 383.33333333333326], [-1.290284276008606, 133.33333333333337], [-1.3669732809066772, 83.33333333333337], [-1.4020495414733887, 83.33333333333326], [-0.35051238536834717, 116.66666666666674], [-0.0, 66.66666666666674]], "y": [[0.0, 0.0], [1.4644715785980225, 83.33333333333333], [1.9239956140518188, 83.33333333333333], [-0.3446009159088135, 100.00000000000003], [-0.7123041152954102, 116.66666666666663], [-0.7123041152954102, 116.66666666666669], [0.6297056674957275, 383.33333333333326], [0.5360619425773621, 133.33333333333337], [1.523516058921814, 83.33333333333337], [0.8995347023010254, 83.33333333333326], [0.22488367557525635, 116.66666666666674], [0.0, 66.66666666666674]]}, "rotation_euler": {"x": [[0.0, 0.0], [8.444355823730817, 116.66666666666667], [10.09434425832466, 83.33333333333333], [10.670753313892146, 33.33333333333334], [4.141512097107088, 116.66666666666666], [1.1253919134096066, 150.0], [-4.873045847782964, 350.0], [-4.873045847782964, 166.66666666666663], [-1.8423141819035325, 50.000000000000114], [-0.5846049624063828, 116.66666666666652], [-0.1461512406015957, 116.66666666666674], [0.0, 66.66666666666674]], "z": [[-0.0, 0.0], [-9.164495111323818, 116.66666666666667], [-10.54833497962436, 83.33333333333333], [-10.991167733141198, 33.33333333333334], [-9.358875464913211, 116.66666666666666], [-10.721522963766496, 150.0], [-22.99460365222414, 350.0], [-22.99460365222414, 166.66666666666663], [-24.61038393813362, 50.000000000000114], [-19.906907354893153, 116.66666666666652], [-4.976726838723288, 116.66666666666674], [-0.0, 66.66666666666674]], "y": [[-0.0, 0.0], [-1.7598609920167847, 116.66666666666667], [-2.1381843163701446, 83.33333333333333], [-2.2967894197474803, 33.33333333333334], [-2.016966814735813, 116.66666666666666], [-2.2765310786692226, 150.0], [0.2646153489071927, 350.0], [0.2646153489071927, 166.66666666666663], [-1.4523905282968463, 50.000000000000114], [-0.7688532106097378, 116.66666666666652], [-0.19221331599264765, 116.66666666666674], [0.0, 66.66666666666674]]}}, "Drum": {"location": {"x": [[0.0, 0.0], [0.0, 266.6666666666667], [0.0, 99.99999999999994], [0.0, 316.66666666666674], [-7.078051567077637e-08, 183.33333333333337], [-7.078051567077637e-08, 66.66666666666663], [-7.078051567077637e-08, 83.33333333333326]], "z": [[-0.0, 0.0], [-0.0, 266.6666666666667], [-0.0, 99.99999999999994], [-0.0, 316.66666666666674], [-0.16810643672943115, 183.33333333333337], [-0.16810643672943115, 66.66666666666663], [-0.0, 83.33333333333326]], "y": [[0.0, 0.0], [0.0, 266.6666666666667], [-3.731025218963623, 99.99999999999994], [-3.731025218963623, 316.66666666666674], [-0.9465155601501465, 183.33333333333337], [-0.9465155601501465, 66.66666666666663], [0.0, 83.33333333333326]]}, "rotation_euler": {"x": [[0.0, 0.0], [0.0, 266.6666666666667], [0.0, 99.99999999999994], [0.0, 316.66666666666674], [18.37620219773806, 183.33333333333337], [18.37620219773806, 66.66666666666663], [0.0, 83.33333333333326]], "z": [[0.0, 0.0], [0.0, 266.6666666666667], [0.0, 99.99999999999994], [0.0, 316.66666666666674], [3.379190651762519e-06, 183.33333333333337], [3.379190651762519e-06, 66.66666666666663], [-0.0, 83.33333333333326]], "y": [[0.0, 0.0], [0.0, 266.6666666666667], [0.0, 99.99999999999994], [0.0, 316.66666666666674], [-3.3751875801959914e-07, 183.33333333333337], [-3.3751875801959914e-07, 66.66666666666663], [-3.3751875801959914e-07, 83.33333333333326]]}}}, "ReloadEmpty": {"Body": {"location": {"x": [[0.0, 0.0], [0.5007915496826172, 83.33333333333333], [0.46001285314559937, 83.33333333333333], [0.15397095680236816, 100.00000000000003], [0.03881697356700897, 116.66666666666663], [0.03881697356700897, 116.66666666666669], [0.6601351499557495, 383.33333333333326], [0.4018043577671051, 133.33333333333337], [0.8223400712013245, 83.33333333333337], [0.6317735910415649, 133.33333333333348], [-1.6643010377883911, 99.99999999999977], [-2.1745400428771973, 83.33333333333348], [-1.930220603942871, 233.33333333333326], [-2.2005791664123535, 100.0], [0.0, 233.33333333333348]], "z": [[-0.0, 0.0], [0.4146515130996704, 83.33333333333333], [0.3180652856826782, 83.33333333333333], [-0.12122371792793274, 100.00000000000003], [-0.2061876803636551, 116.66666666666663], [-0.2061876803636551, 116.66666666666669], [-0.6247760653495789, 383.33333333333326], [-1.290284276008606, 133.33333333333337], [-1.3669732809066772, 83.33333333333337], [-1.4020495414733887, 133.33333333333348], [-1.1939475536346436, 99.99999999999977], [-1.147702693939209, 83.33333333333348], [-0.7498241662979126, 233.33333333333326], [-1.5017924308776855, 100.0], [-0.0, 233.33333333333348]], "y": [[0.0, 0.0], [1.4644715785980225, 83.33333333333333], [1.9239956140518188, 83.33333333333333], [-0.3446009159088135, 100.00000000000003], [-0.7123041152954102, 116.66666666666663], [-0.7123041152954102, 116.66666666666669], [0.6297056674957275, 383.33333333333326], [0.5360619425773621, 133.33333333333337], [1.523516058921814, 83.33333333333337], [0.8995347023010254, 133.33333333333348], [0.7137325406074524, 99.99999999999977], [0.672443151473999, 83.33333333333348], [0.7088958621025085, 233.33333333333326], [0.8606953024864197, 100.0], [0.0, 233.33333333333348]]}, "rotation_euler": {"x": [[0.0, 0.0], [8.444355823730817, 116.66666666666667], [10.09434425832466, 83.33333333333333], [10.670753313892146, 33.33333333333334], [4.141512097107088, 116.66666666666666], [1.1253919134096066, 150.0], [-4.873045847782964, 350.0], [-4.873045847782964, 166.66666666666663], [-1.8423141819035325, 50.000000000000114], [-0.5846049624063828, 100.0], [4.828984724334035, 166.66666666666652], [5.661844758233873, 83.33333333333348], [9.69551499853563, 233.33333333333326], [3.8410456722158806, 133.33333333333326], [0.0, 200.00000000000023]],