{"anim": {"Fire": {"Gun": {"location": {"x": [[0.0, 0.0], [0.0, 50.0], [-0.015234995633363724, 133.33333333333331], [-0.0032073669135570526, 166.66666666666669], [0.0, 150.0], [0.1729116439819336, 183.33333333333337], [0.13706907629966736, 83.33333333333326], [0.13706907629966736, 200.0], [0.08123889565467834, 166.66666666666663], [0.0, 116.66666666666674]], "z": [[-0.0, 0.0], [-0.7130982875823975, 50.0], [-0.8931010961532593, 133.33333333333331], [-0.1880212426185608, 166.66666666666669], [-0.0, 150.0], [0.07001475989818573, 183.33333333333337], [0.3594728708267212, 83.33333333333326], [0.3594728708267212, 200.0], [0.052131712436676025, 166.66666666666663], [-0.0, 116.66666666666674]], "y": [[0.0, 0.0], [-0.05462139472365379, 50.0], [0.33006909489631653, 133.33333333333331], [0.06948822736740112, 166.66666666666669], [0.0, 150.0], [0.1356278508901596, 183.33333333333337], [0.16076654195785522, 83.33333333333326], [0.16076654195785522, 200.0], [0.13280370831489563, 166.66666666666663], [0.0, 116.66666666666674]]}, "rotation_euler": {"x": [[0.0, 0.0], [5.533829083941263, 83.33333333333333], [-6.777895961066664, 133.33333333333337], [-1.4269255553586289, 166.66666666666663], [0.0, 116.66666666666669], [-1.6187724423744758, 216.66666666666663], [-3.0496036919995886, 100.0], [-1.5771150119048625, 216.66666666666663], [-1.3797563756722266, 133.33333333333348], [0.0, 116.66666666666652]], "z": [[-0.0, 0.0], [0.20789931232904474, 83.33333333333333], [-0.2137078679498249, 133.33333333333337], [-0.04499113641374835, 166.66666666666663], [-0.0, 116.66666666666669], [6.481160527009576, 216.66666666666663], [6.3670886839075465, 100.0], [2.910396325865089, 216.66666666666663], [2.9018462096847024, 133.33333333333348], [-0.0, 116.66666666666652]], "y": [[0.0, 0.0], [0.299797573280649, 83.33333333333333], [-0.3922261210480681, 133.33333333333337], [-0.08257391881641295, 166.66666666666663], [0.0, 116.66666666666669], [-1.7981676810899783, 216.66666666666663], [-1.8284025806680975, 100.0], [4.424185025436767, 216.66666666666663], [0.5393851613977845, 133.33333333333348], [0.0, 116.66666666666652]]}}, "Loop": {"rotation_euler": {"z": [[0.0, 0.0], [28.83552188323058, 50.0], [-11.070683087911195, 50.0], [-2.56723823045354, 33.33333333333334], [7.0765451287518255, 49.99999999999997], [80.15762477840892, 116.66666666666669], [60.820607917294126, 50.0], [-0.0, 83.33333333333337]]}, "location": {"x": [[0.2532634139060974, 0.0]], "z": [[3.4837722778320312, 0.0]], "y": [[1.4936577081680298, 0.0]]}}, "Pump": {"location": {"z": [[-0.0, 683.3333333333334], [-0.10627399384975433, 49.999999999999886], [-0.7439179420471191, 66.66666666666674], [-0.7439179420471191, 200.0], [-0.18597948551177979, 66.66666666666674], [-0.0, 66.66666666666652]]}}, "Shell": {"location": {"x": [[1.5205265935236412e-09, 0.0, "CONSTANT"], [-2.204763704938273e-09, 683.3333333333334], [-2.204763704938273e-09, 66.66666666666663], [1.5205265935236412e-09, 116.66666666666674], [-0.01397116482257843, 66.66666666666663], [-0.01397116482257843, 49.999999999999886], [1.5205265935236412e-09, 150.0]], "z": [[1.2549771070480347, 0.0, "CONSTANT"], [1.2549771070480347, 683.3333333333334], [0.4066495895385742, 66.66666666666663], [0.4066495895385742, 116.66666666666674], [0.4519183039665222, 66.66666666666663], [0.4519183039665222, 49.999999999999886], [1.2549771070480347, 150.0]], "y": [[1.7459099292755127, 0.0, "CONSTANT"], [1.199751853942871, 683.3333333333334], [1.199751853942871, 66.66666666666663], [1.5027252435684204, 116.66666666666674], [1.5814520120620728, 66.66666666666663], [1.5814520120620728, 49.999999999999886], [1.7459099292755127, 150.0]]}, "rotation_euler": {"x": [[0.0, 0.0, "CONSTANT"], [0.0, 683.3333333333334], [0.0, 66.66666666666663], [-24.580495030325643, 116.66666666666674], [-15.192167789711336, 66.66666666666663], [-15.192167789711336, 49.999999999999886], [0.0, 150.0]], "z": [[0.0, 0.0, "CONSTANT"], [0.0, 683.3333333333334], [0.0, 66.66666666666663], [0.0, 116.66666666666674], [-9.025331207124422e-09, 66.66666666666663], [-9.025331207124422e-09, 49.999999999999886], [0.0, 150.0]], "y": [[0.0, 0.0, "CONSTANT"], [0.0, 683.3333333333334], [0.0, 66.66666666666663], [8.004127933608693e-08, 116.66666666666674], [1.31019960381489e-07, 66.66666666666663], [1.31019960381489e-07, 49.999999999999886], [0.0, 150.0]]}}, "Sight": {"rotation_euler": {"x": [[0.0, 0.0], [-10.132303034637006, 50.0], [0.0, 33.33333333333333], [0.0, 99.99999999999999], [-7.955241708397972, 83.33333333333337], [-10.701222787779573, 99.99999999999994], [0.0, 116.66666666666669]]}, "location": {"x": [[0.0, 0.0]], "z": [[2.990000009536743, 0.0]], "y": [[2.104297161102295, 0.0]]}}}, "FireEmpty": {"Gun": {"location": {"x": [[0.0, 0.0], [0.0, 50.0], [-0.015234995633363724, 133.33333333333331], [-0.0032073669135570526, 166.66666666666669], [0.0, 150.0], [0.1729116439819336, 183.33333333333337], [0.13706907629966736, 83.33333333333326], [0.13706907629966736, 200.0], [0.08123889565467834, 166.66666666666663], [0.0, 116.66666666666674]], "z": [[-0.0, 0.0], [-0.7130982875823975, 50.0], [-0.8931010961532593, 133.33333333333331], [-0.1880212426185608, 166.66666666666669], [-0.0, 150.0], [0.07001475989818573, 183.33333333333337], [0.3594728708267212, 83.33333333333326], [0.3594728708267212, 200.0], [0.052131712436676025, 166.66666666666663], [-0.0, 116.66666666666674]], "y": [[0.0, 0.0], [-0.05462139472365379, 50.0], [0.33006909489631653, 133.33333333333331], [0.06948822736740112, 166.66666666666669], [0.0, 150.0], [0.1356278508901596, 183.33333333333337], [0.16076654195785522, 83.33333333333326], [0.16076654195785522, 200.0], [0.13280370831489563, 166.66666666666663], [0.0, 116.66666666666674]]}, "rotation_euler": {"x": [[0.0, 0.0], [5.533829083941263, 83.33333333333333], [-6.777895961066664, 133.33333333333337], [-1.4269255553586289, 166.66666666666663], [0.0, 116.66666666666669], [-1.6187724423744758, 216.66666666666663], [-3.0496036919995886, 100.0], [-1.5771150119048625, 216.66666666666663], [-1.3797563756722266, 133.33333333333348], [0.0, 116.66666666666652]], "z": [[-0.0, 0.0], [0.20789931232904474, 83.33333333333333], [-0.2137078679498249, 133.33333333333337], [-0.04499113641374835, 166.66666666666663], [-0.0, 116.66666666666669], [6.481160527009576, 216.66666666666663], [6.3670886839075465, 100.0], [2.910396325865089, 216.66666666666663], [2.9018462096847024, 133.33333333333348], [-0.0, 116.66666666666652]], "y": [[0.0, 0.0], [0.299797573280649, 83.33333333333333], [-0.3922261210480681, 133.33333333333337], [-0.08257391881641295, 166.66666666666663], [0.0, 116.66666666666669], [-1.7981676810899783, 216.66666666666663], [-1.8284025806680975, 100.0], [4.424185025436767, 216.66666666666663], [0.5393851613977845, 133.33333333333348], [0.0, 116.66666666666652]]}}, "Loop": {"rotation_euler": {"z": [[0.0, 0.0], [28.83552188323058, 50.0], [-11.070683087911195, 50.0], [-2.56723823045354, 33.33333333333334], [7.0765451287518255, 49.99999999999997], [80.15762477840892, 116.66666666666669], [60.820607917294126, 50.0], [-0.0, 83.33333333333337]]}, "location": {"x": [[0.2532634139060974, 0.0]], "z": [[3.4837722778320312, 0.0]], "y": [[1.4936577081680298, 0.0]]}}, "Pump": {"location": {"z": [[-0.0, 683.3333333333334], [-0.10627399384975433, 49.999999999999886], [-0.7439179420471191, 66.66666666666674], [-0.7439179420471191, 200.0], [-0.18597948551177979, 66.66666666666674], [-0.0, 66.66666666666652]]}}, "Shell": {"location": {"x": [[1.5205265935236412e-09, 0.0]], "z": [[1.2549771070480347, 0.0]], "y": [[-4.465472221374512, 0.0]]}}, "Sight": {"rotation_euler": {"x": [[0.0, 0.0], [-10.132303034637006, 50.0], [0.0, 33.33333333333333], [0.0, 99.99999999999999], [-7.955241708397972, 83.33333333333337], [-10.701222787779573, 99.99999999999994], [0.0, 116.66666666666669]]}, "location": {"x": [[0.0, 0.0]], "z": [[2.990000009536743, 0.0]], "y": [[2.104297161102295, 0.0]]}}}, "Reload": {"GuardInner": {"location": {"x": [[3.725290298461914e-09, 0.0]],