{"anim": {"Reload": {"Gauge": {"location": {"x": [[0.0, 0.0, "BEZIER", "AUTO", 292.80862808227545, 0.0, "AUTO_CLAMPED"], [0.0, 750.0, "BEZIER", "AUTO", 457.1913719177246, 0.0, "AUTO_CLAMPED", 1238.0144119262698, 0.0, "AUTO_CLAMPED"], [0.0, 1250.0, "BEZIER", "AUTO", 1511.9855880737305, 0.0, "AUTO_CLAMPED", 2195.2056884765625, 0.0, "AUTO_CLAMPED"], [0.0, 500.0, "BEZIER", "AUTO", 2304.7943115234375, 0.0, "AUTO_CLAMPED", 2988.0144119262695, 0.0, "AUTO_CLAMPED"], [0.0, 1250.0, "LINEAR", "AUTO", 3261.9857788085938, 0.0, "AUTO_CLAMPED"], [0.0, 750.0, "BEZIER", "AUTO", 4792.808532714844, 0.0, "AUTO_CLAMPED"]], "z": [[-0.0, 0.0, "BEZIER", "AUTO", 292.80862808227545, -0.0, "AUTO_CLAMPED"], [-1.0132989883422852, 750.0, "BEZIER", "AUTO", 457.1913719177246, -1.0132989883422852, "AUTO_CLAMPED", 1238.0144119262698, -1.0132989883422852, "AUTO_CLAMPED"], [-1.0132989883422852, 1250.0, "BEZIER", "AUTO", 1511.9855880737305, -1.0132989883422852, "AUTO_CLAMPED", 2195.2056884765625, -1.0132989883422852, "AUTO_CLAMPED"], [-1.0132989883422852, 500.0, "BEZIER", "AUTO", 2304.7943115234375, -1.0132989883422852, "AUTO_CLAMPED", 2988.0144119262695, -1.0132989883422852, "AUTO_CLAMPED"], [-1.0132989883422852, 1250.0, "LINEAR", "AUTO", 3261.9857788085938, -1.0132989883422852, "AUTO_CLAMPED"], [-0.0, 750.0, "BEZIER", "AUTO", 4792.808532714844, -0.0, "AUTO_CLAMPED"]], "y": [[0.0, 0.0, "BEZIER", "AUTO", 292.80862808227545, 0.0, "AUTO_CLAMPED"], [0.0, 750.0, "BEZIER", "AUTO", 457.1913719177246, 0.0, "AUTO_CLAMPED", 1238.0144119262698, 0.0, "AUTO_CLAMPED"], [0.0, 1250.0, "BEZIER", "AUTO", 1511.9855880737305, 0.0, "AUTO_CLAMPED", 2195.2056884765625, 0.0, "AUTO_CLAMPED"], [2.400388240814209, 500.0, "BEZIER", "AUTO", 2304.7943115234375, 2.400388240814209, "AUTO_CLAMPED", 2988.0144119262695, 2.400388240814209, "AUTO_CLAMPED"], [2.400388240814209, 1250.0, "LINEAR", "AUTO", 3261.9857788085938, 2.400388240814209, "AUTO_CLAMPED"], [0.0, 750.0, "BEZIER", "AUTO", 4792.808532714844, 0.0, "AUTO_CLAMPED"]]}, "rotation_euler": {"x": [[0.0, 0.0, "BEZIER", "AUTO", 292.80862808227545, 0.0, "AUTO_CLAMPED"], [31.53669436033596, 750.0, "BEZIER", "AUTO", 457.1913719177246, 31.53669436033596, "AUTO_CLAMPED", 1238.0144119262698, 31.53669436033596, "AUTO_CLAMPED"], [31.53669436033596, 1250.0, "BEZIER", "AUTO", 1511.9855880737305, 31.53669436033596, "AUTO_CLAMPED", 2195.2056884765625, 31.53669436033596, "AUTO_CLAMPED"], [-23.37867031189583, 500.0, "BEZIER", "AUTO", 2304.7943115234375, -23.37867031189583, "AUTO_CLAMPED", 2988.0144119262695, -23.37867031189583, "AUTO_CLAMPED"], [-23.37867031189583, 1250.0, "LINEAR", "AUTO", 3261.9857788085938, -23.37867031189583, "AUTO_CLAMPED"], [0.0, 750.0, "BEZIER", "AUTO", 4792.808532714844, 0.0, "AUTO_CLAMPED"]], "z": [[-0.0, 0.0, "BEZIER", "AUTO", 292.80862808227545, -0.0, "AUTO_CLAMPED"], [0.0, 750.0, "BEZIER", "AUTO", 457.1913719177246, 0.0, "AUTO_CLAMPED", 1238.0144119262698, 0.0, "AUTO_CLAMPED"], [0.0, 1250.0, "BEZIER", "AUTO", 1511.9855880737305, 0.0, "AUTO_CLAMPED", 2195.2056884765625, 0.0, "AUTO_CLAMPED"], [0.0, 500.0, "BEZIER", "AUTO", 2304.7943115234375, 0.0, "AUTO_CLAMPED", 2988.0144119262695, 0.0, "AUTO_CLAMPED"], [-0.0, 1250.0, "LINEAR", "AUTO", 3261.9857788085938, -0.0, "AUTO_CLAMPED"], [-0.0, 750.0, "BEZIER", "AUTO", 4792.808532714844, -0.0, "AUTO_CLAMPED"]], "y": [[0.0, 0.0, "BEZIER", "AUTO", 292.80862808227545, 0.0, "AUTO_CLAMPED"], [0.0, 750.0, "BEZIER", "AUTO", 457.1913719177246, 0.0, "AUTO_CLAMPED", 1238.0144119262698, 0.0, "AUTO_CLAMPED"], [0.0, 1250.0, "BEZIER", "AUTO", 1511.9855880737305, 0.0, "AUTO_CLAMPED", 2195.2056884765625, 0.0, "AUTO_CLAMPED"], [0.0, 500.0, "BEZIER", "AUTO", 2304.7943115234375, 0.0, "AUTO_CLAMPED", 2988.0144119262695, 0.0, "AUTO_CLAMPED"], [0.0, 1250.0, "LINEAR", "AUTO", 3261.9857788085938, 0.0, "AUTO_CLAMPED"], [0.0, 750.0, "BEZIER", "AUTO", 4792.808532714844, 0.0, "AUTO_CLAMPED"]]}}, "Gun": {"location": {"x": [[0.0, 0.0, "BEZIER", "AUTO", 292.80862808227545, 0.0, "AUTO_CLAMPED"], [0.0, 750.0, "BEZIER", "AUTO", 457.1913719177246, 0.0, "AUTO_CLAMPED", 1238.0144119262698, 0.0, "AUTO_CLAMPED"], [0.0, 1250.0, "BEZIER", "AUTO", 1511.9855880737305, 0.0, "AUTO_CLAMPED", 2195.2056884765625, 0.0, "AUTO_CLAMPED"], [0.0, 500.0, "BEZIER", "AUTO", 2304.7943115234375, 0.0, "AUTO_CLAMPED", 2988.0144119262695, 0.0, "AUTO_CLAMPED"], [0.0, 1250.0, "LINEAR", "AUTO", 3261.9857788085938, 0.0, "AUTO_CLAMPED"], [0.0, 750.0, "BEZIER", "AUTO", 4792.808532714844, 0.0, "AUTO_CLAMPED"]], "z": [[-0.0, 0.0, "BEZIER", "AUTO", 292.80862808227545, -0.0, "AUTO_CLAMPED"], [-1.0132989883422852, 750.0, "BEZIER", "AUTO", 457.1913719177246, -1.0132989883422852, "AUTO_CLAMPED", 1238.0144119262698, -1.0132989883422852, "AUTO_CLAMPED"], [-1.0132989883422852, 1250.0, "BEZIER", "AUTO", 1511.9855880737305, -1.0132989883422852, "AUTO_CLAMPED", 2195.2056884765625, -1.0132989883422852, "AUTO_CLAMPED"], [-1.0132989883422852, 500.0, "BEZIER", "AUTO", 2304.7943115234375, -1.0132989883422852, "AUTO_CLAMPED", 2988.0144119262695, -1.0132989883422852, "AUTO_CLAMPED"], [-1.0132989883422852, 1250.0, "LINEAR", "AUTO", 3261.9857788085938, -1.0132989883422852, "AUTO_CLAMPED"], [-0.0, 750.0, "BEZIER", "AUTO", 4792.808532714844, -0.0, "AUTO_CLAMPED"]], "y": [[0.0, 0.0, "BEZIER", "AUTO", 292.80862808227545, 0.0, "AUTO_CLAMPED"], [0.0, 750.0, "BEZIER", "AUTO", 457.1913719177246, 0.0, "AUTO_CLAMPED", 1238.0144119262698, 0.0, "AUTO_CLAMPED"], [0.0, 1250.0, "BEZIER", "AUTO", 1511.9855880737305, 0.0, "AUTO_CLAMPED", 2195.2056884765625, 0.0, "AUTO_CLAMPED"], [2.400388240814209, 500.0, "BEZIER", "AUTO", 2304.7943115234375, 2.400388240814209, "AUTO_CLAMPED", 2988.0144119262695, 2.400388240814209, "AUTO_CLAMPED"], [2.400388240814209, 1250.0, "LINEAR", "AUTO", 3261.9857788085938, 2.400388240814209, "AUTO_CLAMPED"], [0.0, 750.0, "BEZIER", "AUTO", 4792.808532714844, 0.0, "AUTO_CLAMPED"]]}, "rotation_euler": {"x": [[0.0, 0.0, "BEZIER", "AUTO", 292.80862808227545, 0.0, "AUTO_CLAMPED"], [31.53669436033596, 750.0, "BEZIER", "AUTO", 457.1913719177246, 31.53669436033596, "AUTO_CLAMPED", 1238.0144119262698, 31.53669436033596, "AUTO_CLAMPED"], [31.53669436033596, 1250.0, "BEZIER", "AUTO", 1511.9855880737305, 31.53669436033596, "AUTO_CLAMPED", 2195.2056884765625, 31.53669436033596, "AUTO_CLAMPED"], [-23.37867031189583, 500.0, "BEZIER", "AUTO", 2304.7943115234375, -23.37867031189583, "AUTO_CLAMPED", 2988.0144119262695, -23.37867031189583, "AUTO_CLAMPED"], [-23.37867031189583, 1250.0, "LINEAR", "AUTO", 3261.9857788085938, -23.37867031189583, "AUTO_CLAMPED"], [0.0, 750.0, "BEZIER", "AUTO", 4792.808532714844, 0.0, "AUTO_CLAMPED"]], "z": [[-0.0, 0.0, "BEZIER", "AUTO", 292.80862808227545, -0.0, "AUTO_CLAMPED"], [0.0, 750.0, "BEZIER", "AUTO", 457.1913719177246, 0.0, "AUTO_CLAMPED", 1238.0144119262698, 0.0, "AUTO_CLAMPED"], [0.0, 1250.0, "BEZIER", "AUTO", 1511.9855880737305, 0.0, "AUTO_CLAMPED", 2195.2056884765625, 0.0, "AUTO_CLAMPED"], [0.0, 500.0, "BEZIER", "AUTO", 2304.7943115234375, 0.0, "AUTO_CLAMPED", 2988.0144119262695, 0.0, "AUTO_CLAMPED"], [0.0, 1250.0, "LINEAR", "AUTO", 3261.9857788085938, 0.0, "AUTO_CLAMPED"], [0.0, 750.0, "BEZIER", "AUTO", 4792.808532714844, 0.0, "AUTO_CLAMPED"]], "y": [[0.0, 0.0, "BEZIER", "AUTO", 292.80862808227545, 0.0, "AUTO_CLAMPED"], [0.0, 750.0, "BEZIER", "AUTO", 457.1913719177246, 0.0, "AUTO_CLAMPED", 1238.0144119262698, 0.0, "AUTO_CLAMPED"], [0.0, 1250.0, "BEZIER", "AUTO", 1511.9855880737305, 0.0, "AUTO_CLAMPED", 2195.2056884765625, 0.0, "AUTO_CLAMPED"], [0.0, 500.0, "BEZIER", "AUTO", 2304.7943115234375, 0.0, "AUTO_CLAMPED", 2988.0144119262695, 0.0, "AUTO_CLAMPED"], [0.0, 1250.0, "LINEAR", "AUTO", 3261.9857788085938, 0.0, "AUTO_CLAMPED"], [0.0, 750.0, "BEZIER", "AUTO", 4792.808532714844, 0.0, "AUTO_CLAMPED"]]}},