{"anim": {"Fire": {"Body": {"location": {"z": [[-0.0, 0.0], [0.34807687997817993, 33.333333333333336], [0.13398613035678864, 200.0], [-0.08360463380813599, 83.33333333333329], [-0.34655845165252686, 100.00000000000006], [-0.4278261363506317, 66.66666666666663], [-0.0, 216.66666666666669]], "y": [[0.0, 0.0], [0.3529239892959595, 50.0], [0.14532163739204407, 183.33333333333334], [0.2893771231174469, 83.33333333333329], [0.6147624254226685, 100.00000000000006], [0.5851793885231018, 66.66666666666663], [0.0, 216.66666666666669]], "x": [[0.0, 0.0], [0.0, 233.33333333333334], [-0.11603647470474243, 83.33333333333329], [-0.2742908000946045, 100.00000000000006], [-0.3180012106895447, 66.66666666666663], [0.0, 216.66666666666669]]}, "rotation_euler": {"x": [[0.0, 0.0], [0.0, 16.666666666666668], [15.266058483699828, 83.33333333333333], [6.633028929431163, 133.33333333333334], [21.336039061353695, 83.33333333333329], [62.11162978364242, 100.00000000000006], [56.06470621707923, 99.99999999999994], [0.0, 150.0]], "z": [[-0.0, 0.0], [-0.0, 233.33333333333334], [-17.404254326014197, 83.33333333333329], [-37.01021671588742, 100.00000000000006], [-35.68124290341594, 99.99999999999994], [-0.0, 150.0]], "y": [[0.0, 0.0], [0.0, 233.33333333333334], [1.3580200456906015, 83.33333333333329], [12.396626003938477, 100.00000000000006], [15.095872367697911, 99.99999999999994], [0.0, 150.0]]}}, "Bolt": {"location": {"z": [[-0.0, 0.0], [-0.0, 266.6666666666667], [0.7143759727478027, 83.33333333333331], [0.7143759727478027, 100.0], [-0.0, 100.0]]}}}, "Reload": {"Body": {"location": {"x": [[-0.7295733690261841, 0.0], [-0.6248612403869629, 266.6666666666667], [-0.7295733690261841, 266.6666666666667]], "z": [[-0.29214829206466675, 0.0], [-0.3179074227809906, 266.6666666666667], [-0.29214829206466675, 266.6666666666667]], "y": [[0.2915276288986206, 0.0], [0.745927095413208, 266.6666666666667], [0.2915276288986206, 266.6666666666667]]}, "rotation_euler": {"x": [[2.2122143889063857, 0.0], [11.92072318200773, 266.6666666666667], [2.2122143889063857, 266.6666666666667]], "z": [[-48.21786729477217, 0.0], [-58.83050935920585, 266.6666666666667], [-48.21786729477217, 266.6666666666667]], "y": [[27.10300512666912, 0.0], [24.162893849376477, 266.6666666666667], [27.10300512666912, 266.6666666666667]]}}, "Guard": {"location": {"x": [[0.0, 0.0], [0.0, 216.66666666666669], [-0.009601704776287079, 33.333333333333314], [-0.009601704776287079, 66.66666666666663], [0.0, 83.33333333333337]], "z": [[-0.0, 0.0], [-0.0, 216.66666666666669], [-0.01663617603480816, 33.333333333333314], [-0.01663617603480816, 66.66666666666663], [-0.0, 83.33333333333337]], "y": [[0.0, 0.0], [0.0, 216.66666666666669], [0.20640075206756592, 33.333333333333314], [0.20640075206756592, 66.66666666666663], [0.0, 83.33333333333337]]}, "rotation_euler": {"x": [[0.0, 0.0], [0.0, 216.66666666666669], [13.692764535748763, 33.333333333333314], [13.692764535748763, 66.66666666666663], [0.0, 83.33333333333337]], "z": [[0.0, 0.0], [0.0, 216.66666666666669], [-1.7075472925031877e-06, 33.333333333333314], [-1.7075472925031877e-06, 66.66666666666663], [-0.0, 83.33333333333337]], "y": [[0.0, 0.0], [0.0, 216.66666666666669], [-8.537736462515939e-07, 33.333333333333314], [-8.537736462515939e-07, 66.66666666666663], [0.0, 83.33333333333337]]}}, "Shell": {"location": {"x": [[0.0, 0.0], [9.313225746154785e-09, 133.33333333333334], [0.0043092877604067326, 83.33333333333334], [0.004309257958084345, 83.33333333333331], [0.004309284035116434, 50.0]], "z": [[-0.0, 0.0], [0.30239760875701904, 133.33333333333334], [0.5154579877853394, 83.33333333333334], [0.11890840530395508, 83.33333333333331], [-0.12080879509449005, 50.0]], "y": [[-2.0212161540985107, 0.0], [-1.4118856191635132, 133.33333333333334], [-0.4431022107601166, 83.33333333333334], [-0.2641807496547699, 83.33333333333331], [-0.2624862790107727, 50.0]]}, "rotation_euler": {"x": [[0.0, 0.0], [0.0, 133.33333333333334], [21.14787588745631, 83.33333333333334], [0.40499606683590605, 83.33333333333331], [0.40499606683590605, 50.0]], "z": [[-0.0, 0.0], [-0.0, 133.33333333333334], [0.0, 83.33333333333334], [-1.0271807443729786e-06, 83.33333333333331], [-1.0271807443729786e-06, 50.0]], "y": [[0.0, 0.0], [0.0, 133.33333333333334], [-1.9209907040660864e-06, 83.33333333333334], [-4.784677867278997e-06, 83.33333333333331], [-4.784677867278997e-06, 50.0]]}}}, "ReloadEmptyStart": {"Body": {"location": {"x": [[0.0, 0.0], [-0.8907862305641174, 216.66666666666669], [-0.912574291229248, 83.33333333333331], [-0.8907862305641174, 183.33333333333331], [-0.7295733690261841, 316.6666666666667]], "z": [[-0.0, 0.0], [-0.10736510902643204, 216.66666666666669], [-0.1299014389514923, 83.33333333333331], [-0.10736510902643204, 183.33333333333331], [-0.29214829206466675, 316.6666666666667]], "y": [[0.0, 0.0], [0.1955999732017517, 216.66666666666669], [0.07320505380630493, 83.33333333333331], [0.1955999732017517, 183.33333333333331], [0.2915276288986206, 316.6666666666667]]}, "rotation_euler": {"x": [[0.0, 0.0], [14.341662388977594, 216.66666666666669], [10.053024175167023, 83.33333333333331], [14.341662388977594, 183.33333333333331], [2.2122143889063857, 316.6666666666667]], "z": [[-0.0, 0.0], [47.39059819759481, 216.66666666666669], [51.027851515545024, 83.33333333333331], [47.39059819759481, 183.33333333333331], [-48.21786729477217, 316.6666666666667]], "y": [[0.0, 0.0], [-9.334892963190004, 216.66666666666669], [-8.375116488567105, 83.33333333333331], [-9.334892963190004, 183.33333333333331], [27.10300512666912, 316.6666666666667]]}}, "Bolt": {"location": {"z": [[-0.0, 0.0], [-0.0, 183.33333333333331], [0.5467166900634766, 66.66666666666669], [0.5467166900634766, 133.33333333333331], [-0.0, 150.00000000000006]]}}, "Shell": {"location": {"x": [[0.0, 0.0], [0.0, 183.33333333333331], [0.4347861707210541, 66.66666666666669], [0.12760140001773834, 33.333333333333314], [0.0, 66.66666666666669]], "z": [[-0.0, 0.0], [-0.0, 183.33333333333331], [0.34638845920562744, 66.66666666666669], [0.43973004817962646, 33.333333333333314], [-0.0, 66.66666666666669]], "y": [[-2.0212161540985107, 0.0], [-2.0212161540985107, 183.33333333333331], [-0.5793730020523071, 66.66666666666669], [-0.010208487510681152, 33.333333333333314], [0.0, 66.66666666666669]]}, "rotation_euler": {"x": [[0.0, 0.0], [0.0, 183.33333333333331], [0.0, 66.66666666666669], [1.2806606729328905e-06, 33.333333333333314], [0.0, 66.66666666666669]], "z": [[0.0, 0.0], [0.0, 183.33333333333331], [0.0, 66.66666666666669], [0.0, 33.333333333333314], [-0.0, 66.66666666666669]], "y": [[0.0, 0.0], [0.0, 183.33333333333331], [19.145008290714692, 66.66666666666669], [25.845758545766532, 33.333333333333314], [0.0, 66.66666666666669]]}}}, "ReloadEnd": {"Body": {"location": {"x": [[-0.7295733690261841, 0.0], [0.0, 400.0]], "z": [[-0.29214829206466675, 0.0], [-0.0, 400.0]], "y": [[0.2915276288986206, 0.0], [0.0, 400.0]]}, "rotation_euler": {"x": [[2.2122143889063857, 0.0], [0.0, 400.0]], "z": [[-48.21786729477217, 0.0], [-0.0, 400.0]], "y": [[27.10300512666912, 0.0], [0.0, 400.0]]}}}, "ReloadStart": {"Body": {"location": {"x": [[0.0, 0.0], [-0.7295733690261841, 133.33333333333334], [-0.7095879912376404, 116.66666666666666], [-0.7295733690261841, 150.0]], "z": [[-0.0, 0.0], [-0.29214829206466675, 133.33333333333334], [-0.28021347522735596, 116.66666666666666], [-0.29214829206466675, 150.0]], "y": [[0.0, 0.0], [0.2915276288986206, 133.33333333333334], [0.4674150049686432, 116.66666666666666], [0.2915276288986206, 150.0]]}, "rotation_euler": {"x": [[0.0, 0.0], [2.2122143889063857, 133.33333333333334], [6.795230554293333, 116.66666666666666], [2.2122143889063857, 150.0]], "z": [[-0.0, 0.0], [-48.21786729477217, 133.33333333333334], [-51.976428187476394, 116.66666666666666], [-48.21786729477217, 150.0]], "y": [[0.0, 0.0], [27.10300512666912, 133.33333333333334], [26.74002155341796, 116.66666666666666], [27.10300512666912, 150.0]]}},