{"Fire": {"Body": {"rotation_euler": {"x": [[0.0, 0.0], [29.145301697941925, 83.33333333333333], [0.0, 200.0]]}, "location": {"z": [[-0.0, 0.0], [0.7235583066940308, 50.0], [-0.0, 233.33333333333331]], "y": [[0.0, 0.0], [0.7866886854171753, 50.0], [0.0, 233.33333333333331]]}}, "Hammer": {"rotation_euler": {"x": [[0.0, 0.0], [-42.84400081430579, 16.666666666666668], [-42.84400081430579, 250.00000000000003], [0.0, 200.0]]}, "location": {"x": [[0.0, 0.0]], "z": [[1.1140995025634766, 0.0]], "y": [[0.48292604088783264, 0.0]]}}}, "Reload": {"Body": {"location": {"x": [[0.0, 0.0], [0.04879806935787201, 166.66666666666666], [-0.1566363126039505, 133.33333333333334], [0.0, 166.66666666666669]], "z": [[-0.0, 0.0], [-0.7191624641418457, 166.66666666666666], [-1.058491826057434, 133.33333333333334], [-0.0, 166.66666666666669]], "y": [[0.0, 0.0], [0.7507638931274414, 166.66666666666666], [0.9907249212265015, 133.33333333333334], [0.0, 166.66666666666669]]}, "rotation_euler": {"x": [[0.0, 0.0], [-19.391663497116777, 166.66666666666666], [45.102665825653546, 133.33333333333334], [0.0, 166.66666666666669]], "z": [[-0.0, 0.0], [0.5174686318159474, 166.66666666666666], [3.009666081818643, 133.33333333333334], [-0.0, 166.66666666666669]], "y": [[-0.0, 0.0], [1.4431158784559095, 166.66666666666666], [-0.8437833740125396, 133.33333333333334], [0.0, 166.66666666666669]]}}}}