{"Fire": {"Body": {"rotation_euler": {"x": [[0.0, 0.0], [29.145301697941925, 83.33333333333333], [0.0, 200.0]]}, "location": {"z": [[-0.0, 0.0], [0.7235583066940308, 50.0], [-0.0, 233.33333333333331]], "y": [[0.0, 0.0], [0.7866886854171753, 50.0], [0.0, 233.33333333333331]]}}, "Hammer": {"rotation_euler": {"x": [[0.0, 0.0], [-42.84400081430579, 16.666666666666668], [-42.84400081430579, 250.00000000000003], [0.0, 200.0]]}, "location": {"x": [[0.0, 0.0]], "z": [[1.1140995025634766, 0.0]], "y": [[0.48292604088783264, 0.0]]}}}}