{"anim": {"Fire": {"Body": {"rotation_euler": {"x": [[0.0, 0.0], [29.145301697941925, 66.66666666666667], [0.0, 566.6666666666666]]}, "location": {"z": [[-0.0, 0.0], [0.7235583066940308, 33.333333333333336], [-0.0, 599.9999999999999]], "y": [[0.0, 0.0], [0.7866886854171753, 33.333333333333336], [0.0, 599.9999999999999]]}}, "Hammer": {"rotation_euler": {"x": [[0.0, 0.0], [-42.84400081430579, 16.666666666666668], [-42.84400081430579, 250.00000000000003], [0.0, 200.0]]}, "location": {"x": [[0.0, 0.0]], "z": [[1.1140995025634766, 0.0]], "y": [[0.48292604088783264, 0.0]]}}}, "Reload": {"Body": {"location": {"x": [[0.0, 0.0], [0.04879806935787201, 166.66666666666666], [-0.1566363126039505, 133.33333333333334], [0.0, 166.66666666666669]], "z": [[-0.0, 0.0], [-0.7191624641418457, 166.66666666666666], [-1.058491826057434, 133.33333333333334], [-0.0, 166.66666666666669]], "y": [[0.0, 0.0], [0.7507638931274414, 166.66666666666666], [0.9907249212265015, 133.33333333333334], [0.0, 166.66666666666669]]}, "rotation_euler": {"x": [[0.0, 0.0], [-19.391663497116777, 166.66666666666666], [45.102665825653546, 133.33333333333334], [0.0, 166.66666666666669]], "z": [[-0.0, 0.0], [0.5174686318159474, 166.66666666666666], [3.009666081818643, 133.33333333333334], [-0.0, 166.66666666666669]], "y": [[-0.0, 0.0], [1.4431158784559095, 166.66666666666666], [-0.8437833740125396, 133.33333333333334], [0.0, 166.66666666666669]]}}}}, "offset": {"Cylinder": [3.725290298461914e-09, 0.5323800444602966, 0.4562000334262848], "Hammer": [0.0, 0.48292604088783264, 1.1140995025634766], "Trigger": [0.0, 0.12013805657625198, 0.7557680010795593]}}