{"anim": {"Fire": {"Body": {"location": {"z": [[-0.0, 0.0, "LINEAR", "AUTO"], [0.1901400089263916, 50.0, "LINEAR", "AUTO"], [-0.0, 283.3333333333333, "LINEAR", "AUTO"]], "y": [[0.0, 0.0, "LINEAR", "AUTO"], [0.22623062133789062, 50.0, "LINEAR", "AUTO"], [0.0, 283.3333333333333, "LINEAR", "AUTO"]]}, "rotation_euler": {"x": [[0.0, 16.666666666666668, "LINEAR", "AUTO"], [50.512076610560676, 66.66666666666666, "LINEAR", "AUTO"], [0.0, 250.0, "LINEAR", "AUTO"]]}}, "Hammer": {"rotation_euler": {"x": [[0.0, 0.0, "LINEAR", "AUTO"], [-44.61753114928588, 16.666666666666668, "LINEAR", "AUTO"], [-44.61753114928588, 183.33333333333334, "LINEAR", "AUTO"], [0.0, 300.0, "LINEAR", "AUTO"]]}, "location": {"x": [[0.00012800097465515137, 0.0, "LINEAR", "AUTO"]], "z": [[0.1478099822998047, 0.0, "LINEAR", "AUTO"]], "y": [[0.1151699647307396, 0.0, "LINEAR", "AUTO"]]}}}, "Reload": {"Body": {"location": {"x": [[0.0, 0.0, "BEZIER", "AUTO", 72.22222487131755, 0.0, "AUTO_CLAMPED"], [0.1266033947467804, 216.66666666666669, "BEZIER", "AUTO", 144.44443384806317, 0.1266033947467804, "AUTO_CLAMPED", 238.88888359069824, 0.1266033947467804, "AUTO_CLAMPED"], [-0.1256844699382782, 66.66666666666663, "BEZIER", "AUTO", 261.11111640930176, -0.1256844699382782, "AUTO_CLAMPED", 316.66666666666663, -0.1256844699382782, "AUTO_CLAMPED"], [-0.10699314624071121, 100.0, "BEZIER", "AUTO", 350.0, -0.11716071516275406, "AUTO_CLAMPED", 444.44443384806317, -0.08835260570049286, "AUTO_CLAMPED"], [-0.05540347099304199, 183.33333333333331, "BEZIER", "AUTO", 505.5555661519369, -0.06418702006340027, "AUTO_CLAMPED", 594.444465637207, -0.05141094699501991, "AUTO_CLAMPED"], [-0.04984791576862335, 83.33333333333337, "BEZIER", "AUTO", 622.2222010294596, -0.05059652775526047, "AUTO_CLAMPED", 683.3333333333334, -0.048949580639600754, "AUTO_CLAMPED"], [-0.04814600944519043, 100.0, "BEZIER", "AUTO", 716.6666666666666, -0.04814600944519043, "AUTO_CLAMPED", 766.6666666666666, -0.04814600944519043, "AUTO_CLAMPED"], [-0.0495946928858757, 50.0, "BEZIER", "AUTO", 783.3333333333334, -0.04814600944519043, "AUTO_CLAMPED", 872.2222010294596, -0.055872321128845215, "AUTO_CLAMPED"], [-0.1901838481426239, 216.66666666666663, "BEZIER", "AUTO", 944.4444656372069, -0.17864137887954712, "AUTO_CLAMPED", 1138.888931274414, -0.209717258810997, "AUTO_CLAMPED"], [-0.209717258810997, 366.66666666666663, "BEZIER", "AUTO", 1261.111068725586, -0.1901838481426239, "AUTO_CLAMPED", 1411.111068725586, -0.21415667235851288, "AUTO_CLAMPED"], [-0.2682616710662842, 83.33333333333326, "BEZIER", "AUTO", 1438.888931274414, -0.2682616710662842, "AUTO_CLAMPED", 1500.0, -0.2682616710662842, "AUTO_CLAMPED"], [0.06351689994335175, 100.00000000000023, "BEZIER", "AUTO", 1533.3333333333333, 0.06351689994335175, "AUTO_CLAMPED", 1594.4444020589192, 0.06351689994335175, "AUTO_CLAMPED"], [0.059162016957998276, 83.33333333333326, "BEZIER", "AUTO", 1622.2222646077473, 0.06351689994335175, "AUTO_CLAMPED", 1716.6666666666665, 0.04871029779314995, "AUTO_CLAMPED"], [0.0, 199.99999999999977, "BEZIER", "AUTO", 1783.3333333333333, 0.0, "AUTO_CLAMPED", 1916.6666666666667, 0.0, "AUTO_CLAMPED"]], "z": [[-0.0, 0.0, "BEZIER", "AUTO", 72.22222487131755, -0.0, "AUTO_CLAMPED"], [0.018239933997392654, 216.66666666666669, "BEZIER", "AUTO", 144.44443384806317, 0.018239933997392654, "AUTO_CLAMPED", 238.88888359069824, 0.018239933997392654, "AUTO_CLAMPED"], [-0.003715081140398979, 66.66666666666663, "BEZIER", "AUTO", 261.11111640930176, -0.003715081140398979, "AUTO_CLAMPED", 316.66666666666663, -0.003715081140398979, "AUTO_CLAMPED"], [0.003378540277481079, 100.0, "BEZIER", "AUTO", 350.0, 0.0009166612289845943, "AUTO_CLAMPED", 444.44443384806317, 0.007891984656453133, "AUTO_CLAMPED"], [0.06673367321491241, 183.33333333333331, "BEZIER", "AUTO", 505.5555661519369, 0.0051122792065143585, "AUTO_CLAMPED", 594.444465637207, 0.09474340081214905, "AUTO_CLAMPED"], [0.13605912029743195, 83.33333333333337, "BEZIER", "AUTO", 622.2222010294596, 0.13605912029743195, "AUTO_CLAMPED", 683.3333333333334, 0.13605912029743195, "AUTO_CLAMPED"], [0.11836071312427521, 100.0, "BEZIER", "AUTO", 716.6666666666666, 0.11836071312427521, "AUTO_CLAMPED", 766.6666666666666, 0.11836071312427521, "AUTO_CLAMPED"], [0.13753235340118408, 50.0, "BEZIER", "AUTO", 783.3333333333334, 0.12769433856010437, "AUTO_CLAMPED", 872.2222010294596, 0.18016371130943298, "AUTO_CLAMPED"], [0.2322661280632019, 216.66666666666663, "BEZIER", "AUTO", 944.4444656372069, 0.2322661280632019, "AUTO_CLAMPED", 1138.888931274414, 0.2322661280632019, "AUTO_CLAMPED"], [0.20868675410747528, 366.66666666666663, "BEZIER", "AUTO", 1261.111068725586, 0.2322661280632019, "AUTO_CLAMPED", 1411.111068725586, 0.20332780480384827, "AUTO_CLAMPED"], [0.15863937139511108, 83.33333333333326, "BEZIER", "AUTO", 1438.888931274414, 0.15863937139511108, "AUTO_CLAMPED", 1500.0, 0.15863937139511108, "AUTO_CLAMPED"], [0.2003980427980423, 100.00000000000023, "BEZIER", "AUTO", 1533.3333333333333, 0.2003980427980423, "AUTO_CLAMPED", 1594.4444020589192, 0.2003980427980423, "AUTO_CLAMPED"], [0.09448619186878204, 83.33333333333326, "BEZIER", "AUTO", 1622.2222646077473, 0.1338554322719574, "AUTO_CLAMPED", 1716.6666666666665, -0.0, "AUTO_CLAMPED"], [-0.0, 199.99999999999977, "BEZIER", "AUTO", 1783.3333333333333, -0.0, "AUTO_CLAMPED", 1916.6666666666667, -0.0, "AUTO_CLAMPED"]], "y": [[0.0, 0.0, "BEZIER", "AUTO", 72.22222487131755, 0.0, "AUTO_CLAMPED"], [0.04348362237215042, 216.66666666666669, "BEZIER", "AUTO", 144.44443384806317, 0.04348362237215042, "AUTO_CLAMPED", 238.88888359069824, 0.04348362237215042, "AUTO_CLAMPED"], [0.04043026641011238, 66.66666666666663, "BEZIER", "AUTO", 261.11111640930176, 0.04043026641011238, "AUTO_CLAMPED", 316.66666666666663, 0.04043026641011238, "AUTO_CLAMPED"], [0.0498494915664196, 100.0, "BEZIER", "AUTO", 350.0, 0.04043026641011238, "AUTO_CLAMPED", 444.44443384806317, 0.0671180710196495, "AUTO_CLAMPED"], [0.21255171298980713, 183.33333333333331, "BEZIER", "AUTO", 505.5555661519369, 0.21255171298980713, "AUTO_CLAMPED", 594.444465637207, 0.21255171298980713, "AUTO_CLAMPED"], [0.027551360428333282, 83.33333333333337, "BEZIER", "AUTO", 622.2222010294596, 0.027551360428333282, "AUTO_CLAMPED", 683.3333333333334, 0.027551360428333282, "AUTO_CLAMPED"], [0.09703753143548965, 100.0, "BEZIER", "AUTO", 716.6666666666666, 0.09703753143548965, "AUTO_CLAMPED", 766.6666666666666, 0.09703753143548965, "AUTO_CLAMPED"], [0.024584002792835236, 50.0, "BEZIER", "AUTO", 783.3333333333334, 0.06167126074433327, "AUTO_CLAMPED", 872.2222010294596, -0.13612744212150574, "AUTO_CLAMPED"], [-0.3309659957885742, 216.66666666666663, "BEZIER", "AUTO", 944.4444656372069, -0.3291552662849426, "AUTO_CLAMPED", 1138.888931274414, -0.3340303301811218, "AUTO_CLAMPED"], [-0.3340303301811218, 366.66666666666663, "BEZIER", "AUTO", 1261.111068725586, -0.3340303301811218, "AUTO_CLAMPED", 1411.111068725586, -0.3340303301811218, "AUTO_CLAMPED"], [-0.1700890064239502, 83.33333333333326, "BEZIER", "AUTO", 1438.888931274414, -0.2501014769077301, "AUTO_CLAMPED", 1500.0, -0.07407404482364655, "AUTO_CLAMPED"], [0.016301512718200684, 100.00000000000023, "BEZIER", "AUTO", 1533.3333333333333, 0.016301512718200684, "AUTO_CLAMPED", 1594.4444020589192, 0.016301512718200684, "AUTO_CLAMPED"], [-0.015913818031549454, 83.33333333333326, "BEZIER", "AUTO", 1622.2222646077473, -0.015913818031549454, "AUTO_CLAMPED", 1716.6666666666665, -0.015913818031549454, "AUTO_CLAMPED"], [0.0, 199.99999999999977, "BEZIER", "AUTO", 1783.3333333333333, 0.0, "AUTO_CLAMPED", 1916.6666666666667, 0.0, "AUTO_CLAMPED"]]},