{"anim": {"Fire": {"Body": {"location": {"z": [[-0.0, 0.0], [0.1901400089263916, 50.0], [-0.0, 283.3333333333333]], "y": [[0.0, 0.0], [0.22623062133789062, 50.0], [0.0, 283.3333333333333]]}, "rotation_euler": {"x": [[0.0, 16.666666666666668], [50.512076610560676, 66.66666666666666], [0.0, 250.0]]}}, "Hammer": {"rotation_euler": {"x": [[0.0, 0.0], [-44.61753114928588, 16.666666666666668], [-44.61753114928588, 183.33333333333334], [0.0, 300.0]]}, "location": {"x": [[0.00012800097465515137, 0.0]], "z": [[0.1478099822998047, 0.0]], "y": [[0.1151699647307396, 0.0]]}}}, "Reload": {"Body": {"location": {"x": [[0.0, 0.0], [0.1266033947467804, 216.66666666666669], [-0.1256844699382782, 66.66666666666663], [-0.10699314624071121, 100.0], [-0.05540347099304199, 183.33333333333331], [-0.04984791576862335, 83.33333333333337], [-0.04814600944519043, 100.0], [-0.0495946928858757, 50.0], [-0.1901838481426239, 216.66666666666663], [-0.209717258810997, 366.66666666666663], [-0.2682616710662842, 83.33333333333326], [0.06351689994335175, 100.00000000000023], [0.059162016957998276, 83.33333333333326], [0.0, 199.99999999999977]], "z": [[-0.0, 0.0], [0.018239933997392654, 216.66666666666669], [-0.003715081140398979, 66.66666666666663], [0.003378540277481079, 100.0], [0.06673367321491241, 183.33333333333331], [0.13605912029743195, 83.33333333333337], [0.11836071312427521, 100.0], [0.13753235340118408, 50.0], [0.2322661280632019, 216.66666666666663], [0.20868675410747528, 366.66666666666663], [0.15863937139511108, 83.33333333333326], [0.2003980427980423, 100.00000000000023], [0.09448619186878204, 83.33333333333326], [-0.0, 199.99999999999977]], "y": [[0.0, 0.0], [0.04348362237215042, 216.66666666666669], [0.04043026641011238, 66.66666666666663], [0.0498494915664196, 100.0], [0.21255171298980713, 183.33333333333331], [0.027551360428333282, 83.33333333333337], [0.09703753143548965, 100.0], [0.024584002792835236, 50.0], [-0.3309659957885742, 216.66666666666663], [-0.3340303301811218, 366.66666666666663], [-0.1700890064239502, 83.33333333333326], [0.016301512718200684, 100.00000000000023], [-0.015913818031549454, 83.33333333333326], [0.0, 199.99999999999977]]}, "rotation_euler": {"x": [[0.0, 0.0], [3.3686347844983024, 150.0], [0.02222707974050119, 166.66666666666663], [4.537149524119608, 100.00000000000006], [61.414745582626026, 233.33333333333331], [52.280518454609116, 133.33333333333337], [-71.68136001842309, 199.9999999999999], [-67.29034068404862, 366.66666666666674], [-53.072130549224426, 116.66666666666652], [-7.130840436898373, 100.00000000000023], [-2.7997762896148553, 83.33333333333326], [0.0, 199.99999999999977]], "z": [[0.0, 0.0], [-17.712562234959403, 150.0], [13.30397138517142, 166.66666666666663], [5.758366003376731, 100.00000000000006], [5.603675025280636, 233.33333333333331], [6.040763589705493, 133.33333333333337], [-1.4811513876747122, 199.9999999999999], [-0.9937320130296772, 366.66666666666674], [5.75973417564485, 116.66666666666652], [-7.87355264592462, 100.00000000000023], [-5.935155631645579, 83.33333333333326], [-0.0, 199.99999999999977]], "y": [[0.0, 0.0], [-3.362418245136533, 150.0], [5.488280686800564, 166.66666666666663], [2.9251945710321565, 100.00000000000006], [-3.2122371128833507, 233.33333333333331], [-2.2836878362589266, 133.33333333333337], [6.285038902068653, 199.9999999999999], [6.379913644734715, 366.66666666666674], [24.273973215848397, 116.66666666666652], [-30.381999654726528, 100.00000000000023], [-9.056688259237983, 83.33333333333326], [0.0, 199.99999999999977]]}}, "Cylinder": {"location": {"x": [[-0.0010489225387573242, 0.0], [-0.0010489225387573242, 283.3333333333333], [-0.07956840097904205, 83.33333333333331], [-0.07956840097904205, 1200.0], [-0.0010489225387573242, 83.33333333333326]], "z": [[0.07426249980926514, 0.0], [0.07426249980926514, 283.3333333333333], [0.07129553705453873, 83.33333333333331], [0.07129553705453873, 1200.0], [0.07426249980926514, 83.33333333333326]], "y": [[0.10388392210006714, 0.0], [0.10388392210006714, 283.3333333333333], [0.07195358723402023, 83.33333333333331], [0.07195358723402023, 1200.0], [0.10388392210006714, 83.33333333333326]]}}}}, "offset": {"Cylinder": [-0.0010489225387573242, 0.10388392210006714, 0.07426249980926514], "Grip": [0.0, -1.8214237229585706e-08, -0.0], "Hammer": [0.00012800097465515137, 0.1151699647307396, 0.1478099822998047]}}