{"anim": {"Fire": {"MainBody": {"location": {"z": [[-0.0, 0.0], [0.7581773996353149, 16.666666666666668], [0.8946337699890137, 50.0], [1.6292921304702759, 50.0], [0.27919262647628784, 383.3333333333333], [0.13398613035678864, 33.33333333333337], [-0.08360463380813599, 83.33333333333337], [-0.28197288513183594, 116.66666666666652], [-0.4585123360157013, 83.33333333333337], [-0.0, 216.66666666666663]], "y": [[0.0, 0.0], [-0.055255696177482605, 16.666666666666668], [0.06926095485687256, 50.0], [-0.035571567714214325, 50.0], [0.14532151818275452, 383.3333333333333], [0.14532163739204407, 33.33333333333337], [0.2893771231174469, 83.33333333333337], [0.059010088443756104, 116.66666666666652], [0.3883959650993347, 83.33333333333337], [0.0, 216.66666666666663]], "x": [[0.0, 0.0], [0.09942026436328888, 16.666666666666668], [-0.04042813181877136, 50.0], [0.13011114299297333, 50.0], [0.026651103049516678, 383.3333333333333], [0.0, 33.33333333333337], [-0.11603647470474243, 83.33333333333337], [-0.3945091962814331, 116.66666666666652], [-0.30177658796310425, 83.33333333333337], [0.0, 216.66666666666663]]}, "rotation_euler": {"x": [[0.0, 0.0], [-8.462898079780109, 16.666666666666668], [19.266058025827537, 83.33333333333333], [1.500494163239071, 233.33333333333331], [6.633028929431163, 216.66666666666669], [8.546770241466927, 100.0], [12.210589580193902, 133.33333333333337], [7.617799627548077, 66.66666666666663], [0.539266273417544, 116.66666666666663], [0.0, 33.33333333333337]], "z": [[-0.0, 0.0], [-2.3773901342652737, 16.666666666666668], [-0.0, 316.66666666666663], [-0.0, 216.66666666666669], [-2.5606105990811003, 100.0], [-8.612766944322175, 133.33333333333337], [-9.193280943580838, 66.66666666666663], [-1.0644272457036594, 116.66666666666663], [-0.0, 33.33333333333337]], "y": [[0.0, 0.0], [-2.661507434160998, 16.666666666666668], [-0.0, 316.66666666666663], [0.0, 216.66666666666669], [5.899426058323597, 100.0], [-1.813550761204728, 133.33333333333337], [-5.824772090695357, 66.66666666666663], [-0.9415905623492115, 116.66666666666663], [0.0, 33.33333333333337]]}}, "PumpGrip": {"location": {"z": [[-0.0, 0.0], [-0.0, 550.0], [1.3243759870529175, 100.0], [1.0643759965896606, 216.66666666666674], [-0.0, 66.66666666666663]]}}}, "FireAlt": {"MainBody": {"location": {"x": [[0.0, 0.0], [0.0, 216.66666666666669], [0.0, 499.99999999999994], [-0.11603647470474243, 66.66666666666674], [-0.3945091962814331, 83.33333333333337], [-0.30177658796310425, 83.33333333333326], [0.0, 233.33333333333326]], "z": [[-0.0, 0.0], [1.8780767917633057, 33.333333333333336], [0.46677228808403015, 183.33333333333334], [0.13398613035678864, 499.99999999999994], [-0.08360463380813599, 66.66666666666674], [-0.28197288513183594, 83.33333333333337], [-0.4585123360157013, 83.33333333333326], [-0.0, 233.33333333333326]], "y": [[0.0, 0.0], [0.7429239749908447, 50.0], [1.0745543241500854, 166.66666666666669], [0.14532163739204407, 499.99999999999994], [0.2893771231174469, 66.66666666666674], [0.059010088443756104, 83.33333333333337], [0.3883959650993347, 83.33333333333326], [0.0, 233.33333333333326]]}, "rotation_euler": {"x": [[0.0, 0.0], [0.0, 16.666666666666668], [22.4874603988034, 100.0], [13.903672239582296, 66.66666666666664], [6.633028929431163, 83.33333333333337], [8.546770241466927, 550.0], [12.210589580193902, 100.0], [7.269988465764457, 66.66666666666663], [0.0, 150.0]], "z": [[-0.0, 0.0], [-11.095223957599051, 116.66666666666667], [-0.0, 150.0], [-2.5606105990811003, 550.0], [-8.612766944322175, 100.0], [-12.303416119882606, 66.66666666666663], [-0.0, 150.0]], "y": [[0.0, 0.0], [-2.9238404860292015, 116.66666666666667], [0.0, 150.0], [5.899426058323597, 550.0], [-1.813550761204728, 100.0], [-6.207043691275808, 66.66666666666663], [0.0, 150.0]]}}, "PumpGrip": {"location": {"z": [[-0.0, 0.0], [-0.0, 816.6666666666666], [1.3243759870529175, 100.0], [1.0643759965896606, 216.66666666666663], [-0.0, 66.66666666666674]]}}}, "Reload": {"MainBody": {"location": {"x": [[-0.7295733690261841, 0.0], [-0.7295733690261841, 83.33333333333333], [-0.7295733690261841, 99.99999999999999], [-0.5556169748306274, 133.33333333333331], [-0.6492857933044434, 116.66666666666674], [-0.7295733690261841, 100.0]], "z": [[-0.29214829206466675, 0.0], [-0.29214829206466675, 83.33333333333333], [-0.29214829206466675, 99.99999999999999], [-0.30703651905059814, 133.33333333333331], [-0.29901978373527527, 116.66666666666674], [-0.29214829206466675, 100.0]], "y": [[0.2915276288986206, 0.0], [0.2915276288986206, 83.33333333333333], [0.2915276288986206, 99.99999999999999], [0.4859994053840637, 133.33333333333331], [0.38128381967544556, 116.66666666666674], [0.2915276288986206, 100.0]]}, "rotation_euler": {"x": [[2.2122143889063857, 0.0], [1.6652197564429725, 83.33333333333333], [2.2122143889063857, 133.33333333333337], [9.618481563755287, 116.66666666666663], [5.616534990827301, 100.00000000000006], [2.2122143889063857, 100.0]], "z": [[-48.21786729477217, 0.0], [-45.59814140842461, 83.33333333333333], [-48.21786729477217, 133.33333333333337], [-53.60401787046082, 116.66666666666663], [-50.637738430910574, 100.00000000000006], [-48.21786729477217, 100.0]], "y": [[27.10300512666912, 0.0], [27.402903365198746, 83.33333333333333], [27.10300512666912, 133.33333333333337], [28.044826741511347, 116.66666666666663], [27.549100149288286, 100.00000000000006], [27.10300512666912, 100.0]]}}, "Shell": {"location": {"x": [[0.0, 0.0], [-5.029141902923584e-08, 133.33333333333334], [0.004309347365051508, 83.33333333333334], [0.004309249576181173, 83.33333333333331], [0.004309284035116434, 50.0]], "z": [[1.5591249465942383, 0.0], [1.0179417133331299, 133.33333333333334], [-0.1231224536895752, 83.33333333333334], [-0.11966821551322937, 83.33333333333331], [-0.12080879509449005, 50.0]], "y": [[-2.6872029304504395, 0.0], [-2.3433218002319336, 133.33333333333334], [-1.7275460958480835, 83.33333333333334], [-0.3831302523612976, 83.33333333333331], [-0.2624862790107727, 50.0]]}, "rotation_euler": {"x": [[0.0, 0.0], [0.0, 133.33333333333334], [21.14787588745631, 83.33333333333334], [0.40499606683590605, 83.33333333333331], [0.40499606683590605, 50.0]], "z": [[-0.0, 0.0], [-0.0, 133.33333333333334], [-0.0, 83.33333333333334], [-1.0271807443729786e-06, 83.33333333333331], [-1.0271807443729786e-06, 50.0]], "y": [[0.0, 0.0], [0.0, 133.33333333333334], [-1.9209907040660864e-06, 83.33333333333334], [-4.784677867278997e-06, 83.33333333333331], [-4.784677867278997e-06, 50.0]]}}}, "ReloadEmptyStart": {"MainBody": {"location": {"x": [[0.0, 0.0], [-0.3959049880504608, 100.0], [-0.8907862305641174, 50.0], [-0.912574291229248, 133.33333333333331], [-0.8907862305641174, 183.33333333333337], [-0.7295733690261841, 333.3333333333333]], "z": [[-0.0, 0.0], [-0.04771782457828522, 100.0], [-0.10736510902643204, 50.0], [-0.1299014389514923, 133.33333333333331], [-0.10736510902643204, 183.33333333333337], [-0.29214829206466675, 333.3333333333333]], "y": [[0.0, 0.0], [0.08693332225084305, 100.0], [0.1955999732017517, 50.0], [0.07320505380630493, 133.33333333333331], [0.1955999732017517, 183.33333333333337], [0.2915276288986206, 333.3333333333333]]}, "rotation_euler": {"x": [[0.0, 0.0], [5.215149959628216, 116.66666666666667], [14.341662388977594, 66.66666666666664], [10.053024175167023, 150.0], [14.341662388977594, 183.33333333333331], [9.347183888601442, 83.33333333333337], [3.4013761500584048, 133.33333333333326], [2.2122143889063857, 66.66666666666674]], "z": [[-0.0, 0.0], [17.232944643893813, 116.66666666666667], [47.39059819759481, 66.66666666666664], [51.027851515545024, 150.0], [47.39059819759481, 183.33333333333331], [8.022402104733061, 83.33333333333337], [-38.844487923156436, 133.33333333333326], [-48.21786729477217, 66.66666666666674]],