{"anim": {"Fire": {"Barrel": {"rotation_euler": {"x": [[0.0, 0.0, "CONSTANT"], [0.0, 466.6666666666667, "CONSTANT"], [-19.363289183757253, 49.99999999999994, "CONSTANT"], [-60.019016916301425, 66.66666666666674, "CONSTANT"], [-60.019016916301425, 683.3333333333331, "CONSTANT"], [-38.91348307905732, 83.33333333333348, "CONSTANT"], [0.0, 50.0, "CONSTANT"]]}}, "BarrelLame": {"rotation_euler": {"x": [[0.0, 0.0], [0.0, 466.6666666666667], [-19.363289183757253, 49.99999999999994], [-60.019016916301425, 66.66666666666674], [-60.019016916301425, 683.3333333333331], [-38.91348307905732, 83.33333333333348], [0.0, 50.0]]}}, "Body": {"location": {"x": [[0.0, 0.0], [-0.03072790987789631, 66.66666666666667], [-0.015153210610151291, 50.0], [0.022971127182245255, 49.999999999999986], [0.0, 133.33333333333334], [-0.07112908363342285, 283.33333333333337], [-0.21566513180732727, 166.66666666666663], [-0.30311062932014465, 166.66666666666663], [0.09931233525276184, 200.0000000000001], [0.09931233525276184, 99.99999999999977], [0.1618872582912445, 33.333333333333485], [0.16223274171352386, 33.33333333333326], [0.08028656989336014, 183.33333333333326], [0.0, 150.00000000000023]], "z": [[-0.0, 0.0], [0.6719817519187927, 66.66666666666667], [0.7913707494735718, 50.0], [0.4098809063434601, 49.999999999999986], [-0.0, 133.33333333333334], [-0.0558139905333519, 283.33333333333337], [-0.33660149574279785, 166.66666666666663], [-0.3699745833873749, 166.66666666666663], [-0.27975839376449585, 200.0000000000001], [-0.27975839376449585, 99.99999999999977], [-0.3401995301246643, 33.333333333333485], [-0.3562721014022827, 33.33333333333326], [-0.2893483638763428, 183.33333333333326], [-0.0, 150.00000000000023]], "y": [[0.0, 0.0], [0.04576312005519867, 66.66666666666667], [-0.05352889001369476, 50.0], [0.05586424842476845, 49.999999999999986], [0.0, 133.33333333333334], [-0.19011610746383667, 283.33333333333337], [-0.17373046278953552, 166.66666666666663], [-0.2395477145910263, 166.66666666666663], [-0.318528413772583, 200.0000000000001], [-0.318528413772583, 99.99999999999977], [-0.5854879021644592, 33.333333333333485], [-0.6872552037239075, 33.33333333333326], [-0.08996553719043732, 183.33333333333326], [0.0, 150.00000000000023]]}, "rotation_euler": {"x": [[0.0, 0.0, "CONSTANT"], [18.96056586236767, 33.333333333333336, "CONSTANT"], [9.480282931183835, 100.0, "CONSTANT"], [0.0, 100.0, "CONSTANT"], [3.672435622364946, 300.0, "CONSTANT"], [4.2845085106836525, 50.0, "CONSTANT"], [1.1277323204173937, 266.66666666666663, "CONSTANT"], [-4.00202896208485, 433.33333333333326, "CONSTANT"], [29.908722186758006, 116.66666666666674, "CONSTANT"], [16.10469643075067, 100.0, "CONSTANT"], [0.0, 116.66666666666674, "CONSTANT"]], "z": [[-0.0, 0.0, "CONSTANT"], [-8.923772777989535, 33.333333333333336, "CONSTANT"], [-4.461886388994768, 100.0, "CONSTANT"], [-0.0, 100.0, "CONSTANT"], [1.4097740965790806, 300.0, "CONSTANT"], [1.6447364460089273, 50.0, "CONSTANT"], [0.7402799146297828, 266.66666666666663, "CONSTANT"], [-0.729462122284099, 433.33333333333326, "CONSTANT"], [-10.496272716449585, 116.66666666666674, "CONSTANT"], [-5.6518389579866275, 100.0, "CONSTANT"], [-0.0, 116.66666666666674, "CONSTANT"]], "y": [[0.0, 0.0, "CONSTANT"], [1.9835915222433687, 33.333333333333336, "CONSTANT"], [0.9917957611216843, 100.0, "CONSTANT"], [0.0, 100.0, "CONSTANT"], [22.84436339614595, 300.0, "CONSTANT"], [26.651758433868473, 50.0, "CONSTANT"], [23.325744883564695, 266.66666666666663, "CONSTANT"], [17.920975212198584, 433.33333333333326, "CONSTANT"], [19.204354096865643, 116.66666666666674, "CONSTANT"], [10.340805658109048, 100.0, "CONSTANT"], [0.0, 116.66666666666674, "CONSTANT"]]}}, "BodyLame": {"location": {"x": [[0.0, 0.0], [-0.03072790987789631, 66.66666666666667], [-0.015153210610151291, 50.0], [0.022971127182245255, 49.999999999999986], [0.0, 133.33333333333334], [-0.07112908363342285, 283.33333333333337], [-0.21566513180732727, 166.66666666666663], [-0.30311062932014465, 166.66666666666663], [0.09931233525276184, 200.0000000000001], [0.09931233525276184, 99.99999999999977], [0.1618872582912445, 33.333333333333485], [0.16223274171352386, 33.33333333333326], [0.08028656989336014, 183.33333333333326], [0.0, 150.00000000000023]], "z": [[-0.0, 0.0], [0.6719817519187927, 66.66666666666667], [0.7913707494735718, 50.0], [0.4098809063434601, 49.999999999999986], [-0.0, 133.33333333333334], [-0.0558139905333519, 283.33333333333337], [-0.33660149574279785, 166.66666666666663], [-0.3699745833873749, 166.66666666666663], [-0.27975839376449585, 200.0000000000001], [-0.27975839376449585, 99.99999999999977], [-0.3401995301246643, 33.333333333333485], [-0.3562721014022827, 33.33333333333326], [-0.2893483638763428, 183.33333333333326], [-0.0, 150.00000000000023]], "y": [[0.0, 0.0], [0.04576312005519867, 66.66666666666667], [-0.05352889001369476, 50.0], [0.05586424842476845, 49.999999999999986], [0.0, 133.33333333333334], [-0.19011610746383667, 283.33333333333337], [-0.17373046278953552, 166.66666666666663], [-0.2395477145910263, 166.66666666666663], [-0.318528413772583, 200.0000000000001], [-0.318528413772583, 99.99999999999977], [-0.5854879021644592, 33.333333333333485], [-0.6872552037239075, 33.33333333333326], [-0.08996553719043732, 183.33333333333326], [0.0, 150.00000000000023]]}, "rotation_euler": {"x": [[0.0, 0.0], [18.96056586236767, 33.333333333333336], [9.480282931183835, 100.0], [0.0, 100.0], [3.672435622364946, 300.0], [4.2845085106836525, 50.0], [1.1277323204173937, 266.66666666666663], [-4.00202896208485, 433.33333333333326], [29.908722186758006, 116.66666666666674], [16.10469643075067, 100.0], [0.0, 116.66666666666674]], "z": [[-0.0, 0.0], [-8.923772777989535, 33.333333333333336], [-4.461886388994768, 100.0], [-0.0, 100.0], [1.4097740965790806, 300.0], [1.6447364460089273, 50.0], [0.7402799146297828, 266.66666666666663], [-0.729462122284099, 433.33333333333326], [-10.496272716449585, 116.66666666666674], [-5.6518389579866275, 100.0], [-0.0, 116.66666666666674]], "y": [[0.0, 0.0], [1.9835915222433687, 33.333333333333336], [0.9917957611216843, 100.0], [0.0, 100.0], [22.84436339614595, 300.0], [26.651758433868473, 50.0], [23.325744883564695, 266.66666666666663], [17.920975212198584, 433.33333333333326], [19.204354096865643, 116.66666666666674], [10.340805658109048, 100.0], [0.0, 116.66666666666674]]}}, "ShellL": {"location": {"x": [[0.0, 0.0], [0.0, 583.3333333333334], [0.09376272559165955, 49.999999999999886], [0.1621313840150833, 83.33333333333337], [0.17189833521842957, 33.33333333333337], [0.17189833521842957, 50.0], [-0.25194650888442993, 66.66666666666674], [-0.7040476202964783, 149.9999999999999, "CONSTANT"], [-1.641493320465088, 16.66666666666663], [-0.48360228538513184, 66.66666666666674], [-0.0976385846734047, 66.66666666666674], [0.0, 116.66666666666652]], "z": [[-0.0, 0.0], [-0.0, 583.3333333333334], [1.188506007194519, 49.999999999999886], [2.0551249980926514, 83.33333333333337], [2.1789276599884033, 33.33333333333337], [2.1789276599884033, 50.0], [0.6366069316864014, 66.66666666666674], [-1.0085352659225464, 149.9999999999999, "CONSTANT"], [-1.0141838788986206, 16.66666666666663], [0.6391998529434204, 66.66666666666674], [1.1903276443481445, 66.66666666666674], [-0.0, 116.66666666666652]], "y": [[0.0, 0.0], [0.0, 583.3333333333334], [0.6720442175865173, 49.999999999999886], [1.162076473236084, 83.33333333333337], [1.2320810556411743, 33.33333333333337], [1.2320810556411743, 50.0], [0.4826660752296448, 66.66666666666674], [-0.3167097568511963, 149.9999999999999, "CONSTANT"], [-1.3532683849334717, 16.66666666666663], [-0.3891531825065613, 66.66666666666674], [-0.0677814781665802, 66.66666666666674], [0.0, 116.66666666666652]]}, "rotation_euler": {"x": [[0.0, 0.0, "CONSTANT"], [0.0, 583.3333333333334, "CONSTANT"], [-5.534420749078115, 166.66666666666663, "CONSTANT"], [7.606445291826578, 166.66666666666663, "CONSTANT"], [0.0, 116.66666666666663, "CONSTANT"]],