# Blender 4.0.2
# www.blender.org
mtllib Compressor.mtl
o Cylinder
v -0.874999 1.500000 2.812500
v -0.875001 1.500000 -2.812500
v -0.808394 1.165152 2.812500
v -0.618718 0.881281 2.812500
v -0.334847 0.691605 2.812500
v 0.000001 0.625000 2.812500
v 0.334849 0.691606 2.812500
v 0.618719 0.881282 2.812500
v 0.808395 1.165152 2.812500
v 0.808394 1.165152 -2.812500
v 0.875001 1.500000 2.812500
v 0.874999 1.500000 -2.812500
v 0.808395 1.834848 2.812500
v 0.808394 1.834848 -2.812500
v 0.618719 2.118718 2.812500
v 0.618718 2.118719 -2.812500
v 0.334848 2.308395 2.812500
v 0.334847 2.308395 -2.812500
v 0.000000 2.375000 2.812500
v -0.334848 2.308394 2.812500
v -0.618718 2.118718 2.812500
v -0.618719 2.118718 -2.812500
v -0.808394 1.834848 2.812500
v -1.124999 1.500000 2.812500
v -1.039364 1.069481 2.812500
v -1.039365 1.069481 -2.812500
v -1.125001 1.500000 -2.812500
v -0.795494 0.704505 2.812500
v -0.795495 0.704505 -2.812500
v -0.430518 0.460635 2.812500
v -0.430519 0.460635 -2.812500
v 0.000001 0.375000 2.812500
v -0.000000 0.375000 -2.812500
v 0.430520 0.460636 2.812500
v 0.430519 0.460636 -2.812500
v 0.795496 0.704505 2.812500
v 0.795495 0.704505 -2.812500
v 1.039365 1.069481 2.812500
v 1.039364 1.069481 -2.812500
v 1.125001 1.500000 2.812500
v 1.124999 1.500000 -2.812500
v 1.039365 1.930519 2.812500
v 1.039364 1.930519 -2.812500
v 0.795495 2.295495 2.812500
v 0.795494 2.295495 -2.812500
v 0.430519 2.539365 2.812500
v 0.430518 2.539365 -2.812500
v 0.000000 2.625000 2.812500
v -0.000001 2.625000 -2.812500
v -0.430519 2.539364 2.812500
v -0.430520 2.539364 -2.812500
v -0.795495 2.295495 2.812500
v -0.795496 2.295495 -2.812500
v -1.039364 1.930519 2.812500
v -1.039365 1.930519 -2.812500
v -0.249999 1.500000 3.000000
v -0.230969 1.404329 3.000000
v -0.176776 1.323223 3.000000
v -0.095670 1.269030 3.000000
v 0.000001 1.250000 3.000000
v 0.095671 1.269030 3.000000
v 0.176777 1.323223 3.000000
v 0.230971 1.404329 3.000000
v 0.250001 1.500000 3.000000
v 0.230971 1.595671 3.000000
v 0.176777 1.676777 3.000000
v 0.095671 1.730970 3.000000
v 0.000001 1.750000 3.000000
v -0.095670 1.730970 3.000000
v -0.176776 1.676777 3.000000
v -0.230969 1.595671 3.000000
v -0.874999 1.500000 3.000000
v -0.808394 1.165152 3.000000
v -0.618718 0.881281 3.000000
v -0.334847 0.691605 3.000000
v 0.000001 0.625000 3.000000
v 0.334849 0.691605 3.000000
v 0.618719 0.881282 3.000000
v 0.808395 1.165152 3.000000
v 0.875001 1.500000 3.000000
v 0.808395 1.834848 3.000000
v 0.618719 2.118718 3.000000
v 0.334848 2.308395 3.000000
v 0.000000 2.375000 3.000000
v -0.334848 2.308394 3.000000
v -0.618718 2.118718 3.000000
v -0.808394 1.834848 3.000000
v -0.749999 1.500000 3.000000
v -0.692909 1.212987 3.000000
v -0.530329 0.969670 3.000000
v -0.287012 0.807090 3.000000
v 0.000001 0.750000 3.000000
v 0.287013 0.807090 3.000000
v 0.530331 0.969670 3.000000
v 0.692910 1.212988 3.000000
v 0.750001 1.500000 3.000000
v 0.692910 1.787013 3.000000
v 0.530330 2.030330 3.000000
v 0.287013 2.192910 3.000000
v 0.000000 2.250000 3.000000
v -0.287012 2.192909 3.000000
v -0.530330 2.030330 3.000000
v -0.692909 1.787012 3.000000
v 0.000001 1.500000 3.000000
v 0.618719 0.881281 -2.812500
v 0.334849 0.691604 -2.812500
v 0.000000 0.624999 -2.812500
v -0.334848 0.691604 -2.812500
v -0.618718 0.881280 -2.812500
v -0.808394 1.165151 -2.812500
v -0.808394 1.834847 -2.812500
v -0.334848 2.308393 -2.812500
v 0.000000 2.374999 -2.812500
v 0.176777 1.323222 -3.000000
v 0.095671 1.269029 -3.000000
v 0.000000 1.249999 -3.000000
v -0.176776 1.323222 -3.000000
v -0.250000 1.499999 -3.000000
v -0.176776 1.676775 -3.000000
v -0.095671 1.730969 -3.000000
v 0.000000 1.749999 -3.000000
v 0.095671 1.730969 -3.000000
v 0.230970 1.595670 -3.000000
v 0.875000 1.499999 -3.000000
v 0.808395 1.165151 -3.000000
v 0.618719 0.881280 -3.000000
v 0.334848 0.691604 -3.000000
v 0.000000 0.624999 -3.000000
v -0.334848 0.691604 -3.000000
v -0.618718 0.881280 -3.000000
v -0.808394 1.165151 -3.000000
v -0.875000 1.499999 -3.000000
v -0.808394 1.834847 -3.000000
v -0.618718 2.118717 -3.000000
v -0.334848 2.308393 -3.000000
v 0.000000 2.374999 -3.000000
v 0.334848 2.308393 -3.000000
v 0.618719 2.118717 -3.000000
v 0.808395 1.834847 -3.000000
v 0.750000 1.499999 -3.000000
v 0.287013 0.807089 -3.000000
v 0.000000 0.749999 -3.000000
v -0.692909 1.212986 -3.000000
v -0.750000 1.499999 -3.000000
v 0.530330 2.030329 -3.000000
v 0.000000 1.499999 -3.000000
v -0.230969 1.404328 -3.000000
v -0.095671 1.269029 -3.000000
v 0.230970 1.404328 -3.000000
v 0.250000 1.499999 -3.000000
v 0.176777 1.676775 -3.000000
v -0.230969 1.595670 -3.000000
v -0.530330 0.969668 -3.000000
v -0.287012 0.807089 -3.000000
v 0.530331 0.969669 -3.000000
v 0.692910 1.212986 -3.000000
v 0.692910 1.787011 -3.000000
v 0.287013 2.192909 -3.000000
v 0.000000 2.249999 -3.000000
v -0.287012 2.192908 -3.000000
v -0.530330 2.030329 -3.000000
v -0.692909 1.787011 -3.000000
v -1.113281 1.500000 1.312500
v -1.113281 1.500000 1.187500
v -1.028537 1.073966 1.312500
v -1.028538 1.073966 1.187500
v -0.787208 0.712791 1.312500
v -0.787209 0.712792 1.187500
v -0.426034 0.471462 1.312500
v -0.426034 0.471463 1.187500
v 0.000000 0.386719 1.312500
v 0.000000 0.386719 1.187500
v 0.426035 0.471462 1.312500
v 0.426034 0.471463 1.187500
v 0.787209 0.712792 1.312500
v 0.787209 0.712792 1.187500
v 1.028538 1.073966 1.312500
v 1.028538 1.073966 1.187500
v 1.113281 1.500000 1.312500
v 1.113281 1.500001 1.187500
v 1.028538 1.926035 1.312500
v 1.028538 1.926035 1.187500
v 0.787209 2.287209 1.312500
v 0.787208 2.287209 1.187500
v 0.426034 2.528538 1.312500
v 0.426034 2.528538 1.187500
v -0.000000 2.613281 1.312500
v -0.000000 2.613282 1.187500
v -0.426034 2.528538 1.312500
v -0.426035 2.528538 1.187500
v -0.787209 2.287209 1.312500
v -0.787209 2.287209 1.187500
v -1.028538 1.926034 1.312500
v -1.028538 1.926035 1.187500
v -1.250000 1.500000 1.312500
v -1.154849 1.021646 1.312500
v -1.154849 1.021646 1.187500
v -1.250000 1.500000 1.187500
v -0.883883 0.616116 1.312500
v -0.883883 0.616117 1.187500
v -0.478354 0.345151 1.312500
v -0.478354 0.345151 1.187500
v 0.000000 0.250000 1.312500
v 0.000000 0.250000 1.187500
v 0.478355 0.345151 1.312500
v 0.478354 0.345151 1.187500
v 0.883884 0.616117 1.312500
v 0.883884 0.616117 1.187500
v 1.154850 1.021646 1.312500
v 1.154849 1.021646 1.187500
v 1.250000 1.500000 1.312500
v 1.250000 1.500001 1.187500
v 1.154850 1.978355 1.312500
v 1.154849 1.978355 1.187500
v 0.883884 2.383884 1.312500
v 0.883883 2.383884 1.187500
v 0.478354 2.654850 1.312500
v 0.478354 2.654850 1.187500
v -0.000000 2.750000 1.312500
v -0.000000 2.750000 1.187500
v -0.478354 2.654850 1.312500
v -0.478355 2.654850 1.187500
v -0.883884 2.383883 1.312500
v -0.883884 2.383884 1.187500
v -1.154849 1.978354 1.312500
v -1.154850 1.978354 1.187500
v -0.000000 2.625000 1.187500
v -0.000000 2.625000 0.812500
v -0.000000 2.750000 1.187500
v -0.000000 2.750000 0.812500
v 0.219476 2.603384 1.187500
v 0.219476 2.603384 0.812500
v 0.243863 2.725982 1.187500
v 0.243863 2.725982 0.812500
v 0.430519 2.539365 1.187500
v 0.430519 2.539365 0.812500
v 0.478354 2.654850 1.187500
v 0.478354 2.654850 0.812500
v 0.625016 2.435404 1.187500
v 0.625016 2.435404 0.812500
v 0.694463 2.539337 1.187500
v 0.694463 2.539337 0.812500
v 0.795495 2.295496 1.187500
v 0.795495 2.295496 0.812500
v 0.883883 2.383884 1.187500
v 0.883883 2.383884 0.812500
v 0.935403 2.125017 1.187500
v 0.935403 2.125017 0.812500
v 1.039337 2.194463 1.187500
v 1.039337 2.194463 0.812500
v 1.039364 1.930519 1.187500
v 1.039364 1.930519 0.812500
v 1.154849 1.978355 1.187500
v 1.154849 1.978355 0.812500
v 1.039364 1.069482 1.187500
v 1.039364 1.069482 0.812500
v 1.154849 1.021646 1.187500
v 1.154849 1.021646 0.812500
v 0.935403 0.874984 1.187500
v 0.935403 0.874984 0.812500
v 1.039337 0.805538 1.187500
v 1.039337 0.805538 0.812500
v 0.795495 0.704506 1.187500
v 0.795495 0.704506 0.812500
v 0.883883 0.616117 1.187500
v 0.883883 0.616117 0.812500
v 0.625016 0.564598 1.187500
v 0.625016 0.564598 0.812500
v 0.694463 0.460664 1.187500
v 0.694463 0.460664 0.812500
v 0.430519 0.460637 1.187500
v 0.430519 0.460636 0.812500
v 0.478354 0.345152 1.187500
v 0.478354 0.345151 0.812500
v 0.219477 0.396618 1.187500
v 0.219477 0.396617 0.812500
v 0.243863 0.274019 1.187500
v 0.243863 0.274019 0.812500
v 0.000000 0.375001 1.187500
v 0.000000 0.375001 0.812500
v 0.000000 0.250001 1.187500
v 0.000000 0.250001 0.812500
v -0.219476 0.396618 1.187500
v -0.219476 0.396618 0.812500
v -0.243862 0.274019 1.187500
v -0.243862 0.274019 0.812500
v -0.430518 0.460636 1.187500
v -0.430518 0.460636 0.812500
v -0.478354 0.345152 1.187500
v -0.478354 0.345151 0.812500
v -0.625016 0.564598 1.187500
v -0.625016 0.564597 0.812500
v -0.694462 0.460664 1.187500
v -0.694462 0.460664 0.812500
v -0.795494 0.704506 1.187500
v -0.795494 0.704506 0.812500
v -0.883883 0.616117 1.187500
v -0.883883 0.616117 0.812500
v -0.935402 0.874984 1.187500
v -0.935402 0.874984 0.812500
v -1.039336 0.805538 1.187500
v -1.039336 0.805538 0.812500
v -1.039363 1.069482 1.187500
v -1.039363 1.069481 0.812500
v -1.154848 1.021646 1.187500
v -1.154848 1.021646 0.812500
v -1.039363 1.930518 1.187500
v -1.039363 1.930518 0.812500
v -1.154848 1.978354 1.187500
v -1.154848 1.978354 0.812500
v -0.935402 2.125016 1.187500
v -0.935402 2.125016 0.812500
v -1.039336 2.194462 1.187500
v -1.039336 2.194462 0.812500
v -0.795494 2.295494 1.187500
v -0.795494 2.295494 0.812500
v -0.883883 2.383883 1.187500
v -0.883883 2.383883 0.812500
v -0.625016 2.435402 1.187500
v -0.625016 2.435402 0.812500
v -0.694462 2.539336 1.187500
v -0.694462 2.539336 0.812500
v -0.430518 2.539363 1.187500
v -0.430518 2.539363 0.812500
v -0.478354 2.654848 1.187500
v -0.478354 2.654848 0.812500
v -0.219476 2.603382 1.187500
v -0.219476 2.603382 0.812500
v -0.243863 2.725981 1.187500
v -0.243863 2.725981 0.812500
v -0.000000 2.625000 -0.812500
v -0.000000 2.625000 -1.187500
v -0.000000 2.750000 -0.812500
v -0.000000 2.750000 -1.187500
v 0.219476 2.603383 -0.812500
v 0.219476 2.603383 -1.187500
v 0.243863 2.725981 -0.812500
v 0.243863 2.725981 -1.187500
v 0.430519 2.539364 -0.812500
v 0.430519 2.539364 -1.187500
v 0.478354 2.654850 -0.812500
v 0.478354 2.654849 -1.187500
v 0.625016 2.435403 -0.812500
v 0.625016 2.435403 -1.187500
v 0.694463 2.539337 -0.812500
v 0.694463 2.539337 -1.187500
v 0.795495 2.295495 -0.812500
v 0.795495 2.295495 -1.187500
v 0.883883 2.383883 -0.812500
v 0.883883 2.383883 -1.187500
v 0.935403 2.125017 -0.812500
v 0.935403 2.125016 -1.187500
v 1.039337 2.194463 -0.812500
v 1.039337 2.194463 -1.187500
v 1.039364 1.930519 -0.812500
v 1.039364 1.930519 -1.187500
v 1.154849 1.978354 -0.812500
v 1.154849 1.978354 -1.187500
v 1.039364 1.069481 -0.812500
v 1.039364 1.069481 -1.187500
v 1.154849 1.021646 -0.812500
v 1.154849 1.021646 -1.187500
v 0.935403 0.874984 -0.812500
v 0.935403 0.874984 -1.187500
v 1.039337 0.805537 -0.812500
v 1.039337 0.805537 -1.187500
v 0.795495 0.704506 -0.812500
v 0.795495 0.704505 -1.187500
v 0.883883 0.616117 -0.812500
v 0.883883 0.616117 -1.187500
v 0.625016 0.564597 -0.812500
v 0.625016 0.564597 -1.187500
v 0.694463 0.460663 -0.812500
v 0.694463 0.460663 -1.187500
v 0.430519 0.460636 -0.812500
v 0.430519 0.460636 -1.187500
v 0.478354 0.345151 -0.812500
v 0.478354 0.345151 -1.187500
v 0.219477 0.396617 -0.812500
v 0.219477 0.396617 -1.187500
v 0.243863 0.274019 -0.812500
v 0.243863 0.274019 -1.187500
v 0.000000 0.375001 -0.812500
v 0.000000 0.375001 -1.187500
v 0.000000 0.250001 -0.812500
v 0.000000 0.250001 -1.187500
v -0.219476 0.396617 -0.812500
v -0.219476 0.396617 -1.187500
v -0.243863 0.274019 -0.812500
v -0.243863 0.274019 -1.187500
v -0.430518 0.460636 -0.812500
v -0.430518 0.460636 -1.187500
v -0.478354 0.345151 -0.812500
v -0.478354 0.345151 -1.187500
v -0.625016 0.564597 -0.812500
v -0.625016 0.564597 -1.187500
v -0.694462 0.460664 -0.812500
v -0.694462 0.460663 -1.187500
v -0.795494 0.704505 -0.812500
v -0.795494 0.704505 -1.187500
v -0.883883 0.616117 -0.812500
v -0.883883 0.616117 -1.187500
v -0.935402 0.874984 -0.812500
v -0.935402 0.874984 -1.187500
v -1.039336 0.805538 -0.812500
v -1.039336 0.805537 -1.187500
v -1.039363 1.069481 -0.812500
v -1.039364 1.069481 -1.187500
v -1.154848 1.021646 -0.812500
v -1.154848 1.021646 -1.187500
v -1.039363 1.930518 -0.812500
v -1.039364 1.930518 -1.187500
v -1.154848 1.978354 -0.812500
v -1.154848 1.978354 -1.187500
v -0.935402 2.125015 -0.812500
v -0.935402 2.125015 -1.187500
v -1.039336 2.194462 -0.812500
v -1.039336 2.194462 -1.187500
v -0.795494 2.295494 -0.812500
v -0.795494 2.295494 -1.187500
v -0.883883 2.383882 -0.812500
v -0.883883 2.383882 -1.187500
v -0.625016 2.435402 -0.812500
v -0.625016 2.435402 -1.187500
v -0.694462 2.539336 -0.812500
v -0.694462 2.539336 -1.187500
v -0.430518 2.539363 -0.812500
v -0.430518 2.539363 -1.187500
v -0.478354 2.654848 -0.812500
v -0.478354 2.654848 -1.187500
v -0.219476 2.603382 -0.812500
v -0.219476 2.603382 -1.187500
v -0.243863 2.725980 -0.812500
v -0.243863 2.725980 -1.187500
v 1.125000 0.750000 0.562500
v 1.125000 2.250000 0.562500
v 0.812500 0.750000 0.562500
v 0.812500 2.250000 0.562500
v 1.125000 0.750000 -0.562500
v 1.125000 2.250000 -0.562500
v 0.812500 0.750000 -0.562500
v 0.812500 2.250000 -0.562500
v -0.250000 1.500000 3.500000
v -0.250000 1.500001 3.375000
v -0.176776 1.323224 3.500000
v -0.176777 1.323224 3.375000
v 0.000000 1.250000 3.500000
v 0.000000 1.250001 3.375000
v 0.176777 1.323224 3.500000
v 0.176777 1.323224 3.375000
v 0.250000 1.500000 3.500000
v 0.250000 1.500001 3.375000
v 0.176777 1.676777 3.500000
v 0.176777 1.676778 3.375000
v 0.000000 1.750000 3.500000
v 0.000000 1.750001 3.375000
v -0.176776 1.676777 3.500000
v -0.176777 1.676777 3.375000
v -0.125000 1.500000 3.312500
v -0.125000 1.500001 3.250000
v -0.088388 1.411612 3.312500
v -0.088388 1.411613 3.250000
v 0.000000 1.375000 3.312500
v 0.000000 1.375001 3.250000
v 0.088389 1.411612 3.312500
v 0.088388 1.411613 3.250000
v 0.125000 1.500000 3.312500
v 0.125000 1.500001 3.250000
v 0.088389 1.588389 3.312500
v 0.088388 1.588389 3.250000
v 0.000000 1.625000 3.312500
v 0.000000 1.625001 3.250000
v -0.088388 1.588389 3.312500
v -0.088388 1.588389 3.250000
v -0.125000 1.463389 3.161612
v -0.088388 1.400889 3.224112
v 0.000000 1.375001 3.250000
v 0.088388 1.400889 3.224112
v 0.125000 1.463389 3.161612
v 0.088388 1.525889 3.099112
v 0.000000 1.551778 3.073224
v -0.088388 1.525889 3.099112
v -0.125000 1.375001 3.125000
v -0.088388 1.375001 3.213388
v 0.000000 1.375001 3.250000
v 0.088388 1.375001 3.213388
v 0.125000 1.375001 3.125000
v 0.088388 1.375001 3.036612
v 0.000000 1.375001 3.000000
v -0.088388 1.375001 3.036612
v -0.088388 0.375001 3.213388
v -0.125000 0.375001 3.125000
v 0.000000 0.375001 3.250000
v 0.088389 0.375001 3.213388
v 0.125000 0.375001 3.125000
v 0.088388 0.375001 3.036612
v 0.000000 0.375001 3.000000
v -0.088388 0.375001 3.036612
v -0.088388 0.224113 3.150888
v -0.125000 0.286613 3.088388
v 0.000000 0.198225 3.176777
v 0.088388 0.224113 3.150888
v 0.125000 0.286613 3.088388
v 0.088388 0.349113 3.025889
v -0.000000 0.375001 3.000000
v -0.088388 0.349113 3.025889
v -0.088388 0.161613 3.000000
v -0.125000 0.250001 3.000000
v -0.000000 0.125001 3.000000
v 0.088388 0.161613 3.000000
v 0.125000 0.250001 3.000000
v 0.088388 0.338389 3.000000
v -0.000000 0.375001 3.000000
v -0.088389 0.338389 3.000000
v -0.088391 0.161614 0.000000
v -0.125003 0.250002 0.000000
v -0.000003 0.125002 0.000000
v 0.088386 0.161613 -0.000000
v 0.124997 0.250002 -0.000000
v 0.088386 0.338390 0.000000
v -0.000003 0.375002 0.000000
v -0.088391 0.338390 0.000000
v 0.125000 0.250001 3.375000
v 0.125000 2.750001 3.375000
v -0.125000 0.250001 3.375000
v -0.125000 2.750001 3.375000
v 0.125000 0.250001 3.312500
v 0.125000 2.750001 3.312500
v -0.125000 0.250001 3.312500
v -0.125000 2.750001 3.312500
v 0.125000 2.875001 3.249999
v 0.125000 3.000001 3.249999
v -0.125000 2.875001 3.249999
v -0.125000 3.000001 3.249999
v 0.125000 2.874999 -3.250001
v 0.125000 2.999999 -3.250001
v -0.125000 2.874999 -3.250001
v -0.125000 2.999999 -3.250001
v 1.500000 0.249999 -3.125000
v 1.500000 0.250001 3.125000
v 1.250000 0.250001 3.125000
v 1.250000 0.249999 -3.125000
v 1.250000 -0.000001 -3.125000
v 1.250000 0.000001 3.125000
v 1.500000 0.000001 3.125000
v 1.500000 -0.000001 -3.125000
v 1.500000 -0.000001 -3.500000
v 1.500000 -0.000001 -3.125000
v 1.125000 -0.000001 -3.500000
v 1.125000 -0.000001 -3.125000
v 1.500000 0.374999 -3.500000
v 1.500000 0.374999 -3.125000
v 1.125000 0.374999 -3.500000
v 1.125000 0.374999 -3.125000
v -1.125000 -0.000001 -3.500000
v -1.125000 -0.000001 -3.125000
v -1.500000 -0.000001 -3.500000
v -1.500000 -0.000001 -3.125000
v -1.125000 0.374999 -3.500000
v -1.125000 0.374999 -3.125000
v -1.500000 0.374999 -3.500000
v -1.500000 0.374999 -3.125000
v 1.500000 0.000001 3.125000
v 1.500000 0.000001 3.500000
v 1.125000 0.000001 3.125000
v 1.125000 0.000001 3.500000
v 1.500000 0.375001 3.125000
v 1.500000 0.375001 3.500000
v 1.125000 0.375001 3.125000
v 1.125000 0.375001 3.500000
v -1.125000 0.000001 3.125000
v -1.125000 0.000001 3.500000
v -1.500000 0.000001 3.125000
v -1.500000 0.000001 3.500000
v -1.125000 0.375001 3.125000
v -1.125000 0.375001 3.500000
v -1.500000 0.375001 3.125000
v -1.500000 0.375001 3.500000
v 1.500000 2.624999 -3.500000
v 1.500000 2.624999 -3.125000
v 1.125000 2.624999 -3.500000
v 1.125000 2.624999 -3.125000
v 1.500000 2.999999 -3.500000
v 1.500000 2.999999 -3.125000
v 1.125000 2.999999 -3.500001
v 1.125000 2.999999 -3.125001
v -1.125000 2.624999 -3.500000
v -1.125000 2.624999 -3.125000
v -1.500000 2.624999 -3.500000
v -1.500000 2.624999 -3.125000
v -1.125000 2.999999 -3.500000
v -1.125000 2.999999 -3.125000
v -1.500000 2.999999 -3.500001
v -1.500000 2.999999 -3.125001
v 1.500000 2.625001 3.125000
v 1.500000 2.625001 3.500000
v 1.125000 2.625001 3.125000
v 1.125000 2.625001 3.500000
v 1.500000 3.000001 3.125000
v 1.500000 3.000001 3.500000
v 1.125000 3.000001 3.124999
v 1.125000 3.000001 3.499999
v -1.125000 2.625001 3.125000
v -1.125000 2.625001 3.500000
v -1.500000 2.625001 3.125000
v -1.500000 2.625001 3.500000
v -1.125000 3.000001 3.125000
v -1.125000 3.000001 3.500000
v -1.500000 3.000001 3.124999
v -1.500000 3.000001 3.499999
v 1.500000 2.999999 -3.125000
v 1.500000 3.000001 3.125000
v 1.250000 3.000001 3.125000
v 1.250000 2.999999 -3.125000
v 1.250000 2.749999 -3.125000
v 1.250000 2.750001 3.125000
v 1.500000 2.750001 3.125000
v 1.500000 2.749999 -3.125000
v -1.250000 0.249999 -3.125000
v -1.250000 0.250001 3.125000
v -1.500000 0.250001 3.125000
v -1.500000 0.249999 -3.125000
v -1.500000 -0.000001 -3.125000
v -1.500000 0.000001 3.125000
v -1.250000 0.000001 3.125000
v -1.250000 -0.000001 -3.125000
v -1.250000 2.999999 -3.125000
v -1.250000 3.000001 3.125000
v -1.500000 3.000001 3.124999
v -1.500000 2.999999 -3.125001
v -1.500000 2.749999 -3.125000
v -1.500000 2.750001 3.125000
v -1.250000 2.750001 3.125000
v -1.250000 2.749999 -3.125000
v 1.125000 0.000001 3.500000
v -1.125000 0.000001 3.500000
v 1.125000 0.000001 3.250000
v -1.125000 0.000001 3.250000
v 1.125000 0.250001 3.500000
v -1.125000 0.250001 3.500000
v 1.125000 0.250001 3.250000
v -1.125000 0.250001 3.250000
v 1.125000 -0.000001 -3.250000
v -1.125000 -0.000001 -3.250000
v 1.125000 -0.000001 -3.500000
v -1.125000 -0.000001 -3.500000
v 1.125000 0.249999 -3.250000
v -1.125000 0.249999 -3.250000
v 1.125000 0.249999 -3.500000
v -1.125000 0.249999 -3.500000
v 1.125000 2.750001 3.500000
v -1.125000 2.750001 3.500000
v 1.125000 2.750001 3.250000
v -1.125000 2.750001 3.250000
v 1.125000 3.000001 3.499999
v -1.125000 3.000001 3.500000
v 1.125000 3.000001 3.249999
v -1.125000 3.000001 3.250000
v 1.125000 2.749999 -3.250000
v -1.125000 2.749999 -3.250000
v 1.125000 2.749999 -3.500000
v -1.125000 2.749999 -3.500000
v 1.125000 2.999999 -3.250001
v -1.125000 2.999999 -3.250000
v 1.125000 2.999999 -3.500001
v -1.125000 2.999999 -3.500000
v -1.500000 0.375001 3.500000
v -1.500000 2.625001 3.500000
v -1.500000 0.375001 3.250000
v -1.500000 2.625001 3.250000
v -1.250000 0.375001 3.500000
v -1.250000 2.625001 3.500000
v -1.250000 0.375001 3.250000
v -1.250000 2.625001 3.250000
v 1.250000 0.375001 3.500000
v 1.250000 2.625001 3.500000
v 1.250000 0.375001 3.250000
v 1.250000 2.625001 3.250000
v 1.500000 0.375001 3.500000
v 1.500000 2.625001 3.500000
v 1.500000 0.375001 3.250000
v 1.500000 2.625001 3.250000
v -1.500000 0.374999 -3.250000
v -1.500000 2.624999 -3.250000
v -1.500000 0.374999 -3.500000
v -1.500000 2.624999 -3.500000
v -1.250000 0.374999 -3.250000
v -1.250000 2.624999 -3.250000
v -1.250000 0.374999 -3.500000
v -1.250000 2.624999 -3.500000
v 1.250000 0.374999 -3.250000
v 1.250000 2.624999 -3.250000
v 1.250000 0.374999 -3.500000
v 1.250000 2.624999 -3.500000
v 1.500000 0.374999 -3.250000
v 1.500000 2.624999 -3.250000
v 1.500000 0.374999 -3.500000
v 1.500000 2.624999 -3.500000
v 1.250000 -0.000000 -2.375000
v -1.250000 -0.000001 -2.375000
v 1.250000 0.125000 -2.375000
v -1.250000 0.124999 -2.375000
v 1.250000 -0.000000 -2.125000
v -1.250000 -0.000001 -2.125000
v 1.250000 0.125000 -2.125000
v -1.250000 0.124999 -2.125000
v 1.250000 0.000001 2.125000
v -1.250000 0.000000 2.125000
v 1.250000 0.125001 2.125000
v -1.250000 0.125000 2.125000
v 1.250000 0.000001 2.375000
v -1.250000 0.000000 2.375000
v 1.250000 0.125001 2.375000
v -1.250000 0.125000 2.375000
v 1.250000 2.875000 -2.375000
v -1.250000 2.874999 -2.375000
v 1.250000 3.000000 -2.375000
v -1.250000 2.999999 -2.375000
v 1.250000 2.875000 -2.125000
v -1.250000 2.874999 -2.125000
v 1.250000 3.000000 -2.125000
v -1.250000 2.999999 -2.125000
v 1.250000 2.875001 2.125000
v -1.250000 2.875000 2.125000
v 1.250000 3.000001 2.125000
v -1.250000 3.000000 2.125000
v 1.250000 2.875001 2.375000
v -1.250000 2.875000 2.375000
v 1.250000 3.000001 2.375000
v -1.250000 3.000000 2.375000
v -1.500000 0.249999 -2.375000
v -1.500000 2.749999 -2.375000
v -1.375000 0.249999 -2.375000
v -1.375000 2.749999 -2.375000
v -1.500000 0.249999 -2.125000
v -1.500000 2.749999 -2.125000
v -1.375000 0.249999 -2.125000
v -1.375000 2.749999 -2.125000
v -1.500000 0.250000 2.125000
v -1.500000 2.750000 2.125000
v -1.375000 0.250000 2.125000
v -1.375000 2.750000 2.125000
v -1.500000 0.250000 2.375000
v -1.500000 2.750000 2.375000
v -1.375000 0.250000 2.375000
v -1.375000 2.750000 2.375000
v 1.375000 0.250000 -2.375000
v 1.375000 2.750000 -2.375000
v 1.500000 0.250000 -2.375000
v 1.500000 2.750000 -2.375000
v 1.375000 0.250000 -2.125000
v 1.375000 2.750000 -2.125000
v 1.500000 0.250000 -2.125000
v 1.500000 2.750000 -2.125000
v 1.375000 0.250001 2.125000
v 1.375000 2.750001 2.125000
v 1.500000 0.250001 2.125000
v 1.500000 2.750001 2.125000
v 1.375000 0.250001 2.375000
v 1.375000 2.750001 2.375000
v 1.500000 0.250001 2.375000
v 1.500000 2.750001 2.375000
v 0.125001 0.000001 3.250000
v 0.125001 0.125001 3.250000
v -0.124999 0.000001 3.250000
v -0.124999 0.125001 3.250000
v 0.125000 -0.000001 -3.250000
v 0.125000 0.124999 -3.250000
v -0.125000 -0.000001 -3.250000
v -0.125000 0.124999 -3.250000
v -1.500000 1.312500 -1.187500
v -1.500000 1.687500 -1.187500
v -1.375000 1.312500 -1.187500
v -1.375000 1.687500 -1.187500
v -1.500000 1.312500 -0.812500
v -1.500000 1.687500 -0.812500
v -1.375000 1.312500 -0.812500
v -1.375000 1.687500 -0.812500
v -1.375000 1.125000 -1.250000
v -1.375000 1.875000 -1.250000
v -1.000000 1.125000 -1.250000
v -1.000000 1.875000 -1.250000
v -1.375000 1.125000 -0.750000
v -1.375000 1.875000 -0.750000
v -1.000000 1.125000 -0.750000
v -1.000000 1.875000 -0.750000
v -1.500000 1.312500 0.812500
v -1.500000 1.687500 0.812500
v -1.375000 1.312500 0.812500
v -1.375000 1.687500 0.812500
v -1.500000 1.312500 1.187500
v -1.500000 1.687500 1.187500
v -1.375000 1.312500 1.187500
v -1.375000 1.687500 1.187500
v -1.375000 1.125000 0.750000
v -1.375000 1.875000 0.750000
v -1.000000 1.125000 0.750000
v -1.000000 1.875000 0.750000
v -1.375000 1.125000 1.250000
v -1.375000 1.875000 1.250000
v -1.000000 1.125000 1.250000
v -1.000000 1.875000 1.250000
v 1.500000 1.312500 1.187500
v 1.500000 1.687500 1.187500
v 1.375000 1.312500 1.187500
v 1.375000 1.687500 1.187500
v 1.500000 1.312500 0.812500
v 1.500000 1.687500 0.812500
v 1.375000 1.312500 0.812500
v 1.375000 1.687500 0.812500
v 1.375000 1.125000 1.250000
v 1.375000 1.875000 1.250000
v 1.000000 1.125000 1.250000
v 1.000000 1.875000 1.250000
v 1.375000 1.125000 0.750000
v 1.375000 1.875000 0.750000
v 1.000000 1.125000 0.750000
v 1.000000 1.875000 0.750000
v 1.500000 1.312500 -0.812500
v 1.500000 1.687500 -0.812500
v 1.375000 1.312500 -0.812500
v 1.375000 1.687500 -0.812500
v 1.500000 1.312500 -1.187500
v 1.500000 1.687500 -1.187500
v 1.375000 1.312500 -1.187500
v 1.375000 1.687500 -1.187500
v 1.375000 1.125000 -0.750000
v 1.375000 1.875000 -0.750000
v 1.000000 1.125000 -0.750000
v 1.000000 1.875000 -0.750000
v 1.375000 1.125000 -1.250000
v 1.375000 1.875000 -1.250000
v 1.000000 1.125000 -1.250000
v 1.000000 1.875000 -1.250000
v -1.125000 0.750000 -0.562500
v -1.125000 2.250000 -0.562500
v -0.812500 0.750000 -0.562500
v -0.812500 2.250000 -0.562500
v -1.125000 0.750000 0.562500
v -1.125000 2.250000 0.562500
v -0.812500 0.750000 0.562500
v -0.812500 2.250000 0.562500
v 0.125000 0.250000 -3.375000
v 0.124999 2.750000 -3.375000
v -0.125000 0.250000 -3.375000
v -0.125001 2.750000 -3.375000
v 0.125000 0.250000 -3.312500
v 0.124999 2.750000 -3.312500
v -0.125000 0.250000 -3.312500
v -0.125001 2.750000 -3.312500
v -1.113281 1.500000 0.812500
v -1.113281 1.500000 0.687500
v -1.028538 1.073965 0.812500
v -1.028538 1.073966 0.687500
v -0.787208 0.712791 0.812500
v -0.787209 0.712791 0.687500
v -0.426034 0.471462 0.812500
v -0.426034 0.471462 0.687500
v 0.000000 0.386719 0.812500
v 0.000000 0.386719 0.687500
v 0.426035 0.471462 0.812500
v 0.426034 0.471463 0.687500
v 0.787209 0.712791 0.812500
v 0.787209 0.712792 0.687500
v 1.028538 1.073966 0.812500
v 1.028538 1.073966 0.687500
v 1.113281 1.500000 0.812500
v 1.113281 1.500001 0.687500
v 1.028538 1.926034 0.812500
v 1.028537 1.926035 0.687500
v 0.787209 2.287209 0.812500
v 0.787208 2.287209 0.687500
v 0.426034 2.528538 0.812500
v 0.426034 2.528538 0.687500
v -0.000000 2.613281 0.812500
v -0.000000 2.613282 0.687500
v -0.426034 2.528538 0.812500
v -0.426035 2.528538 0.687500
v -0.787209 2.287209 0.812500
v -0.787209 2.287209 0.687500
v -1.028538 1.926034 0.812500
v -1.028538 1.926034 0.687500
v -1.250000 1.500000 0.812500
v -1.154849 1.021645 0.812500
v -1.154849 1.021646 0.687500
v -1.250000 1.500000 0.687500
v -0.883883 0.616116 0.812500
v -0.883883 0.616117 0.687500
v -0.478354 0.345150 0.812500
v -0.478354 0.345151 0.687500
v 0.000000 0.250000 0.812500
v 0.000000 0.250000 0.687500
v 0.478355 0.345151 0.812500
v 0.478354 0.345151 0.687500
v 0.883884 0.616117 0.812500
v 0.883884 0.616117 0.687500
v 1.154850 1.021646 0.812500
v 1.154849 1.021646 0.687500
v 1.250000 1.500000 0.812500
v 1.250000 1.500001 0.687500
v 1.154849 1.978355 0.812500
v 1.154849 1.978355 0.687500
v 0.883883 2.383884 0.812500
v 0.883883 2.383884 0.687500
v 0.478354 2.654850 0.812500
v 0.478354 2.654850 0.687500
v -0.000000 2.750000 0.812500
v -0.000000 2.750000 0.687500
v -0.478354 2.654849 0.812500
v -0.478355 2.654850 0.687500
v -0.883884 2.383883 0.812500
v -0.883884 2.383883 0.687500
v -1.154849 1.978354 0.812500
v -1.154850 1.978354 0.687500
v -1.113281 1.499999 -0.687500
v -1.113281 1.500000 -0.812500
v -1.028538 1.073965 -0.687500
v -1.028538 1.073966 -0.812500
v -0.787208 0.712791 -0.687500
v -0.787209 0.712791 -0.812500
v -0.426034 0.471462 -0.687500
v -0.426034 0.471462 -0.812500
v 0.000000 0.386718 -0.687500
v 0.000000 0.386719 -0.812500
v 0.426035 0.471462 -0.687500
v 0.426034 0.471462 -0.812500
v 0.787209 0.712791 -0.687500
v 0.787209 0.712791 -0.812500
v 1.028538 1.073966 -0.687500
v 1.028538 1.073966 -0.812500
v 1.113281 1.500000 -0.687500
v 1.113281 1.500000 -0.812500
v 1.028538 1.926034 -0.687500
v 1.028537 1.926035 -0.812500
v 0.787209 2.287209 -0.687500
v 0.787208 2.287209 -0.812500
v 0.426034 2.528538 -0.687500
v 0.426034 2.528538 -0.812500
v -0.000000 2.613281 -0.687500
v -0.000000 2.613281 -0.812500
v -0.426034 2.528537 -0.687500
v -0.426035 2.528538 -0.812500
v -0.787209 2.287208 -0.687500
v -0.787209 2.287209 -0.812500
v -1.028538 1.926034 -0.687500
v -1.028538 1.926034 -0.812500
v -1.250000 1.499999 -0.687500
v -1.154849 1.021645 -0.687500
v -1.154849 1.021645 -0.812500
v -1.250000 1.500000 -0.812500
v -0.883883 0.616116 -0.687500
v -0.883883 0.616116 -0.812500
v -0.478354 0.345150 -0.687500
v -0.478354 0.345150 -0.812500
v 0.000000 0.250000 -0.687500
v 0.000000 0.250000 -0.812500
v 0.478355 0.345150 -0.687500
v 0.478354 0.345151 -0.812500
v 0.883884 0.616116 -0.687500
v 0.883884 0.616117 -0.812500
v 1.154850 1.021646 -0.687500
v 1.154849 1.021646 -0.812500
v 1.250000 1.500000 -0.687500
v 1.250000 1.500000 -0.812500
v 1.154849 1.978354 -0.687500
v 1.154849 1.978355 -0.812500
v 0.883883 2.383883 -0.687500
v 0.883883 2.383884 -0.812500
v 0.478354 2.654849 -0.687500
v 0.478354 2.654850 -0.812500
v -0.000000 2.750000 -0.687500
v -0.000000 2.750000 -0.812500
v -0.478354 2.654849 -0.687500
v -0.478355 2.654849 -0.812500
v -0.883884 2.383883 -0.687500
v -0.883884 2.383883 -0.812500
v -1.154849 1.978354 -0.687500
v -1.154850 1.978354 -0.812500
v -1.113281 1.499999 -1.187500
v -1.113281 1.500000 -1.312500
v -1.028538 1.073965 -1.187500
v -1.028538 1.073965 -1.312500
v -0.787208 0.712791 -1.187500
v -0.787209 0.712791 -1.312500
v -0.426034 0.471462 -1.187500
v -0.426034 0.471462 -1.312500
v 0.000000 0.386718 -1.187500
v 0.000000 0.386719 -1.312500
v 0.426035 0.471462 -1.187500
v 0.426034 0.471462 -1.312500
v 0.787209 0.712791 -1.187500
v 0.787209 0.712791 -1.312500
v 1.028538 1.073965 -1.187500
v 1.028538 1.073966 -1.312500
v 1.113281 1.500000 -1.187500
v 1.113281 1.500000 -1.312500
v 1.028538 1.926034 -1.187500
v 1.028537 1.926034 -1.312500
v 0.787209 2.287209 -1.187500
v 0.787208 2.287209 -1.312500
v 0.426034 2.528537 -1.187500
v 0.426034 2.528538 -1.312500
v -0.000000 2.613281 -1.187500
v -0.000000 2.613281 -1.312500
v -0.426034 2.528537 -1.187500
v -0.426035 2.528538 -1.312500
v -0.787209 2.287208 -1.187500
v -0.787209 2.287209 -1.312500
v -1.028538 1.926034 -1.187500
v -1.028538 1.926034 -1.312500
v -1.250000 1.499999 -1.187500
v -1.154849 1.021645 -1.187500
v -1.154850 1.021645 -1.312500
v -1.250000 1.500000 -1.312500
v -0.883883 0.616116 -1.187500
v -0.883884 0.616116 -1.312500
v -0.478354 0.345150 -1.187500
v -0.478354 0.345150 -1.312500
v 0.000000 0.250000 -1.187500
v 0.000000 0.250000 -1.312500
v 0.478355 0.345150 -1.187500
v 0.478354 0.345151 -1.312500
v 0.883884 0.616116 -1.187500
v 0.883883 0.616117 -1.312500
v 1.154850 1.021646 -1.187500
v 1.154849 1.021646 -1.312500
v 1.250000 1.500000 -1.187500
v 1.250000 1.500000 -1.312500
v 1.154849 1.978354 -1.187500
v 1.154849 1.978354 -1.312500
v 0.883883 2.383883 -1.187500
v 0.883883 2.383883 -1.312500
v 0.478354 2.654849 -1.187500
v 0.478354 2.654850 -1.312500
v -0.000000 2.750000 -1.187500
v -0.000000 2.750000 -1.312500
v -0.478354 2.654849 -1.187500
v -0.478355 2.654849 -1.312500
v -0.883884 2.383883 -1.187500
v -0.883884 2.383883 -1.312500
v -1.154850 1.978354 -1.187500
v -1.154850 1.978354 -1.312500
v -0.000000 2.625000 1.187500
v -0.000000 2.625000 0.812500
v -0.000000 2.750000 1.187500
v -0.000000 2.750000 0.812500
v 0.219476 2.603384 1.187500
v 0.219476 2.603384 0.812500
v 0.243863 2.725982 1.187500
v 0.243863 2.725982 0.812500
v 0.430519 2.539365 1.187500
v 0.430519 2.539365 0.812500
v 0.478354 2.654850 1.187500
v 0.478354 2.654850 0.812500
v 0.625016 2.435404 1.187500
v 0.625016 2.435404 0.812500
v 0.694463 2.539337 1.187500
v 0.694463 2.539337 0.812500
v 0.795495 2.295496 1.187500
v 0.795495 2.295496 0.812500
v 0.883883 2.383884 1.187500
v 0.883883 2.383884 0.812500
v 0.935403 2.125017 1.187500
v 0.935403 2.125017 0.812500
v 1.039337 2.194463 1.187500
v 1.039337 2.194463 0.812500
v 1.039364 1.930519 1.187500
v 1.039364 1.930519 0.812500
v 1.154849 1.978355 1.187500
v 1.154849 1.978355 0.812500
v 1.039364 1.069482 1.187500
v 1.039364 1.069482 0.812500
v 1.154849 1.021646 1.187500
v 1.154849 1.021646 0.812500
v 0.935403 0.874984 1.187500
v 0.935403 0.874984 0.812500
v 1.039337 0.805538 1.187500
v 1.039337 0.805538 0.812500
v 0.795495 0.704506 1.187500
v 0.795495 0.704506 0.812500
v 0.883883 0.616117 1.187500
v 0.883883 0.616117 0.812500
v 0.625016 0.564598 1.187500
v 0.625016 0.564598 0.812500
v 0.694463 0.460664 1.187500
v 0.694463 0.460664 0.812500
v 0.430519 0.460637 1.187500
v 0.430519 0.460636 0.812500
v 0.478354 0.345152 1.187500
v 0.478354 0.345151 0.812500
v 0.219477 0.396618 1.187500
v 0.219477 0.396617 0.812500
v 0.243863 0.274019 1.187500
v 0.243863 0.274019 0.812500
v 0.000000 0.375001 1.187500
v 0.000000 0.375001 0.812500
v 0.000000 0.250001 1.187500
v 0.000000 0.250001 0.812500
v -0.219476 0.396618 1.187500
v -0.219476 0.396618 0.812500
v -0.243862 0.274019 1.187500
v -0.243862 0.274019 0.812500
v -0.430518 0.460636 1.187500
v -0.430518 0.460636 0.812500
v -0.478354 0.345152 1.187500
v -0.478354 0.345151 0.812500
v -0.625016 0.564598 1.187500
v -0.625016 0.564597 0.812500
v -0.694462 0.460664 1.187500
v -0.694462 0.460664 0.812500
v -0.795494 0.704506 1.187500
v -0.795494 0.704506 0.812500
v -0.883883 0.616117 1.187500
v -0.883883 0.616117 0.812500
v -0.935402 0.874984 1.187500
v -0.935402 0.874984 0.812500
v -1.039336 0.805538 1.187500
v -1.039336 0.805538 0.812500
v -1.039363 1.069482 1.187500
v -1.039363 1.069481 0.812500
v -1.154848 1.021646 1.187500
v -1.154848 1.021646 0.812500
v -1.039363 1.930518 1.187500
v -1.039363 1.930518 0.812500
v -1.154848 1.978354 1.187500
v -1.154848 1.978354 0.812500
v -0.935402 2.125016 1.187500
v -0.935402 2.125016 0.812500
v -1.039336 2.194462 1.187500
v -1.039336 2.194462 0.812500
v -0.795494 2.295494 1.187500
v -0.795494 2.295494 0.812500
v -0.883883 2.383883 1.187500
v -0.883883 2.383883 0.812500
v -0.625016 2.435402 1.187500
v -0.625016 2.435402 0.812500
v -0.694462 2.539336 1.187500
v -0.694462 2.539336 0.812500
v -0.430518 2.539363 1.187500
v -0.430518 2.539363 0.812500
v -0.478354 2.654848 1.187500
v -0.478354 2.654848 0.812500
v -0.219476 2.603382 1.187500
v -0.219476 2.603382 0.812500
v -0.243863 2.725981 1.187500
v -0.243863 2.725981 0.812500
v -0.000000 2.625000 -0.812500
v -0.000000 2.625000 -1.187500
v -0.000000 2.750000 -0.812500
v -0.000000 2.750000 -1.187500
v 0.219476 2.603383 -0.812500
v 0.219476 2.603383 -1.187500
v 0.243863 2.725981 -0.812500
v 0.243863 2.725981 -1.187500
v 0.430519 2.539364 -0.812500
v 0.430519 2.539364 -1.187500
v 0.478354 2.654850 -0.812500
v 0.478354 2.654849 -1.187500
v 0.625016 2.435403 -0.812500
v 0.625016 2.435403 -1.187500
v 0.694463 2.539337 -0.812500
v 0.694463 2.539337 -1.187500
v 0.795495 2.295495 -0.812500
v 0.795495 2.295495 -1.187500
v 0.883883 2.383883 -0.812500
v 0.883883 2.383883 -1.187500
v 0.935403 2.125017 -0.812500
v 0.935403 2.125016 -1.187500
v 1.039337 2.194463 -0.812500
v 1.039337 2.194463 -1.187500
v 1.039364 1.930519 -0.812500
v 1.039364 1.930519 -1.187500
v 1.154849 1.978354 -0.812500
v 1.154849 1.978354 -1.187500
v 1.039364 1.069481 -0.812500
v 1.039364 1.069481 -1.187500
v 1.154849 1.021646 -0.812500
v 1.154849 1.021646 -1.187500
v 0.935403 0.874984 -0.812500
v 0.935403 0.874984 -1.187500
v 1.039337 0.805537 -0.812500
v 1.039337 0.805537 -1.187500
v 0.795495 0.704506 -0.812500
v 0.795495 0.704505 -1.187500
v 0.883883 0.616117 -0.812500
v 0.883883 0.616117 -1.187500
v 0.625016 0.564597 -0.812500
v 0.625016 0.564597 -1.187500
v 0.694463 0.460663 -0.812500
v 0.694463 0.460663 -1.187500
v 0.430519 0.460636 -0.812500
v 0.430519 0.460636 -1.187500
v 0.478354 0.345151 -0.812500
v 0.478354 0.345151 -1.187500
v 0.219477 0.396617 -0.812500
v 0.219477 0.396617 -1.187500
v 0.243863 0.274019 -0.812500
v 0.243863 0.274019 -1.187500
v 0.000000 0.375001 -0.812500
v 0.000000 0.375001 -1.187500
v 0.000000 0.250001 -0.812500
v 0.000000 0.250001 -1.187500
v -0.219476 0.396617 -0.812500
v -0.219476 0.396617 -1.187500
v -0.243863 0.274019 -0.812500
v -0.243863 0.274019 -1.187500
v -0.430518 0.460636 -0.812500
v -0.430518 0.460636 -1.187500
v -0.478354 0.345151 -0.812500
v -0.478354 0.345151 -1.187500
v -0.625016 0.564597 -0.812500
v -0.625016 0.564597 -1.187500
v -0.694462 0.460664 -0.812500
v -0.694462 0.460663 -1.187500
v -0.795494 0.704505 -0.812500
v -0.795494 0.704505 -1.187500
v -0.883883 0.616117 -0.812500
v -0.883883 0.616117 -1.187500
v -0.935402 0.874984 -0.812500
v -0.935402 0.874984 -1.187500
v -1.039336 0.805538 -0.812500
v -1.039336 0.805537 -1.187500
v -1.039363 1.069481 -0.812500
v -1.039364 1.069481 -1.187500
v -1.154848 1.021646 -0.812500
v -1.154848 1.021646 -1.187500
v -1.039363 1.930518 -0.812500
v -1.039364 1.930518 -1.187500
v -1.154848 1.978354 -0.812500
v -1.154848 1.978354 -1.187500
v -0.935402 2.125015 -0.812500
v -0.935402 2.125015 -1.187500
v -1.039336 2.194462 -0.812500
v -1.039336 2.194462 -1.187500
v -0.795494 2.295494 -0.812500
v -0.795494 2.295494 -1.187500
v -0.883883 2.383882 -0.812500
v -0.883883 2.383882 -1.187500
v -0.625016 2.435402 -0.812500
v -0.625016 2.435402 -1.187500
v -0.694462 2.539336 -0.812500
v -0.694462 2.539336 -1.187500
v -0.430518 2.539363 -0.812500
v -0.430518 2.539363 -1.187500
v -0.478354 2.654848 -0.812500
v -0.478354 2.654848 -1.187500
v -0.219476 2.603382 -0.812500
v -0.219476 2.603382 -1.187500
v -0.243863 2.725980 -0.812500
v -0.243863 2.725980 -1.187500
v 0.249999 1.500000 -3.500000
v 0.249999 1.500001 -3.375000
v 0.176776 1.323224 -3.500000
v 0.176776 1.323224 -3.375000
v -0.000001 1.250000 -3.500000
v -0.000001 1.250001 -3.375000
v -0.176778 1.323224 -3.500000
v -0.176777 1.323224 -3.375000
v -0.250001 1.500000 -3.500000
v -0.250001 1.500001 -3.375000
v -0.176778 1.676777 -3.500000
v -0.176777 1.676777 -3.375000
v -0.000001 1.750000 -3.500000
v -0.000001 1.750001 -3.375000
v 0.176776 1.676777 -3.500000
v 0.176776 1.676778 -3.375000
v -0.937500 2.250000 -0.437500
v -0.937500 2.625000 -0.437500
v -0.849112 2.250000 -0.400888
v -0.849112 2.625000 -0.400889
v -0.812500 2.250000 -0.312500
v -0.812500 2.625000 -0.312500
v -0.849112 2.250000 -0.224112
v -0.849112 2.625000 -0.224112
v -0.937500 2.250000 -0.187500
v -0.937500 2.625000 -0.187500
v -1.025888 2.250000 -0.224112
v -1.025889 2.625000 -0.224112
v -1.062500 2.250000 -0.312500
v -1.062500 2.625000 -0.312500
v -1.025889 2.250000 -0.400888
v -1.025889 2.625000 -0.400888
v -0.937500 2.625000 -0.437500
v -0.849112 2.650888 -0.411612
v -0.812500 2.713388 -0.349112
v -0.849112 2.775888 -0.286612
v -0.937500 2.801776 -0.260723
v -1.025889 2.775888 -0.286612
v -1.062500 2.713388 -0.349112
v -1.025889 2.650888 -0.411612
v -0.937500 2.625000 -0.437500
v -0.849112 2.661611 -0.437500
v -0.812500 2.750000 -0.437500
v -0.849112 2.838388 -0.437500
v -0.937500 2.875000 -0.437500
v -1.025889 2.838388 -0.437500
v -1.062500 2.750000 -0.437500
v -1.025889 2.661611 -0.437500
v -0.849112 2.661611 -1.687500
v -0.937500 2.625000 -1.687500
v -0.812500 2.750000 -1.687500
v -0.849112 2.838388 -1.687500
v -0.937500 2.874999 -1.687500
v -1.025889 2.838387 -1.687500
v -1.062500 2.750000 -1.687500
v -1.025889 2.661611 -1.687500
v -0.838389 2.661611 -1.713388
v -0.900889 2.625000 -1.775888
v -0.812500 2.750000 -1.687500
v -0.838389 2.838388 -1.713388
v -0.900889 2.875000 -1.775888
v -0.963389 2.838387 -1.838388
v -0.989277 2.750000 -1.864276
v -0.963389 2.661611 -1.838388
v -0.812501 2.661611 -1.724111
v -0.812501 2.625000 -1.812500
v -0.812501 2.750000 -1.687500
v -0.812501 2.838388 -1.724111
v -0.812501 2.875000 -1.812500
v -0.812501 2.838388 -1.900888
v -0.812501 2.750000 -1.937500
v -0.812501 2.661611 -1.900888
v -0.375001 2.661611 -1.724111
v -0.375001 2.625000 -1.812500
v -0.375001 2.750000 -1.687500
v -0.375001 2.838388 -1.724111
v -0.375001 2.875000 -1.812500
v -0.375001 2.838388 -1.900888
v -0.375001 2.750000 -1.937500
v -0.375001 2.661611 -1.900888
v -0.349112 2.650888 -1.724111
v -0.375001 2.625000 -1.812500
v -0.286612 2.713388 -1.687500
v -0.224112 2.775888 -1.724111
v -0.198224 2.801776 -1.812500
v -0.224112 2.775888 -1.900888
v -0.286612 2.713388 -1.937500
v -0.349112 2.650888 -1.900888
v -0.338389 2.625000 -1.724111
v -0.375001 2.625000 -1.812500
v -0.250001 2.625000 -1.687500
v -0.161613 2.625000 -1.724111
v -0.125001 2.625000 -1.812500
v -0.161613 2.625000 -1.900888
v -0.250001 2.625000 -1.937500
v -0.338389 2.625000 -1.900888
v -0.338389 2.437500 -1.724111
v -0.375001 2.437500 -1.812500
v -0.250001 2.437500 -1.687500
v -0.161613 2.437500 -1.724111
v -0.125001 2.437500 -1.812500
v -0.161613 2.437500 -1.900888
v -0.250001 2.437500 -1.937500
v -0.338389 2.437500 -1.900888
v -0.937500 2.250000 0.437500
v -0.937500 2.625000 0.437500
v -0.849112 2.250000 0.400888
v -0.849112 2.625000 0.400888
v -0.812500 2.250000 0.312500
v -0.812500 2.625000 0.312500
v -0.849112 2.250000 0.224112
v -0.849112 2.625000 0.224112
v -0.937500 2.250000 0.187500
v -0.937500 2.625000 0.187500
v -1.025888 2.250000 0.224112
v -1.025889 2.625000 0.224112
v -1.062500 2.250000 0.312500
v -1.062500 2.625000 0.312500
v -1.025888 2.250000 0.400888
v -1.025888 2.625000 0.400888
v -0.937500 2.625000 0.437500
v -0.849112 2.650888 0.411611
v -0.812500 2.713388 0.349111
v -0.849112 2.775888 0.286611
v -0.937500 2.801776 0.260723
v -1.025889 2.775888 0.286611
v -1.062500 2.713388 0.349111
v -1.025888 2.650888 0.411611
v -0.937500 2.625000 0.437500
v -0.849112 2.661612 0.437500
v -0.812500 2.750000 0.437500
v -0.849112 2.838388 0.437500
v -0.937500 2.875000 0.437500
v -1.025888 2.838388 0.437500
v -1.062500 2.750000 0.437500
v -1.025888 2.661611 0.437500
v -0.849112 2.661612 1.687500
v -0.937500 2.625000 1.687500
v -0.812500 2.750000 1.687500
v -0.849112 2.838388 1.687500
v -0.937500 2.875000 1.687500
v -1.025888 2.838388 1.687500
v -1.062500 2.750000 1.687500
v -1.025888 2.661612 1.687500
v -0.838388 2.661612 1.713388
v -0.900889 2.625000 1.775888
v -0.812500 2.750000 1.687499
v -0.838388 2.838388 1.713388
v -0.900889 2.875000 1.775888
v -0.963389 2.838388 1.838388
v -0.989277 2.750000 1.864276
v -0.963389 2.661612 1.838388
v -0.812500 2.661612 1.724111
v -0.812500 2.625000 1.812499
v -0.812500 2.750000 1.687499
v -0.812500 2.838388 1.724111
v -0.812500 2.875000 1.812499
v -0.812500 2.838388 1.900888
v -0.812500 2.750000 1.937499
v -0.812500 2.661612 1.900888
v -0.375000 2.661612 1.724111
v -0.375000 2.625000 1.812500
v -0.375000 2.750000 1.687499
v -0.375000 2.838388 1.724111
v -0.375000 2.875000 1.812500
v -0.375000 2.838388 1.900888
v -0.375000 2.750000 1.937500
v -0.375000 2.661612 1.900888
v -0.349112 2.650888 1.724111
v -0.375000 2.625000 1.812500
v -0.286612 2.713388 1.687499
v -0.224112 2.775888 1.724111
v -0.198224 2.801777 1.812499
v -0.224112 2.775888 1.900888
v -0.286612 2.713388 1.937499
v -0.349112 2.650888 1.900888
v -0.338389 2.625000 1.724111
v -0.375001 2.625000 1.812500
v -0.250001 2.625000 1.687499
v -0.161612 2.625000 1.724111
v -0.125001 2.625000 1.812499
v -0.161612 2.625000 1.900888
v -0.250000 2.625000 1.937499
v -0.338389 2.625000 1.900888
v -0.338389 2.437500 1.724111
v -0.375000 2.437500 1.812500
v -0.250000 2.437500 1.687499
v -0.161612 2.437500 1.724111
v -0.125001 2.437500 1.812499
v -0.161612 2.437500 1.900888
v -0.250000 2.437500 1.937499
v -0.338389 2.437500 1.900888
v 0.937500 2.250000 0.437500
v 0.937500 2.625000 0.437500
v 0.849112 2.250000 0.400888
v 0.849111 2.625000 0.400888
v 0.812500 2.250000 0.312500
v 0.812500 2.625000 0.312500
v 0.849112 2.250000 0.224111
v 0.849111 2.625000 0.224111
v 0.937500 2.250000 0.187500
v 0.937500 2.625000 0.187500
v 1.025888 2.250000 0.224111
v 1.025888 2.625000 0.224111
v 1.062500 2.250000 0.312500
v 1.062500 2.625000 0.312500
v 1.025888 2.250000 0.400888
v 1.025888 2.625000 0.400888
v 0.937500 2.625000 0.437500
v 0.849111 2.650888 0.411611
v 0.812500 2.713388 0.349111
v 0.849111 2.775888 0.286611
v 0.937500 2.801777 0.260723
v 1.025888 2.775888 0.286611
v 1.062500 2.713388 0.349111
v 1.025888 2.650888 0.411611
v 0.937500 2.625000 0.437499
v 0.849111 2.661612 0.437499
v 0.812500 2.750000 0.437499
v 0.849111 2.838388 0.437499
v 0.937500 2.875000 0.437499
v 1.025888 2.838388 0.437499
v 1.062500 2.750000 0.437499
v 1.025888 2.661612 0.437499
v 0.849111 2.661612 1.687499
v 0.937500 2.625000 1.687499
v 0.812500 2.750000 1.687499
v 0.849111 2.838389 1.687499
v 0.937500 2.875000 1.687499
v 1.025888 2.838389 1.687500
v 1.062500 2.750000 1.687500
v 1.025888 2.661612 1.687500
v 0.838388 2.661612 1.713388
v 0.900888 2.625000 1.775888
v 0.812500 2.750000 1.687499
v 0.838388 2.838389 1.713388
v 0.900888 2.875000 1.775888
v 0.963388 2.838389 1.838387
v 0.989277 2.750000 1.864276
v 0.963388 2.661612 1.838387
v 0.812500 2.661612 1.724111
v 0.812500 2.625000 1.812499
v 0.812500 2.750000 1.687499
v 0.812500 2.838389 1.724111
v 0.812500 2.875000 1.812499
v 0.812500 2.838389 1.900887
v 0.812500 2.750000 1.937499
v 0.812500 2.661612 1.900887
v 0.375000 2.661612 1.724111
v 0.375000 2.625000 1.812499
v 0.375000 2.750000 1.687499
v 0.375000 2.838389 1.724111
v 0.375000 2.875000 1.812499
v 0.375000 2.838389 1.900888
v 0.375000 2.750000 1.937499
v 0.375000 2.661612 1.900888
v 0.349112 2.650889 1.724111
v 0.375000 2.625000 1.812499
v 0.286612 2.713388 1.687499
v 0.224112 2.775888 1.724111
v 0.198224 2.801777 1.812499
v 0.224112 2.775888 1.900888
v 0.286612 2.713388 1.937499
v 0.349112 2.650889 1.900888
v 0.338389 2.625000 1.724111
v 0.375000 2.625000 1.812499
v 0.250000 2.625000 1.687499
v 0.161612 2.625000 1.724111
v 0.125000 2.625000 1.812499
v 0.161612 2.625000 1.900888
v 0.250000 2.625000 1.937499
v 0.338389 2.625000 1.900888
v 0.338389 2.437500 1.724111
v 0.375000 2.437500 1.812499
v 0.250000 2.437500 1.687499
v 0.161612 2.437500 1.724111
v 0.125000 2.437500 1.812499
v 0.161612 2.437500 1.900888
v 0.250000 2.437500 1.937499
v 0.338389 2.437500 1.900888
v 0.937500 2.250000 -0.437500
v 0.937500 2.625000 -0.437500
v 0.849111 2.250000 -0.400889
v 0.849111 2.625000 -0.400889
v 0.812500 2.250000 -0.312500
v 0.812500 2.625000 -0.312500
v 0.849111 2.250000 -0.224112
v 0.849111 2.625000 -0.224112
v 0.937500 2.250000 -0.187500
v 0.937500 2.625000 -0.187500
v 1.025888 2.250000 -0.224112
v 1.025888 2.625000 -0.224112
v 1.062500 2.250000 -0.312500
v 1.062500 2.625000 -0.312500
v 1.025888 2.250000 -0.400889
v 1.025888 2.625000 -0.400889
v 0.937500 2.625000 -0.437500
v 0.849111 2.650888 -0.411612
v 0.812500 2.713388 -0.349112
v 0.849111 2.775888 -0.286612
v 0.937500 2.801777 -0.260724
v 1.025888 2.775888 -0.286612
v 1.062500 2.713388 -0.349112
v 1.025888 2.650888 -0.411612
v 0.937500 2.625000 -0.437500
v 0.849111 2.661612 -0.437500
v 0.812500 2.750000 -0.437500
v 0.849111 2.838388 -0.437500
v 0.937500 2.875000 -0.437500
v 1.025888 2.838388 -0.437500
v 1.062500 2.750000 -0.437500
v 1.025888 2.661612 -0.437500
v 0.849111 2.661611 -1.687500
v 0.937500 2.625000 -1.687500
v 0.812500 2.750000 -1.687500
v 0.849111 2.838388 -1.687500
v 0.937500 2.875000 -1.687500
v 1.025888 2.838388 -1.687500
v 1.062500 2.750000 -1.687500
v 1.025888 2.661612 -1.687500
v 0.838388 2.661611 -1.713388
v 0.900888 2.625000 -1.775888
v 0.812500 2.750000 -1.687500
v 0.838388 2.838388 -1.713388
v 0.900888 2.875000 -1.775888
v 0.963388 2.838388 -1.838388
v 0.989276 2.750000 -1.864277
v 0.963388 2.661612 -1.838388
v 0.812500 2.661611 -1.724111
v 0.812500 2.625000 -1.812500
v 0.812500 2.750000 -1.687500
v 0.812500 2.838388 -1.724111
v 0.812500 2.875000 -1.812500
v 0.812500 2.838388 -1.900888
v 0.812500 2.750000 -1.937500
v 0.812500 2.661611 -1.900888
v 0.375000 2.661611 -1.724112
v 0.375000 2.625000 -1.812500
v 0.375000 2.750000 -1.687500
v 0.375000 2.838388 -1.724112
v 0.375000 2.875000 -1.812500
v 0.375000 2.838388 -1.900888
v 0.375000 2.750000 -1.937500
v 0.375000 2.661611 -1.900888
v 0.349112 2.650888 -1.724111
v 0.375000 2.625000 -1.812500
v 0.286612 2.713388 -1.687500
v 0.224112 2.775888 -1.724111
v 0.198223 2.801776 -1.812500
v 0.224112 2.775888 -1.900888
v 0.286612 2.713388 -1.937500
v 0.349112 2.650888 -1.900888
v 0.338389 2.625000 -1.724111
v 0.375000 2.625000 -1.812500
v 0.250000 2.625000 -1.687500
v 0.161612 2.625000 -1.724111
v 0.125000 2.625000 -1.812500
v 0.161612 2.625000 -1.900888
v 0.250000 2.625000 -1.937500
v 0.338389 2.625000 -1.900888
v 0.338389 2.437500 -1.724111
v 0.375000 2.437500 -1.812500
v 0.250000 2.437500 -1.687500
v 0.161612 2.437500 -1.724111
v 0.125000 2.437500 -1.812500
v 0.161612 2.437500 -1.900888
v 0.250000 2.437500 -1.937500
v 0.338389 2.437500 -1.900888
v -0.812500 2.250000 -0.000000
v -0.812500 2.625000 -0.000000
v -0.849112 2.250000 0.088388
v -0.849112 2.625000 0.088388
v -0.937500 2.250000 0.125000
v -0.937500 2.625000 0.125000
v -1.025889 2.250000 0.088388
v -1.025889 2.625000 0.088388
v -1.062500 2.250000 0.000000
v -1.062500 2.625000 -0.000000
v -1.025889 2.250000 -0.088388
v -1.025889 2.625000 -0.088388
v -0.937500 2.250000 -0.125000
v -0.937500 2.625000 -0.125000
v -0.849112 2.250000 -0.088388
v -0.849112 2.625000 -0.088388
v -0.812500 2.625000 -0.000000
v -0.838389 2.650888 0.088388
v -0.900889 2.713388 0.125000
v -0.963389 2.775888 0.088388
v -0.989277 2.801776 -0.000000
v -0.963389 2.775888 -0.088388
v -0.900889 2.713388 -0.125000
v -0.838389 2.650888 -0.088388
v -0.812500 2.625000 -0.000000
v -0.812500 2.661612 0.088388
v -0.812501 2.750000 0.125000
v -0.812501 2.838388 0.088388
v -0.812501 2.875000 -0.000000
v -0.812501 2.838388 -0.088388
v -0.812501 2.750000 -0.125000
v -0.812500 2.661612 -0.088388
v 0.812500 2.250000 -0.000000
v 0.812500 2.625000 -0.000000
v 0.849111 2.250000 -0.088389
v 0.849111 2.625000 -0.088389
v 0.937500 2.250000 -0.125000
v 0.937500 2.625000 -0.125000
v 1.025888 2.250000 -0.088389
v 1.025888 2.625000 -0.088389
v 1.062500 2.250000 -0.000000
v 1.062500 2.625000 -0.000000
v 1.025888 2.250000 0.088388
v 1.025888 2.625000 0.088388
v 0.937500 2.250000 0.125000
v 0.937500 2.625000 0.125000
v 0.849111 2.250000 0.088388
v 0.849111 2.625000 0.088388
v 0.812500 2.625000 -0.000000
v 0.838388 2.650888 -0.088389
v 0.900888 2.713388 -0.125000
v 0.963388 2.775888 -0.088389
v 0.989277 2.801777 -0.000000
v 0.963388 2.775888 0.088388
v 0.900888 2.713388 0.125000
v 0.838388 2.650888 0.088388
v 0.812500 2.625000 -0.000000
v 0.812500 2.661612 -0.088389
v 0.812500 2.750000 -0.125000
v 0.812500 2.838388 -0.088389
v 0.812500 2.875000 -0.000000
v 0.812500 2.838388 0.088388
v 0.812500 2.750000 0.125000
v 0.812500 2.661612 0.088388
v 0.937500 0.750000 -0.437500
v 0.937500 0.375000 -0.437500
v 0.849112 0.750000 -0.400888
v 0.849112 0.375000 -0.400888
v 0.812500 0.750000 -0.312500
v 0.812500 0.375000 -0.312500
v 0.849112 0.750000 -0.224112
v 0.849112 0.375000 -0.224111
v 0.937500 0.750000 -0.187500
v 0.937500 0.375000 -0.187500
v 1.025888 0.750000 -0.224112
v 1.025888 0.375000 -0.224111
v 1.062500 0.750000 -0.312500
v 1.062500 0.375000 -0.312500
v 1.025888 0.750000 -0.400888
v 1.025888 0.375000 -0.400888
v 0.937500 0.375000 -0.437500
v 0.849112 0.349112 -0.411611
v 0.812500 0.286612 -0.349111
v 0.849112 0.224112 -0.286611
v 0.937500 0.198223 -0.260723
v 1.025888 0.224112 -0.286611
v 1.062500 0.286612 -0.349111
v 1.025888 0.349112 -0.411611
v 0.937500 0.375000 -0.437500
v 0.849112 0.338388 -0.437500
v 0.812500 0.250000 -0.437499
v 0.849112 0.161612 -0.437499
v 0.937500 0.125000 -0.437499
v 1.025888 0.161612 -0.437499
v 1.062500 0.250000 -0.437499
v 1.025888 0.338389 -0.437500
v 0.849112 0.338388 -1.687500
v 0.937500 0.375000 -1.687500
v 0.812500 0.250000 -1.687500
v 0.849112 0.161611 -1.687500
v 0.937500 0.125000 -1.687500
v 1.025888 0.161612 -1.687499
v 1.062500 0.250000 -1.687499
v 1.025889 0.338388 -1.687499
v 0.838388 0.338388 -1.713388
v 0.900889 0.375000 -1.775888
v 0.812500 0.250000 -1.687499
v 0.838388 0.161611 -1.713388
v 0.900889 0.125000 -1.775888
v 0.963389 0.161612 -1.838388
v 0.989277 0.250000 -1.864276
v 0.963389 0.338388 -1.838388
v 0.812500 0.338388 -1.724111
v 0.812500 0.375000 -1.812499
v 0.812500 0.250000 -1.687499
v 0.812500 0.161611 -1.724111
v 0.812500 0.125000 -1.812499
v 0.812500 0.161611 -1.900888
v 0.812500 0.250000 -1.937499
v 0.812500 0.338388 -1.900888
v 0.375000 0.338388 -1.724111
v 0.375000 0.375000 -1.812499
v 0.375000 0.250000 -1.687499
v 0.375000 0.161612 -1.724111
v 0.375000 0.125000 -1.812499
v 0.375000 0.161611 -1.900888
v 0.375000 0.250000 -1.937499
v 0.375000 0.338388 -1.900888
v 0.349112 0.349112 -1.724111
v 0.375000 0.375000 -1.812499
v 0.286612 0.286611 -1.687499
v 0.224112 0.224111 -1.724111
v 0.198224 0.198223 -1.812499
v 0.224112 0.224111 -1.900888
v 0.286612 0.286611 -1.937499
v 0.349112 0.349111 -1.900888
v 0.338389 0.375000 -1.724111
v 0.375001 0.375000 -1.812499
v 0.250001 0.375000 -1.687499
v 0.161612 0.375000 -1.724111
v 0.125001 0.375000 -1.812499
v 0.161612 0.375000 -1.900888
v 0.250001 0.375000 -1.937499
v 0.338389 0.375000 -1.900888
v 0.338389 0.562500 -1.724111
v 0.375001 0.562500 -1.812499
v 0.250001 0.562500 -1.687499
v 0.161612 0.562500 -1.724111
v 0.125001 0.562500 -1.812499
v 0.161612 0.562500 -1.900888
v 0.250001 0.562500 -1.937499
v 0.338389 0.562500 -1.900888
v 0.937500 0.750000 0.437500
v 0.937500 0.375000 0.437500
v 0.849112 0.750000 0.400889
v 0.849112 0.375000 0.400889
v 0.812500 0.750000 0.312500
v 0.812500 0.375000 0.312500
v 0.849112 0.750000 0.224112
v 0.849112 0.375000 0.224112
v 0.937500 0.750000 0.187500
v 0.937500 0.375000 0.187500
v 1.025888 0.750000 0.224112
v 1.025888 0.375000 0.224112
v 1.062500 0.750000 0.312500
v 1.062500 0.375000 0.312500
v 1.025888 0.750000 0.400889
v 1.025888 0.375000 0.400889
v 0.937500 0.375000 0.437500
v 0.849112 0.349112 0.411612
v 0.812500 0.286612 0.349112
v 0.849112 0.224112 0.286612
v 0.937500 0.198224 0.260724
v 1.025888 0.224112 0.286612
v 1.062500 0.286612 0.349112
v 1.025888 0.349112 0.411612
v 0.937500 0.375000 0.437500
v 0.849112 0.338389 0.437500
v 0.812500 0.250000 0.437500
v 0.849112 0.161612 0.437500
v 0.937500 0.125000 0.437500
v 1.025888 0.161612 0.437500
v 1.062500 0.250000 0.437500
v 1.025888 0.338389 0.437500
v 0.849112 0.338389 1.687500
v 0.937500 0.375000 1.687500
v 0.812500 0.250000 1.687500
v 0.849112 0.161612 1.687500
v 0.937500 0.125001 1.687500
v 1.025888 0.161612 1.687500
v 1.062500 0.250000 1.687500
v 1.025888 0.338389 1.687500
v 0.838388 0.338389 1.713388
v 0.900889 0.375000 1.775888
v 0.812500 0.250000 1.687500
v 0.838388 0.161612 1.713388
v 0.900889 0.125000 1.775888
v 0.963389 0.161612 1.838388
v 0.989277 0.250000 1.864277
v 0.963389 0.338389 1.838388
v 0.812500 0.338389 1.724111
v 0.812500 0.375000 1.812500
v 0.812500 0.250000 1.687500
v 0.812500 0.161612 1.724111
v 0.812500 0.125000 1.812500
v 0.812500 0.161612 1.900888
v 0.812500 0.250000 1.937500
v 0.812500 0.338389 1.900888
v 0.375000 0.338389 1.724111
v 0.375000 0.375000 1.812500
v 0.375000 0.250000 1.687500
v 0.375000 0.161612 1.724111
v 0.375000 0.125000 1.812500
v 0.375000 0.161612 1.900888
v 0.375000 0.250000 1.937500
v 0.375000 0.338389 1.900888
v 0.349112 0.349112 1.724112
v 0.375000 0.375000 1.812500
v 0.286612 0.286612 1.687500
v 0.224112 0.224112 1.724111
v 0.198224 0.198224 1.812500
v 0.224112 0.224112 1.900888
v 0.286612 0.286612 1.937500
v 0.349112 0.349112 1.900888
v 0.338389 0.375000 1.724112
v 0.375000 0.375000 1.812500
v 0.250000 0.375000 1.687500
v 0.161612 0.375000 1.724111
v 0.125001 0.375000 1.812500
v 0.161612 0.375000 1.900888
v 0.250001 0.375000 1.937500
v 0.338389 0.375000 1.900888
v 0.338389 0.562500 1.724112
v 0.375000 0.562500 1.812500
v 0.250000 0.562500 1.687500
v 0.161612 0.562500 1.724111
v 0.125001 0.562500 1.812500
v 0.161612 0.562500 1.900888
v 0.250001 0.562501 1.937500
v 0.338389 0.562500 1.900888
v -0.937500 0.750000 0.437500
v -0.937500 0.375000 0.437500
v -0.849112 0.750000 0.400889
v -0.849112 0.375000 0.400889
v -0.812500 0.750000 0.312500
v -0.812500 0.375000 0.312500
v -0.849112 0.750000 0.224112
v -0.849112 0.375000 0.224112
v -0.937500 0.750000 0.187500
v -0.937500 0.375000 0.187500
v -1.025888 0.750000 0.224112
v -1.025888 0.375000 0.224112
v -1.062500 0.750000 0.312500
v -1.062500 0.375000 0.312500
v -1.025888 0.750000 0.400889
v -1.025888 0.375000 0.400889
v -0.937500 0.375000 0.437500
v -0.849112 0.349112 0.411612
v -0.812500 0.286612 0.349112
v -0.849112 0.224112 0.286612
v -0.937500 0.198223 0.260724
v -1.025888 0.224112 0.286612
v -1.062500 0.286612 0.349112
v -1.025888 0.349112 0.411612
v -0.937500 0.375000 0.437500
v -0.849112 0.338389 0.437500
v -0.812500 0.250000 0.437500
v -0.849112 0.161612 0.437500
v -0.937500 0.125000 0.437500
v -1.025888 0.161612 0.437500
v -1.062500 0.250000 0.437500
v -1.025888 0.338389 0.437500
v -0.849111 0.338389 1.687500
v -0.937500 0.375000 1.687500
v -0.812500 0.250000 1.687500
v -0.849111 0.161612 1.687500
v -0.937500 0.125000 1.687500
v -1.025888 0.161612 1.687500
v -1.062500 0.250000 1.687500
v -1.025888 0.338389 1.687500
v -0.838388 0.338389 1.713388
v -0.900888 0.375000 1.775888
v -0.812500 0.250000 1.687500
v -0.838388 0.161612 1.713388
v -0.900888 0.125000 1.775888
v -0.963388 0.161612 1.838388
v -0.989277 0.250000 1.864277
v -0.963388 0.338389 1.838388
v -0.812500 0.338389 1.724111
v -0.812500 0.375000 1.812500
v -0.812500 0.250000 1.687500
v -0.812500 0.161612 1.724111
v -0.812500 0.125000 1.812500
v -0.812500 0.161612 1.900888
v -0.812500 0.250000 1.937500
v -0.812500 0.338389 1.900888
v -0.375000 0.338389 1.724111
v -0.375000 0.375000 1.812500
v -0.375000 0.250000 1.687500
v -0.375000 0.161612 1.724111
v -0.375000 0.125000 1.812500
v -0.375000 0.161612 1.900888
v -0.375000 0.250000 1.937500
v -0.375000 0.338389 1.900888
v -0.349112 0.349112 1.724111
v -0.375000 0.375000 1.812500
v -0.286612 0.286612 1.687500
v -0.224112 0.224112 1.724111
v -0.198224 0.198224 1.812500
v -0.224112 0.224112 1.900888
v -0.286612 0.286612 1.937500
v -0.349112 0.349112 1.900888
v -0.338389 0.375000 1.724111
v -0.375000 0.375000 1.812500
v -0.250000 0.375000 1.687500
v -0.161612 0.375000 1.724111
v -0.125000 0.375000 1.812500
v -0.161612 0.375000 1.900888
v -0.250000 0.375000 1.937500
v -0.338389 0.375000 1.900888
v -0.338389 0.562500 1.724111
v -0.375000 0.562500 1.812500
v -0.250000 0.562500 1.687500
v -0.161612 0.562500 1.724111
v -0.125000 0.562500 1.812500
v -0.161612 0.562500 1.900888
v -0.250000 0.562500 1.937500
v -0.338389 0.562500 1.900888
v -0.937500 0.750000 -0.437500
v -0.937500 0.375000 -0.437500
v -0.849112 0.750000 -0.400888
v -0.849112 0.375000 -0.400888
v -0.812500 0.750000 -0.312500
v -0.812500 0.375000 -0.312500
v -0.849112 0.750000 -0.224112
v -0.849112 0.375000 -0.224111
v -0.937500 0.750000 -0.187500
v -0.937500 0.375000 -0.187500
v -1.025888 0.750000 -0.224112
v -1.025888 0.375000 -0.224111
v -1.062500 0.750000 -0.312500
v -1.062500 0.375000 -0.312500
v -1.025888 0.750000 -0.400888
v -1.025888 0.375000 -0.400888
v -0.937500 0.375000 -0.437500
v -0.849112 0.349112 -0.411611
v -0.812500 0.286612 -0.349111
v -0.849112 0.224112 -0.286611
v -0.937500 0.198223 -0.260723
v -1.025888 0.224112 -0.286611
v -1.062500 0.286612 -0.349111
v -1.025888 0.349112 -0.411611
v -0.937500 0.375000 -0.437500
v -0.849112 0.338388 -0.437499
v -0.812500 0.250000 -0.437499
v -0.849112 0.161612 -0.437499
v -0.937500 0.125000 -0.437499
v -1.025888 0.161612 -0.437499
v -1.062500 0.250000 -0.437499
v -1.025888 0.338388 -0.437499
v -0.849112 0.338388 -1.687500
v -0.937500 0.375000 -1.687500
v -0.812500 0.250000 -1.687500
v -0.849112 0.161611 -1.687500
v -0.937500 0.125000 -1.687500
v -1.025888 0.161611 -1.687500
v -1.062500 0.250000 -1.687500
v -1.025888 0.338388 -1.687500
v -0.838388 0.338388 -1.713388
v -0.900888 0.375000 -1.775888
v -0.812500 0.250000 -1.687499
v -0.838388 0.161611 -1.713388
v -0.900888 0.125000 -1.775888
v -0.963388 0.161611 -1.838388
v -0.989277 0.250000 -1.864276
v -0.963388 0.338388 -1.838388
v -0.812500 0.338388 -1.724111
v -0.812500 0.375000 -1.812499
v -0.812500 0.250000 -1.687499
v -0.812500 0.161611 -1.724111
v -0.812500 0.125000 -1.812499
v -0.812500 0.161611 -1.900888
v -0.812500 0.250000 -1.937499
v -0.812500 0.338388 -1.900888
v -0.375000 0.338388 -1.724111
v -0.375000 0.375000 -1.812499
v -0.375000 0.250000 -1.687499
v -0.375000 0.161611 -1.724111
v -0.375000 0.125000 -1.812499
v -0.375000 0.161611 -1.900888
v -0.375000 0.250000 -1.937499
v -0.375000 0.338388 -1.900888
v -0.349112 0.349111 -1.724111
v -0.375000 0.375000 -1.812499
v -0.286612 0.286612 -1.687499
v -0.224112 0.224111 -1.724111
v -0.198224 0.198223 -1.812499
v -0.224112 0.224111 -1.900888
v -0.286612 0.286611 -1.937499
v -0.349112 0.349111 -1.900888
v -0.338389 0.375000 -1.724111
v -0.375000 0.375000 -1.812499
v -0.250000 0.375000 -1.687499
v -0.161612 0.375000 -1.724111
v -0.125001 0.375000 -1.812499
v -0.161612 0.375000 -1.900888
v -0.250000 0.375000 -1.937499
v -0.338389 0.375000 -1.900888
v -0.338389 0.562500 -1.724111
v -0.375000 0.562500 -1.812499
v -0.250000 0.562500 -1.687499
v -0.161612 0.562500 -1.724111
v -0.125001 0.562500 -1.812499
v -0.161612 0.562500 -1.900888
v -0.250000 0.562500 -1.937499
v -0.338389 0.562500 -1.900888
v 0.812500 0.750000 0.000000
v 0.812500 0.375000 0.000000
v 0.849112 0.750000 0.088389
v 0.849112 0.375000 0.088389
v 0.937500 0.750000 0.125000
v 0.937500 0.375000 0.125000
v 1.025888 0.750000 0.088389
v 1.025889 0.375000 0.088389
v 1.062500 0.750000 0.000000
v 1.062500 0.375000 0.000000
v 1.025888 0.750000 -0.088388
v 1.025889 0.375000 -0.088388
v 0.937500 0.750000 -0.125000
v 0.937500 0.375000 -0.125000
v 0.849112 0.750000 -0.088388
v 0.849112 0.375000 -0.088388
v 0.812500 0.375000 0.000000
v 0.838389 0.349112 0.088389
v 0.900889 0.286612 0.125000
v 0.963389 0.224112 0.088389
v 0.989277 0.198224 0.000000
v 0.963389 0.224112 -0.088388
v 0.900889 0.286612 -0.125000
v 0.838389 0.349112 -0.088388
v 0.812500 0.375000 0.000000
v 0.812500 0.338388 0.088389
v 0.812501 0.250000 0.125000
v 0.812501 0.161612 0.088389
v 0.812501 0.125000 0.000000
v 0.812501 0.161612 -0.088388
v 0.812501 0.250000 -0.125000
v 0.812500 0.338388 -0.088388
v -0.812500 0.750000 0.000000
v -0.812500 0.375000 0.000000
v -0.849112 0.750000 -0.088388
v -0.849111 0.375000 -0.088388
v -0.937500 0.750000 -0.125000
v -0.937500 0.375000 -0.125000
v -1.025888 0.750000 -0.088388
v -1.025888 0.375000 -0.088388
v -1.062500 0.750000 0.000000
v -1.062500 0.375000 0.000000
v -1.025888 0.750000 0.088389
v -1.025888 0.375000 0.088389
v -0.937500 0.750000 0.125000
v -0.937500 0.375000 0.125000
v -0.849112 0.750000 0.088389
v -0.849111 0.375000 0.088389
v -0.812500 0.375000 0.000000
v -0.838388 0.349112 -0.088388
v -0.900888 0.286612 -0.125000
v -0.963388 0.224112 -0.088388
v -0.989277 0.198223 0.000000
v -0.963388 0.224112 0.088389
v -0.900888 0.286612 0.125000
v -0.838388 0.349112 0.088389
v -0.812500 0.375000 0.000000
v -0.812500 0.338388 -0.088388
v -0.812500 0.250000 -0.125000
v -0.812500 0.161612 -0.088388
v -0.812500 0.125000 0.000000
v -0.812500 0.161612 0.088389
v -0.812500 0.250000 0.125000
v -0.812500 0.338388 0.088389
v 0.124999 1.500000 -3.312500
v 0.124999 1.500001 -3.250000
v 0.088387 1.411612 -3.312500
v 0.088388 1.411613 -3.250000
v -0.000001 1.375000 -3.312500
v -0.000001 1.375001 -3.250000
v -0.088389 1.411612 -3.312500
v -0.088389 1.411613 -3.250000
v -0.125001 1.500000 -3.312500
v -0.125001 1.500001 -3.250000
v -0.088389 1.588389 -3.312500
v -0.088389 1.588389 -3.250000
v -0.000001 1.625000 -3.312500
v -0.000001 1.625001 -3.250000
v 0.088387 1.588389 -3.312500
v 0.088388 1.588389 -3.250000
v 0.124999 1.463389 -3.161612
v 0.088388 1.400889 -3.224112
v -0.000001 1.375001 -3.250000
v -0.088389 1.400889 -3.224112
v -0.125001 1.463389 -3.161612
v -0.088389 1.525889 -3.099112
v -0.000001 1.551778 -3.073224
v 0.088388 1.525889 -3.099112
v 0.124999 1.375001 -3.125000
v 0.088388 1.375001 -3.213388
v -0.000001 1.375001 -3.250000
v -0.088389 1.375001 -3.213388
v -0.125001 1.375001 -3.125000
v -0.088389 1.375001 -3.036612
v -0.000001 1.375001 -3.000000
v 0.088388 1.375001 -3.036612
v 0.088388 0.375001 -3.213388
v 0.125000 0.375001 -3.125000
v -0.000000 0.375001 -3.250000
v -0.088389 0.375001 -3.213388
v -0.125000 0.375001 -3.125000
v -0.088389 0.375001 -3.036612
v -0.000000 0.375001 -3.000000
v 0.088388 0.375001 -3.036612
v 0.088388 0.224113 -3.150888
v 0.125000 0.286613 -3.088388
v -0.000000 0.198225 -3.176777
v -0.088388 0.224113 -3.150888
v -0.125000 0.286613 -3.088388
v -0.088388 0.349113 -3.025889
v -0.000000 0.375001 -3.000000
v 0.088388 0.349113 -3.025889
v 0.088388 0.161613 -3.000000
v 0.125000 0.250001 -3.000000
v 0.000000 0.125001 -3.000000
v -0.088388 0.161613 -3.000000
v -0.125000 0.250001 -3.000000
v -0.088388 0.338389 -3.000000
v 0.000000 0.375001 -3.000000
v 0.088388 0.338389 -3.000000
v 0.088391 0.161614 -0.000000
v 0.125003 0.250002 -0.000000
v 0.000003 0.125002 -0.000000
v -0.088385 0.161613 0.000000
v -0.124997 0.250002 0.000000
v -0.088385 0.338390 -0.000000
v 0.000003 0.375002 -0.000000
v 0.088391 0.338390 -0.000000
vn -1.0000 -0.0000 -0.0000
vn -0.9239 -0.3827 -0.0000
vn -0.7071 -0.7071 -0.0000
vn -0.3827 -0.9239 -0.0000
vn -0.0000 -1.0000 -0.0000
vn 0.3827 -0.9239 -0.0000
vn 0.7071 -0.7071 -0.0000
vn 0.9239 -0.3827 -0.0000
vn 1.0000 -0.0000 -0.0000
vn 0.9239 0.3827 -0.0000
vn 0.7071 0.7071 -0.0000
vn 0.3827 0.9239 -0.0000
vn -0.0000 1.0000 -0.0000
vn -0.3827 0.9239 -0.0000
vn -0.7071 0.7071 -0.0000
vn -0.9239 0.3827 -0.0000
vn -0.0000 -0.0000 1.0000
vn -0.0000 -0.0000 -1.0000
vn 0.9808 -0.1951 -0.0000
vn 0.8315 -0.5556 -0.0000
vn 0.5556 -0.8315 -0.0000
vn -0.5556 -0.8315 -0.0000
vn -0.8315 -0.5556 -0.0000
vn -0.9808 -0.1951 -0.0000
vn -0.9808 0.1951 -0.0000
vn -0.8315 0.5556 -0.0000
vn -0.5556 0.8315 -0.0000
vn 0.5556 0.8315 -0.0000
vn 0.8315 0.5556 -0.0000
vn 0.9808 0.1951 -0.0000
vn -0.7263 -0.6737 0.1363
vn -0.1450 -0.4466 -0.8829
vn 0.7263 -0.6737 0.1363
vn 0.9987 0.0473 -0.0196
vn 0.6794 0.7194 -0.1448
vn 0.7574 -0.4617 0.4617
vn 0.9955 0.0671 -0.0671
vn -0.0000 0.9824 -0.1866
vn -0.9987 0.0473 -0.0196
vn -0.7574 -0.4617 0.4617
vn -0.9987 0.0196 -0.0473
vn -0.7263 -0.1363 0.6737
vn -0.6630 0.5294 -0.5294
vn -0.6794 0.7194 -0.1448
vn 0.0508 0.4670 -0.8828
vn 0.6630 0.5294 -0.5294
vn -0.9955 0.0671 -0.0671
vn -0.0000 0.7071 -0.7071
vn -0.0000 0.1866 -0.9824
vn -0.7263 0.1363 -0.6737
vn -0.6794 0.1448 -0.7194
vn 0.6794 0.1448 -0.7194
vn 0.7263 -0.1363 0.6737
vn 0.9987 0.0196 -0.0473
vn 0.1836 -0.9006 0.3939
vn -0.6794 -0.1448 0.7194
vn -0.0000 -0.7071 0.7071
vn -0.0000 -0.1866 0.9824
vn 0.7263 0.1363 -0.6737
vn 0.6794 -0.1448 0.7194
vn -0.9987 -0.0196 0.0473
vn -0.3455 -0.1142 -0.9314
vn 0.9987 -0.0196 0.0473
vn -0.9955 -0.0671 0.0671
vn -0.7263 0.6737 -0.1363
vn -0.9987 -0.0473 0.0196
vn -0.2651 -0.4216 -0.8672
vn -0.7574 0.4618 -0.4617
vn 0.7573 0.4617 -0.4618
vn 0.6630 -0.5294 0.5294
vn -0.6630 -0.5294 0.5294
vn 0.9955 -0.0671 0.0671
vn 0.6794 -0.7194 0.1448
vn 0.7263 0.6737 -0.1363
vn -0.0179 0.9997 -0.0169
vn 0.9987 -0.0473 0.0196
vn -0.0000 -0.9824 0.1866
vn -0.6794 -0.7194 0.1448
vn -0.2858 0.6187 -0.7318
vn 0.7071 -0.0000 -0.7071
vn 0.7263 -0.1362 -0.6737
vn 0.9987 0.0196 0.0473
vn 0.7071 -0.0000 0.7071
vn 0.6794 0.1448 0.7194
vn -0.0000 0.1866 0.9824
vn -0.7071 -0.0000 0.7071
vn -0.6794 0.1448 0.7194
vn -0.9987 0.0196 0.0473
vn -0.7574 -0.4617 -0.4617
vn -0.7263 -0.1363 -0.6737
vn -0.7071 -0.0000 -0.7071
vn -0.0977 0.5772 0.8108
vn -0.7263 -0.6737 -0.1362
vn -0.0944 -0.5147 0.8521
vn 0.9955 0.0671 0.0671
vn -0.0000 0.7071 0.7071
vn -0.6630 0.5294 0.5294
vn 0.7574 -0.4617 -0.4617
vn 0.6630 0.5294 0.5294
vn -0.9955 0.0671 0.0671
vn 0.9987 0.0473 0.0196
vn 0.6737 0.7263 0.1362
vn 0.6794 0.7194 0.1448
vn -0.9987 0.0473 0.0196
vn -0.0000 0.9824 0.1866
vn -0.6794 0.7194 0.1448
vn 0.7263 -0.6737 -0.1363
vn -0.9824 -0.0000 -0.1866
vn -0.5294 -0.6630 -0.5294
vn -0.7194 -0.6794 -0.1448
vn 0.6737 -0.7263 0.1363
vn -0.0473 -0.9987 -0.0196
vn -0.0473 0.9987 -0.0196
vn 0.4373 0.1753 -0.8821
vn -0.7194 0.6794 -0.1448
vn -0.0671 0.9955 -0.0671
vn 0.1363 0.7263 0.6737
vn -0.0196 0.9987 -0.0473
vn -0.5294 0.6630 -0.5294
vn -0.7674 0.0775 -0.6364
vn 0.4617 0.7574 0.4617
vn -0.0671 -0.9955 -0.0671
vn 0.4617 -0.7574 0.4617
vn -0.0196 -0.9987 -0.0473
vn -0.1363 -0.6737 -0.7263
vn -0.9288 -0.2999 -0.2178
vn 0.1363 -0.7263 0.6737
vn -0.8681 0.1736 0.4651
vn -0.1448 -0.6794 -0.7194
vn -0.1448 0.6794 -0.7194
vn -0.1866 -0.0000 -0.9824
vn 0.1866 0.9824 -0.0000
vn 0.5294 0.5294 -0.6630
vn 0.1448 0.7194 -0.6794
vn 0.0196 0.0473 -0.9987
vn 0.1448 0.7194 0.6794
vn 0.0196 0.0473 0.9987
vn -0.1363 -0.6737 0.7263
vn 0.0671 0.0671 -0.9955
vn -0.6737 -0.1363 -0.7263
vn -0.4617 -0.4617 -0.7574
vn 0.0671 0.0671 0.9955
vn 0.5294 0.5294 0.6630
vn -0.2999 0.9324 -0.2017
vn -0.4617 -0.4617 0.7574
vn 0.0473 0.0196 -0.9987
vn 0.7194 0.1448 -0.6794
vn 0.0473 0.0196 0.9987
vn 0.7194 0.1448 0.6794
vn -0.8103 0.5733 -0.1219
vn -0.6737 -0.1363 0.7263
vn 0.9824 0.1866 -0.0000
vn -0.1968 0.8286 0.5241
vn 0.7263 -0.1362 0.6737
vn -0.1533 0.6950 -0.7025
vn -0.7263 -0.6737 0.1362
vn 0.6032 -0.2730 -0.7494
vn -0.2346 -0.5190 -0.8219
vn -0.5294 -0.6630 0.5294
vn -0.9824 -0.0000 0.1866
vn -0.7194 -0.6794 0.1448
vn 0.6737 -0.7263 -0.1363
vn -0.0473 -0.9987 0.0196
vn 0.6737 0.7263 -0.1363
vn -0.7194 0.6794 0.1448
vn -0.0196 0.9987 0.0473
vn 0.4617 0.7574 -0.4617
vn -0.0671 0.9955 0.0671
vn -0.0473 0.9987 0.0196
vn -0.8799 0.0451 0.4731
vn -0.0671 -0.9955 0.0671
vn -0.5294 0.6630 0.5294
vn 0.4617 -0.7574 -0.4617
vn -0.0196 -0.9987 0.0473
vn -0.1448 -0.6794 0.7194
vn 0.1363 -0.7263 -0.6737
vn -0.1448 0.6794 0.7194
vn -0.8681 0.1736 -0.4651
vn -0.1866 -0.0000 0.9824
vn 0.1363 0.7263 -0.6737
vn -0.2524 0.9592 0.1278
vn -0.9540 -0.0899 0.2860
vn -0.8032 0.5933 0.0533
vn -0.7263 -0.1362 0.6737
vn 0.7574 -0.4618 0.4617
vn 0.0741 0.4893 -0.8689
vn 0.7263 -0.6737 0.1362
vn 0.0335 -0.5921 -0.8052
vn 0.2858 0.6187 0.7318
vn -0.6737 0.7263 -0.1363
vn 0.9824 -0.0000 0.1866
vn 0.5294 -0.6630 0.5294
vn 0.7194 -0.6794 0.1448
vn 0.0473 -0.9987 0.0196
vn -0.6737 -0.7263 -0.1363
vn 0.0473 0.9987 0.0196
vn -0.3756 -0.1362 0.9167
vn 0.7194 0.6794 0.1448
vn -0.4617 0.7574 -0.4617
vn 0.0196 0.9987 0.0473
vn 0.0671 0.9955 0.0671
vn 0.5294 0.6630 0.5294
vn 0.7643 -0.0706 0.6410
vn -0.4617 -0.7574 -0.4617
vn 0.0671 -0.9955 0.0671
vn 0.0196 -0.9987 0.0473
vn 0.1363 -0.6737 0.7263
vn 0.9540 -0.0899 0.2860
vn -0.1363 -0.7263 -0.6737
vn 0.8901 -0.1729 -0.4217
vn 0.1448 -0.6794 0.7194
vn 0.1448 0.6794 0.7194
vn -0.1363 0.7263 -0.6737
vn 0.1866 -0.0000 0.9824
vn -0.1866 0.9824 -0.0000
vn -0.5294 0.5294 0.6630
vn -0.1448 0.7194 0.6794
vn -0.0196 0.0473 0.9987
vn -0.0196 0.0473 -0.9987
vn -0.1448 0.7194 -0.6794
vn 0.1363 -0.6737 -0.7263
vn -0.0671 0.0671 0.9955
vn 0.6737 -0.1363 0.7263
vn 0.4617 -0.4617 0.7574
vn -0.5294 0.5294 -0.6630
vn 0.2538 0.9531 0.1649
vn 0.4617 -0.4617 -0.7574
vn -0.0671 0.0671 -0.9955
vn -0.0473 0.0196 0.9987
vn -0.7194 0.1448 0.6794
vn -0.7194 0.1448 -0.6794
vn 0.8065 0.5845 0.0895
vn 0.6737 -0.1363 -0.7263
vn -0.9824 0.1866 -0.0000
vn -0.0473 0.0196 -0.9987
vn -0.7263 -0.1362 -0.6737
vn 0.0836 0.8391 -0.5375
vn 0.7263 -0.1363 -0.6737
vn 0.1112 0.7650 0.6344
vn 0.7263 -0.6737 -0.1362
vn -0.6737 0.7263 0.1363
vn 0.2346 -0.5190 0.8219
vn 0.5294 -0.6630 -0.5294
vn 0.9824 -0.0000 -0.1866
vn 0.7194 -0.6794 -0.1448
vn -0.6737 -0.7263 0.1363
vn -0.7263 -0.6737 -0.1363
vn 0.0473 -0.9987 -0.0196
vn 0.0473 0.9987 -0.0196
vn -0.7061 0.3481 0.6166
vn 0.7194 0.6794 -0.1448
vn 0.0196 0.9987 -0.0473
vn -0.4617 0.7574 0.4617
vn 0.0671 0.9955 -0.0671
vn 0.5294 0.6630 -0.5294
vn 0.9065 0.0065 -0.4223
vn 0.0671 -0.9955 -0.0671
vn -0.4617 -0.7574 0.4617
vn 0.0196 -0.9987 -0.0473
vn 0.1448 -0.6794 -0.7194
vn -0.1363 -0.7263 0.6737
vn 0.1448 0.6794 -0.7194
vn 0.8669 -0.0292 0.4976
vn 0.1866 -0.0000 -0.9824
vn -0.1363 0.7263 0.6737
vn 0.2970 0.9522 -0.0719
vn 0.9401 -0.2985 -0.1647
vn 0.8008 0.5988 -0.0142
vn -0.3702 -0.2625 -0.8911
vn -0.5733 -0.8103 -0.1219
vn 0.7791 -0.0231 -0.6265
vn -0.7204 -0.0240 -0.6931
vn -0.4618 -0.4618 0.7573
vn 0.8115 -0.0894 -0.5775
vn 0.5733 -0.8103 0.1219
vn 0.7574 0.4617 -0.4617
vn -0.1284 -0.7267 0.6749
vn 0.0493 0.5026 0.8631
vn -0.7574 0.4617 -0.4617
vn -0.3726 -0.7942 -0.4801
vn -0.6032 0.2731 0.7494
vn 0.8384 -0.0133 -0.5450
vn 0.1363 0.6737 -0.7263
vn 0.9540 0.0899 -0.2860
vn 0.8200 -0.0158 0.5721
vn -0.1448 -0.7194 -0.6794
vn -0.5294 -0.5294 -0.6630
vn -0.0196 -0.0473 -0.9987
vn -0.1866 -0.9824 -0.0000
vn -0.0196 -0.0473 0.9987
vn -0.1448 -0.7194 0.6794
vn 0.1363 0.6737 0.7263
vn -0.0671 -0.0671 -0.9955
vn 0.6737 0.1363 -0.7263
vn 0.4617 0.4617 -0.7574
vn -0.0671 -0.0671 0.9955
vn -0.5294 -0.5294 0.6630
vn 0.2538 -0.9531 -0.1649
vn 0.4617 0.4617 0.7574
vn -0.0473 -0.0196 -0.9987
vn -0.7194 -0.1448 -0.6794
vn -0.7194 -0.1448 0.6794
vn 0.8065 -0.5845 -0.0895
vn 0.6737 0.1363 0.7263
vn -0.9824 -0.1866 -0.0000
vn -0.0473 -0.0196 0.9987
vn -0.3911 -0.7540 0.5279
vn -0.7263 0.1363 0.6737
vn -0.6794 -0.1448 -0.7194
vn -0.9987 -0.0196 -0.0473
vn 0.6794 -0.1448 -0.7194
vn -0.0000 -0.1866 -0.9824
vn 0.7574 0.4617 0.4617
vn 0.9987 -0.0196 -0.0473
vn 0.7263 0.1363 0.6737
vn -0.1503 -0.6854 -0.7125
vn 0.7263 0.6737 0.1363
vn -0.7574 0.4617 0.4617
vn 0.6630 -0.5294 -0.5294
vn -0.6630 -0.5294 -0.5294
vn 0.9955 -0.0671 -0.0671
vn -0.0000 -0.7071 -0.7071
vn -0.9987 -0.0473 -0.0196
vn -0.6794 -0.7194 -0.1448
vn 0.6794 -0.7194 -0.1448
vn -0.9955 -0.0671 -0.0671
vn 0.0516 0.5066 -0.8606
vn -0.7263 0.6737 0.1363
vn 0.9987 -0.0473 -0.0196
vn -0.0000 -0.9824 -0.1866
vn -0.6032 0.2730 -0.7494
vn 0.8782 0.0662 0.4738
vn 0.7142 0.2635 -0.6484
vn 0.0616 -0.9815 0.1811
vn 0.0983 -0.4091 0.9072
vn 0.8032 -0.5933 0.0533
vn 0.3725 -0.7942 0.4801
vn 0.1454 -0.7282 -0.6697
vn -0.7263 0.6737 0.1362
vn 0.0453 0.4197 -0.9065
vn 0.3756 0.1362 0.9167
vn -0.8157 0.0464 0.5766
vn -0.1363 0.6737 0.7263
vn -0.9005 0.4214 0.1074
vn -0.8922 0.0573 -0.4481
vn 0.1866 -0.9824 -0.0000
vn 0.5294 -0.5294 0.6630
vn 0.1448 -0.7194 0.6794
vn 0.0196 -0.0473 0.9987
vn 0.0196 -0.0473 -0.9987
vn 0.1448 -0.7194 -0.6794
vn -0.1363 0.6737 -0.7263
vn 0.0671 -0.0671 0.9955
vn -0.6737 0.1363 0.7263
vn -0.4617 0.4617 0.7574
vn 0.5294 -0.5294 -0.6630
vn -0.5134 -0.8408 0.1714
vn -0.4617 0.4617 -0.7574
vn 0.0671 -0.0671 -0.9955
vn 0.0473 -0.0196 0.9987
vn 0.7194 -0.1448 0.6794
vn 0.7194 -0.1448 -0.6794
vn -0.8065 -0.5845 0.0895
vn -0.6737 0.1363 -0.7263
vn 0.9824 -0.1866 -0.0000
vn 0.0473 -0.0196 -0.9987
vn -0.0609 -0.9093 -0.4117
vn 0.0427 -0.5177 0.8545
vn -0.7263 0.6737 -0.1362
vn 0.0555 0.5888 0.8064
vn 0.6737 0.7263 0.1363
vn 0.7061 -0.3481 0.6166
vn -0.9392 0.0452 -0.3405
vn -0.8064 0.1520 0.5714
vn -0.4618 0.4617 -0.7574
vn -0.2612 -0.9515 -0.1627
vn -0.9004 0.2606 -0.3483
vn -0.8032 -0.5933 -0.0533
vn -0.6968 0.0232 -0.7168
vn 0.6853 0.0724 -0.7246
vn 0.5933 0.8032 -0.0533
vn 0.4618 0.4618 0.7573
vn 0.7204 0.0240 -0.6931
vn -0.7806 0.0825 -0.6196
vn -0.5933 0.8032 0.0533
vn 0.1467 -0.4455 0.8832
vn 0.0595 0.8404 0.5387
vn 0.0019 -0.1978 -0.9802
vn 0.3527 -0.1150 0.9286
vn 0.2700 -0.4239 0.8645
vn 0.0179 0.9998 0.0130
vt 0.460465 0.000000
vt 0.041860 0.062500
vt 0.041860 0.000000
vt 0.460465 0.125000
vt 0.041860 0.125000
vt 0.041860 0.187500
vt 0.460465 0.187500
vt 0.041860 0.250000
vt 0.460465 0.250000
vt 0.041860 0.312500
vt 0.460465 0.312500
vt 0.041860 0.375000
vt 0.460465 0.375000
vt 0.041860 0.437500
vt 0.460465 0.437500
vt 0.041860 0.500000
vt 0.460465 0.562500
vt 0.041860 0.562500
vt 0.041860 0.625000
vt 0.460465 0.625000
vt 0.041860 0.687500
vt 0.460465 0.750000
vt 0.041860 0.750000
vt 0.460465 0.812500
vt 0.041860 0.812500
vt 0.041860 0.875000
vt 0.460465 0.875000
vt 0.041860 0.937500
vt 0.460465 0.937500
vt 0.041860 1.000000
vt 0.023256 0.312500
vt 0.009302 0.375000
vt 0.009302 0.312500
vt 0.023256 0.062500
vt 0.479070 0.000000
vt 0.460465 0.062500
vt 0.023256 0.125000
vt 0.479070 0.062500
vt 0.023256 0.187500
vt 0.479070 0.125000
vt 0.023256 0.250000
vt 0.479070 0.187500
vt 0.479070 0.250000
vt 0.023256 0.375000
vt 0.479070 0.375000
vt 0.479070 0.312500
vt 0.023256 0.437500
vt 0.023256 0.500000
vt 0.479070 0.437500
vt 0.460465 0.500000
vt 0.023256 0.562500
vt 0.479070 0.562500
vt 0.479070 0.500000
vt 0.023256 0.625000
vt 0.479070 0.625000
vt 0.023256 0.687500
vt 0.460465 0.687500
vt 0.023256 0.750000
vt 0.479070 0.750000
vt 0.479070 0.687500
vt 0.023256 0.812500
vt 0.479070 0.812500
vt 0.023256 0.875000
vt 0.479070 0.875000
vt 0.023256 0.937500
vt 0.023256 1.000000
vt 0.479070 0.937500
vt 0.460465 1.000000
vt 0.009302 0.562500
vt 0.009302 0.812500
vt 0.009302 0.125000
vt 0.009302 0.437500
vt 0.009302 0.687500
vt 0.009302 0.625000
vt 0.009302 0.875000
vt 0.009302 0.187500
vt 0.009302 0.500000
vt 0.009302 0.000000
vt 0.023256 0.000000
vt 0.009302 0.937500
vt 0.009302 0.250000
vt 0.009302 0.750000
vt 0.009302 0.062500
vt 0.000000 0.000000
vt 0.000000 0.062500
vt 0.000000 0.125000
vt 0.000000 0.187500
vt 0.000000 0.250000
vt 0.000000 0.312500
vt 0.000000 0.375000
vt 0.000000 0.437500
vt 0.000000 0.500000
vt 0.000000 0.562500
vt 0.000000 0.625000
vt 0.000000 0.687500
vt 0.000000 0.750000
vt 0.000000 0.812500
vt 0.000000 0.875000
vt 0.000000 0.937500
vt 0.000000 1.000000
vt 0.009302 1.000000
vt 0.753488 0.776786
vt 0.720528 0.735784
vt 0.754905 0.763119
vt 0.758938 0.751532
vt 0.732627 0.701024
vt 0.750734 0.677799
vt 0.764973 0.743790
vt 0.772093 0.741071
vt 0.772093 0.669643
vt 0.793452 0.677799
vt 0.779213 0.743790
vt 0.811559 0.701024
vt 0.785248 0.751532
vt 0.823658 0.735784
vt 0.789281 0.763119
vt 0.827907 0.776786
vt 0.790698 0.776786
vt 0.789281 0.790453
vt 0.823658 0.817788
vt 0.811559 0.852547
vt 0.785248 0.802040
vt 0.779213 0.809782
vt 0.793452 0.875773
vt 0.772093 0.883929
vt 0.772093 0.812500
vt 0.750734 0.875773
vt 0.764973 0.809781
vt 0.758938 0.802040
vt 0.732627 0.852547
vt 0.720528 0.817788
vt 0.754905 0.790453
vt 0.716279 0.776786
vt 0.506977 0.178571
vt 0.516279 0.178571
vt 0.511628 0.214286
vt 0.525581 0.178571
vt 0.520930 0.214286
vt 0.534884 0.178571
vt 0.530232 0.214286
vt 0.544186 0.178571
vt 0.539535 0.214286
vt 0.553488 0.178571
vt 0.548837 0.214286
vt 0.562791 0.178571
vt 0.558139 0.214286
vt 0.572093 0.178571
vt 0.567442 0.214286
vt 0.581395 0.178571
vt 0.576744 0.214286
vt 0.590698 0.178571
vt 0.586046 0.214286
vt 0.600000 0.178571
vt 0.595349 0.214286
vt 0.609302 0.178571
vt 0.604651 0.214286
vt 0.618605 0.178571
vt 0.613953 0.214286
vt 0.627907 0.178571
vt 0.623256 0.214286
vt 0.637209 0.178571
vt 0.632558 0.214286
vt 0.646512 0.178571
vt 0.641860 0.214286
vt 0.655814 0.178571
vt 0.651163 0.214286
vt 0.493023 0.187500
vt 0.493023 0.875000
vt 0.493023 0.937500
vt 0.493023 0.687500
vt 0.493023 0.375000
vt 0.493023 0.062500
vt 0.493023 0.125000
vt 0.493023 0.812500
vt 0.493023 0.625000
vt 0.493023 0.312500
vt 0.493023 0.000000
vt 0.493023 0.750000
vt 0.493023 0.500000
vt 0.493023 0.562500
vt 0.493023 0.250000
vt 0.479070 1.000000
vt 0.493023 1.000000
vt 0.493023 0.437500
vt 0.502326 0.437500
vt 0.502326 0.375000
vt 0.502326 0.312500
vt 0.502326 0.250000
vt 0.502326 0.187500
vt 0.502326 0.125000
vt 0.502326 0.062500
vt 0.502326 0.000000
vt 0.502326 1.000000
vt 0.502326 0.937500
vt 0.502326 0.875000
vt 0.502326 0.812500
vt 0.502326 0.750000
vt 0.502326 0.687500
vt 0.502326 0.625000
vt 0.502326 0.562500
vt 0.502326 0.500000
vt 0.548837 0.508929
vt 0.558140 0.580357
vt 0.548837 0.580357
vt 0.558140 0.651786
vt 0.548837 0.651786
vt 0.558140 0.723214
vt 0.548837 0.723214
vt 0.558140 0.794643
vt 0.548837 0.794643
vt 0.516279 0.223214
vt 0.525581 0.294643
vt 0.516279 0.294643
vt 0.516279 0.366071
vt 0.525581 0.366071
vt 0.516279 0.437500
vt 0.525581 0.437500
vt 0.516279 0.508929
vt 0.525581 0.508929
vt 0.516279 0.580357
vt 0.525581 0.580357
vt 0.516279 0.651786
vt 0.525581 0.651786
vt 0.516279 0.723214
vt 0.525581 0.723214
vt 0.516279 0.794643
vt 0.558140 0.223214
vt 0.548837 0.294643
vt 0.548837 0.223214
vt 0.558140 0.294643
vt 0.548837 0.366071
vt 0.558140 0.437500
vt 0.548837 0.437500
vt 0.558140 0.508929
vt 0.539535 0.508929
vt 0.539535 0.580357
vt 0.567442 0.580357
vt 0.567442 0.508929
vt 0.539535 0.651786
vt 0.567442 0.651786
vt 0.539535 0.723214
vt 0.567442 0.723214
vt 0.539535 0.794643
vt 0.567442 0.794643
vt 0.506977 0.223214
vt 0.506977 0.294643
vt 0.534884 0.294643
vt 0.525581 0.223214
vt 0.534884 0.223214
vt 0.506977 0.366071
vt 0.506977 0.437500
vt 0.534884 0.437500
vt 0.534884 0.366071
vt 0.506977 0.508929
vt 0.534884 0.508929
vt 0.506977 0.580357
vt 0.534884 0.580357
vt 0.506977 0.651786
vt 0.534884 0.651786
vt 0.506977 0.723214
vt 0.534884 0.723214
vt 0.506977 0.794643
vt 0.534884 0.794643
vt 0.539535 0.223214
vt 0.539535 0.294643
vt 0.567442 0.294643
vt 0.567442 0.223214
vt 0.539535 0.366071
vt 0.567442 0.366071
vt 0.539535 0.437500
vt 0.558140 0.366071
vt 0.567442 0.437500
vt 0.600000 0.223214
vt 0.572093 0.241071
vt 0.572093 0.223214
vt 0.600000 0.241071
vt 0.595349 0.750000
vt 0.572093 0.535714
vt 0.595349 0.535714
vt 0.711628 0.750000
vt 0.688372 0.535714
vt 0.711628 0.535714
vt 0.688372 0.750000
vt 0.595349 0.491071
vt 0.595349 0.794643
vt 0.688372 0.794643
vt 0.534884 0.089286
vt 0.548837 0.071429
vt 0.548837 0.089286
vt 0.562791 0.071429
vt 0.562791 0.089286
vt 0.576744 0.071429
vt 0.576744 0.089286
vt 0.590698 0.089286
vt 0.590698 0.071429
vt 0.604651 0.089286
vt 0.604651 0.071429
vt 0.618605 0.089286
vt 0.586047 0.133929
vt 0.567442 0.098214
vt 0.548837 0.133929
vt 0.506977 0.071429
vt 0.520930 0.089286
vt 0.506977 0.089286
vt 0.534884 0.071429
vt 0.538737 0.108675
vt 0.512426 0.108675
vt 0.512426 0.159182
vt 0.851163 0.196429
vt 0.841860 0.205357
vt 0.841860 0.196429
vt 0.832558 0.205357
vt 0.832558 0.196429
vt 0.906977 0.196429
vt 0.897674 0.205357
vt 0.897674 0.196429
vt 0.888372 0.196429
vt 0.888372 0.205357
vt 0.879070 0.196429
vt 0.879070 0.205357
vt 0.869767 0.196429
vt 0.888372 0.225446
vt 0.897675 0.216788
vt 0.888372 0.212053
vt 0.869767 0.205357
vt 0.860465 0.196429
vt 0.851163 0.205357
vt 0.841860 0.243574
vt 0.851163 0.252232
vt 0.841860 0.247497
vt 0.869766 0.205357
vt 0.860465 0.230181
vt 0.860465 0.207318
vt 0.832558 0.218750
vt 0.841860 0.220711
vt 0.832557 0.218763
vt 0.879069 0.207318
vt 0.879069 0.230181
vt 0.851162 0.225446
vt 0.851162 0.212053
vt 0.841860 0.216788
vt 0.897675 0.220711
vt 0.906977 0.218736
vt 0.869768 0.205357
vt 0.869768 0.232143
vt 0.869767 0.258929
vt 0.860465 0.401786
vt 0.860465 0.258929
vt 0.860466 0.234104
vt 0.851163 0.238839
vt 0.869768 0.258928
vt 0.879070 0.234104
vt 0.869768 0.232142
vt 0.888372 0.252232
vt 0.897675 0.243574
vt 0.888372 0.238839
vt 0.832559 0.245535
vt 0.832557 0.245548
vt 0.869767 0.258928
vt 0.860466 0.256967
vt 0.879070 0.256967
vt 0.897675 0.247497
vt 0.906978 0.245522
vt 0.841860 0.426610
vt 0.832559 0.401785
vt 0.832559 0.428571
vt 0.888372 0.258929
vt 0.879070 0.401786
vt 0.879070 0.258929
vt 0.897674 0.258929
vt 0.906977 0.401786
vt 0.897674 0.401786
vt 0.841860 0.258929
vt 0.851163 0.401786
vt 0.841860 0.401786
vt 0.851163 0.258929
vt 0.869767 0.401786
vt 0.888372 0.401786
vt 0.832558 0.401786
vt 0.832558 0.258929
vt 0.851163 0.448660
vt 0.860465 0.440002
vt 0.851163 0.435267
vt 0.860465 0.417140
vt 0.869768 0.415165
vt 0.860465 0.413217
vt 0.888372 0.408482
vt 0.879069 0.417140
vt 0.879069 0.413217
vt 0.897674 0.403747
vt 0.906976 0.428571
vt 0.897674 0.426610
vt 0.851163 0.408482
vt 0.841860 0.403747
vt 0.851163 0.421875
vt 0.869768 0.415178
vt 0.869766 0.415192
vt 0.888372 0.421875
vt 0.897674 0.455357
vt 0.906977 0.883929
vt 0.897674 0.883929
vt 0.869768 0.441964
vt 0.879069 0.443925
vt 0.869767 0.441977
vt 0.897675 0.430532
vt 0.888372 0.448660
vt 0.888372 0.435267
vt 0.841860 0.453395
vt 0.832559 0.428571
vt 0.832559 0.455357
vt 0.860465 0.443925
vt 0.869767 0.441964
vt 0.879069 0.440002
vt 0.906976 0.428571
vt 0.897675 0.453395
vt 0.841860 0.430532
vt 0.851163 0.455357
vt 0.841860 0.883929
vt 0.841860 0.455357
vt 0.860465 0.455357
vt 0.851163 0.883929
vt 0.869767 0.455357
vt 0.879070 0.883929
vt 0.869767 0.883929
vt 0.888372 0.883929
vt 0.888372 0.455357
vt 0.832558 0.883929
vt 0.832558 0.455357
vt 0.860465 0.883929
vt 0.879070 0.455357
vt 0.693023 0.839286
vt 0.506977 0.875000
vt 0.506977 0.839286
vt 0.693023 0.875000
vt 0.506977 0.883929
vt 0.506977 0.928571
vt 0.990698 0.946429
vt 0.506977 0.946429
vt 0.990698 0.928571
vt 0.990698 0.892857
vt 0.506977 0.892857
vt 0.534884 1.000000
vt 0.506977 1.000000
vt 0.534884 0.946429
vt 0.506977 0.803571
vt 0.674419 0.839286
vt 1.000000 0.964286
vt 0.534884 0.964286
vt 1.000000 1.000000
vt 0.693023 0.892857
vt 0.674419 0.803571
vt 0.674419 0.303571
vt 0.665116 0.250000
vt 0.674419 0.250000
vt 0.711628 0.303571
vt 0.702326 0.250000
vt 0.711628 0.250000
vt 0.702326 0.232143
vt 0.674419 0.232143
vt 0.674419 0.321429
vt 0.702326 0.303571
vt 0.702326 0.321429
vt 0.600000 0.428571
vt 0.572093 0.321429
vt 0.600000 0.321429
vt 0.665116 0.428571
vt 0.637209 0.321429
vt 0.665116 0.321429
vt 0.637209 0.428571
vt 0.637209 0.267857
vt 0.600000 0.267857
vt 0.600000 0.482143
vt 0.637209 0.482143
vt 0.688372 0.491071
vt 0.986046 0.455357
vt 0.976744 0.401786
vt 0.986046 0.401786
vt 0.976744 0.455357
vt 0.967442 0.401786
vt 0.967442 0.455357
vt 0.958140 0.401786
vt 0.958140 0.455357
vt 0.948837 0.401786
vt 0.948837 0.455357
vt 0.939535 0.401786
vt 0.939535 0.455357
vt 0.930233 0.401786
vt 0.930232 0.462053
vt 0.920929 0.470711
vt 0.920929 0.466788
vt 0.930233 0.455357
vt 0.920930 0.401786
vt 0.920930 0.455357
vt 0.911628 0.401786
vt 0.911628 0.495535
vt 0.920930 0.497497
vt 0.911627 0.495549
vt 0.976745 0.470711
vt 0.967443 0.462054
vt 0.967443 0.475446
vt 0.939535 0.457318
vt 0.948836 0.482143
vt 0.939535 0.480182
vt 0.911628 0.468750
vt 0.911627 0.468763
vt 0.986048 0.468737
vt 0.976745 0.466789
vt 0.958140 0.480182
vt 0.958140 0.457319
vt 0.930232 0.475446
vt 0.948839 0.482143
vt 0.948839 0.455357
vt 0.967442 0.508929
vt 0.958140 0.687500
vt 0.958140 0.508929
vt 0.939535 0.484104
vt 0.930232 0.502232
vt 0.930232 0.488839
vt 0.958140 0.506967
vt 0.948839 0.482144
vt 0.948839 0.508929
vt 0.976744 0.497497
vt 0.967442 0.488840
vt 0.967442 0.502232
vt 0.920930 0.493574
vt 0.948836 0.482142
vt 0.939535 0.506967
vt 0.958140 0.484105
vt 0.986049 0.495523
vt 0.976744 0.493575
vt 0.930232 0.687500
vt 0.920931 0.712324
vt 0.920931 0.689461
vt 0.986046 0.508929
vt 0.976744 0.687500
vt 0.976744 0.508929
vt 0.911628 0.508929
vt 0.920930 0.687500
vt 0.911628 0.687500
vt 0.939535 0.508929
vt 0.930233 0.687500
vt 0.930233 0.508929
vt 0.948837 0.687500
vt 0.948837 0.508929
vt 0.967442 0.687500
vt 0.920930 0.508929
vt 0.939535 0.687500
vt 0.948838 0.734375
vt 0.958141 0.725717
vt 0.948838 0.720982
vt 0.948838 0.707589
vt 0.939535 0.689462
vt 0.939535 0.712324
vt 0.958140 0.702855
vt 0.967444 0.700880
vt 0.958140 0.698932
vt 0.976744 0.698931
vt 0.986047 0.707589
vt 0.976744 0.702854
vt 0.911628 0.707589
vt 0.911628 0.694196
vt 0.930235 0.687501
vt 0.930235 0.714286
vt 0.948838 0.694197
vt 0.967443 0.700893
vt 0.967441 0.700906
vt 0.911628 0.741071
vt 0.920930 0.803571
vt 0.911628 0.803571
vt 0.967443 0.727678
vt 0.976744 0.729639
vt 0.967442 0.727691
vt 0.930232 0.714285
vt 0.920931 0.739110
vt 0.920931 0.716246
vt 0.939536 0.716247
vt 0.939536 0.739110
vt 0.958141 0.729640
vt 0.967444 0.727666
vt 0.976744 0.725717
vt 0.986047 0.734375
vt 0.911628 0.720981
vt 0.911628 0.734375
vt 0.930235 0.741071
vt 0.930235 0.714286
vt 0.948836 0.803571
vt 0.939535 0.828396
vt 0.939535 0.805532
vt 0.930233 0.741071
vt 0.939535 0.803571
vt 0.930233 0.803571
vt 0.948837 0.741071
vt 0.958140 0.803571
vt 0.948837 0.803571
vt 0.976744 0.741071
vt 0.967442 0.803571
vt 0.967442 0.741071
vt 0.920930 0.741071
vt 0.939535 0.741071
vt 0.958140 0.741071
vt 0.986046 0.741071
vt 0.976744 0.803571
vt 0.930233 0.837053
vt 0.920930 0.845711
vt 0.920930 0.841788
vt 0.958140 0.828396
vt 0.967441 0.810270
vt 0.958140 0.805535
vt 0.976743 0.818927
vt 0.986049 0.816953
vt 0.976743 0.815004
vt 0.911627 0.816951
vt 0.920930 0.818925
vt 0.911629 0.816964
vt 0.930233 0.810267
vt 0.930233 0.823660
vt 0.948839 0.803574
vt 0.948839 0.830357
vt 0.967441 0.823661
vt 0.920930 0.815003
vt 0.930233 0.857143
vt 0.939535 0.883929
vt 0.930233 0.883929
vt 0.948837 0.830356
vt 0.939536 0.855181
vt 0.939536 0.832318
vt 0.958140 0.855181
vt 0.967442 0.837055
vt 0.958140 0.832320
vt 0.976743 0.845712
vt 0.986049 0.843738
vt 0.976743 0.841790
vt 0.911629 0.843750
vt 0.911628 0.843763
vt 0.930233 0.850446
vt 0.948840 0.830359
vt 0.948840 0.857143
vt 0.967442 0.850447
vt 0.958140 0.857143
vt 0.948837 0.883929
vt 0.948837 0.857143
vt 0.976744 0.857143
vt 0.967442 0.883929
vt 0.967442 0.857143
vt 0.920930 0.883929
vt 0.920930 0.857143
vt 0.939535 0.857143
vt 0.958140 0.883929
vt 0.986046 0.857143
vt 0.976744 0.883929
vt 0.911628 0.857143
vt 0.911628 0.883929
vt 0.911628 0.455357
vt 0.948836 0.455357
vt 0.986046 0.468750
vt 0.986045 0.495536
vt 0.967441 0.700893
vt 0.986047 0.694196
vt 0.967441 0.727679
vt 0.986047 0.720981
vt 0.986043 0.816965
vt 0.986044 0.843751
vt 0.986046 0.687500
vt 0.716279 0.660714
vt 0.725581 0.607143
vt 0.725581 0.660714
vt 0.734884 0.660714
vt 0.734884 0.607143
vt 0.744186 0.660714
vt 0.744186 0.607143
vt 0.753488 0.660714
vt 0.753488 0.607143
vt 0.762791 0.660714
vt 0.762791 0.607143
vt 0.772093 0.660714
vt 0.772093 0.587050
vt 0.781398 0.595709
vt 0.781397 0.591786
vt 0.772093 0.607143
vt 0.781395 0.660714
vt 0.781395 0.607143
vt 0.790698 0.660714
vt 0.790702 0.566950
vt 0.781396 0.568925
vt 0.790700 0.566963
vt 0.734894 0.600449
vt 0.725596 0.591796
vt 0.734894 0.587063
vt 0.762791 0.582314
vt 0.753487 0.607142
vt 0.762791 0.605181
vt 0.790680 0.593730
vt 0.790702 0.593747
vt 0.725596 0.595716
vt 0.716298 0.593756
vt 0.744191 0.582330
vt 0.744191 0.605182
vt 0.772093 0.600445
vt 0.753489 0.580370
vt 0.753489 0.607142
vt 0.772092 0.560266
vt 0.762790 0.578396
vt 0.772092 0.573660
vt 0.744186 0.578396
vt 0.753489 0.553572
vt 0.753489 0.580357
vt 0.725581 0.568925
vt 0.734885 0.560268
vt 0.734885 0.573661
vt 0.781396 0.565001
vt 0.762790 0.555530
vt 0.753487 0.580357
vt 0.744186 0.555533
vt 0.716274 0.566952
vt 0.725581 0.565003
vt 0.790698 0.267857
vt 0.781395 0.214286
vt 0.790698 0.214286
vt 0.772093 0.267857
vt 0.772093 0.214286
vt 0.762791 0.267857
vt 0.762791 0.214286
vt 0.753488 0.214286
vt 0.753488 0.267857
vt 0.744186 0.214286
vt 0.744186 0.267857
vt 0.734884 0.214286
vt 0.734886 0.274555
vt 0.725583 0.283212
vt 0.725583 0.279289
vt 0.725581 0.267857
vt 0.725581 0.214286
vt 0.716279 0.214286
vt 0.716274 0.308021
vt 0.725579 0.309996
vt 0.716275 0.308034
vt 0.772092 0.287946
vt 0.781396 0.279287
vt 0.772092 0.274552
vt 0.753488 0.267859
vt 0.744186 0.292682
vt 0.744186 0.269820
vt 0.716273 0.281238
vt 0.716280 0.281251
vt 0.781396 0.283210
vt 0.790700 0.281249
vt 0.762790 0.292682
vt 0.762790 0.269816
vt 0.734886 0.287947
vt 0.753487 0.267855
vt 0.753487 0.294643
vt 0.744185 0.296601
vt 0.734883 0.314731
vt 0.734883 0.301337
vt 0.762790 0.319467
vt 0.753487 0.294639
vt 0.753487 0.321428
vt 0.781397 0.309995
vt 0.772093 0.301336
vt 0.772093 0.314731
vt 0.725579 0.306072
vt 0.753489 0.321428
vt 0.744185 0.319467
vt 0.762790 0.296600
vt 0.790702 0.308034
vt 0.781397 0.306072
vt 0.734884 0.321429
vt 0.725581 0.553571
vt 0.725581 0.321429
vt 0.744186 0.321429
vt 0.734884 0.553571
vt 0.753488 0.321429
vt 0.744186 0.553571
vt 0.762791 0.321429
vt 0.753488 0.553571
vt 0.772093 0.321429
vt 0.762791 0.553571
vt 0.781395 0.321429
vt 0.772093 0.553571
vt 0.790698 0.321429
vt 0.781395 0.553571
vt 0.716279 0.553571
vt 0.716279 0.321429
vt 0.948836 0.508929
vt 0.948836 0.830357
vt 0.986046 0.883929
vt 0.716279 0.607143
vt 0.781395 0.267857
vt 0.734884 0.267857
vt 0.716279 0.267857
vt 0.753488 0.294643
vt 0.869766 0.232143
vt 0.906977 0.258929
vt 0.906976 0.455357
vt 0.772093 0.883929
vt 0.525581 0.794643
vt 0.572093 0.750000
vt 0.618605 0.071429
vt 0.554286 0.159182
vt 0.567442 0.169643
vt 0.580597 0.159182
vt 0.580597 0.108675
vt 0.554286 0.108675
vt 0.520930 0.071429
vt 0.525581 0.169643
vt 0.538737 0.159182
vt 0.544186 0.133929
vt 0.525581 0.098214
vt 0.506977 0.133929
vt 0.906977 0.205357
vt 0.860465 0.205357
vt 0.906976 0.218750
vt 0.869767 0.232142
vt 0.906976 0.245535
vt 0.869766 0.415178
vt 0.906976 0.401785
vt 0.906977 0.455357
vt 0.869768 0.441977
vt 0.693023 0.883929
vt 0.665116 0.303571
vt 0.572093 0.428571
vt 0.930232 0.714286
vt 0.930232 0.741071
vt 0.986046 0.803571
vt 0.948837 0.857143
vt 0.790698 0.607143
vt 0.753487 0.580353
vt 0.716273 0.593765
vt 0.753487 0.553569
vt 0.716279 0.566964
vt 0.790702 0.281262
vt 0.753489 0.294640
vt 0.790700 0.308048
vt 0.790698 0.553571
s 1
usemtl Texture
f 27/1/1 25/2/2 24/3/1
f 25/2/2 29/4/3 28/5/3
f 29/4/3 30/6/4 28/5/3
f 31/7/4 32/8/5 30/6/4
f 33/9/5 34/10/6 32/8/5
f 35/11/6 36/12/7 34/10/6
f 37/13/7 38/14/8 36/12/7
f 39/15/8 40/16/9 38/14/8
f 40/16/9 43/17/10 42/18/10
f 43/17/10 44/19/11 42/18/10
f 45/20/11 46/21/12 44/19/11
f 46/21/12 49/22/13 48/23/13
f 48/23/13 51/24/14 50/25/14
f 51/24/14 52/26/15 50/25/14
f 53/27/15 54/28/16 52/26/15
f 55/29/16 24/30/1 54/28/16
f 7/31/6 78/32/7 77/33/6
f 3/34/17 24/3/17 25/2/17
f 2/35/18 26/36/18 27/1/18
f 3/34/17 28/5/17 4/37/17
f 110/38/18 29/4/18 26/36/18
f 4/37/17 30/6/17 5/39/17
f 109/40/18 31/7/18 29/4/18
f 5/39/17 32/8/17 6/41/17
f 108/42/18 33/9/18 31/7/18
f 6/41/17 34/10/17 7/31/17
f 107/43/18 35/11/18 33/9/18
f 7/31/17 36/12/17 8/44/17
f 105/45/18 35/11/18 106/46/18
f 9/47/17 36/12/17 38/14/17
f 105/45/18 39/15/18 37/13/18
f 9/47/17 40/16/17 11/48/17
f 10/49/18 41/50/18 39/15/18
f 11/48/17 42/18/17 13/51/17
f 14/52/18 41/50/18 12/53/18
f 13/51/17 44/19/17 15/54/17
f 16/55/18 43/17/18 14/52/18
f 17/56/17 44/19/17 46/21/17
f 16/55/18 47/57/18 45/20/18
f 17/56/17 48/23/17 19/58/17
f 113/59/18 47/57/18 18/60/18
f 19/58/17 50/25/17 20/61/17
f 112/62/18 49/22/18 113/59/18
f 20/61/17 52/26/17 21/63/17
f 22/64/18 51/24/18 112/62/18
f 23/65/17 52/26/17 54/28/17
f 22/64/18 55/29/18 53/27/18
f 23/65/17 24/30/17 1/66/17
f 111/67/18 27/68/18 55/29/18
f 15/54/11 81/69/10 13/51/10
f 21/63/15 85/70/14 20/61/14
f 5/39/4 74/71/3 4/37/3
f 8/44/7 79/72/8 78/32/7
f 15/54/11 83/73/12 82/74/11
f 23/65/16 86/75/15 21/63/15
f 6/41/5 75/76/4 5/39/4
f 9/47/8 80/77/9 79/72/8
f 19/58/13 83/73/12 17/56/12
f 3/34/2 72/78/1 1/79/1
f 1/66/1 87/80/16 23/65/16
f 7/31/6 76/81/5 6/41/5
f 11/48/9 81/69/10 80/77/9
f 20/61/14 84/82/13 19/58/13
f 4/37/3 73/83/2 3/34/2
f 88/84/17 73/83/17 89/85/17
f 90/86/17 73/83/17 74/71/17
f 90/86/17 75/76/17 91/87/17
f 91/87/17 76/81/17 92/88/17
f 92/88/17 77/33/17 93/89/17
f 93/89/17 78/32/17 94/90/17
f 94/90/17 79/72/17 95/91/17
f 95/91/17 80/77/17 96/92/17
f 97/93/17 80/77/17 81/69/17
f 97/93/17 82/74/17 98/94/17
f 99/95/17 82/74/17 83/73/17
f 99/95/17 84/82/17 100/96/17
f 100/96/17 85/70/17 101/97/17
f 101/97/17 86/75/17 102/98/17
f 102/98/17 87/80/17 103/99/17
f 88/100/17 87/80/17 72/101/17
f 56/102/17 89/103/17 57/104/17
f 58/105/17 89/103/17 90/106/17
f 58/105/17 91/107/17 59/108/17
f 60/109/17 91/107/17 92/110/17
f 60/109/17 93/111/17 61/112/17
f 61/112/17 94/113/17 62/114/17
f 62/114/17 95/115/17 63/116/17
f 63/116/17 96/117/17 64/118/17
f 65/119/17 96/117/17 97/120/17
f 65/119/17 98/121/17 66/122/17
f 67/123/17 98/121/17 99/124/17
f 67/123/17 100/125/17 68/126/17
f 68/126/17 101/127/17 69/128/17
f 70/129/17 101/127/17 102/130/17
f 70/129/17 103/131/17 71/132/17
f 56/102/17 103/131/17 88/133/17
f 56/134/17 57/135/17 104/136/17
f 57/135/17 58/137/17 104/138/17
f 58/137/17 59/139/17 104/140/17
f 59/139/17 60/141/17 104/142/17
f 60/141/17 61/143/17 104/144/17
f 61/143/17 62/145/17 104/146/17
f 62/145/17 63/147/17 104/148/17
f 63/147/17 64/149/17 104/150/17
f 64/149/17 65/151/17 104/152/17
f 65/151/17 66/153/17 104/154/17
f 66/153/17 67/155/17 104/156/17
f 67/155/17 68/157/17 104/158/17
f 68/157/17 69/159/17 104/160/17
f 69/159/17 70/161/17 104/162/17
f 70/161/17 71/163/17 104/164/17
f 71/163/17 56/165/17 104/166/17
f 109/40/3 129/167/4 108/42/4
f 111/67/16 134/168/15 133/169/16
f 16/55/11 137/170/12 18/60/12
f 106/46/6 126/171/7 105/45/7
f 109/40/3 131/172/2 130/173/3
f 22/64/15 135/174/14 134/168/15
f 14/52/10 138/175/11 16/55/11
f 107/43/5 127/176/6 106/46/6
f 110/38/2 132/177/1 131/172/2
f 112/62/14 136/178/13 135/174/14
f 10/49/8 124/179/9 12/53/9
f 12/53/9 139/180/10 14/52/10
f 107/43/5 129/167/4 128/181/5
f 2/182/1 133/169/16 132/183/1
f 18/60/12 136/178/13 113/59/13
f 105/45/7 125/184/8 10/49/8
f 156/185/18 124/179/18 125/184/18
f 155/186/18 125/184/18 126/171/18
f 141/187/18 126/171/18 127/176/18
f 142/188/18 127/176/18 128/181/18
f 142/188/18 129/167/18 154/189/18
f 153/190/18 129/167/18 130/173/18
f 143/191/18 130/173/18 131/172/18
f 143/191/18 132/177/18 144/192/18
f 144/193/18 133/169/18 162/194/18
f 162/194/18 134/168/18 161/195/18
f 161/195/18 135/174/18 160/196/18
f 160/196/18 136/178/18 159/197/18
f 159/197/18 137/170/18 158/198/18
f 158/198/18 138/175/18 145/199/18
f 145/199/18 139/180/18 157/200/18
f 157/200/18 124/179/18 140/201/18
f 118/102/18 162/131/18 152/132/18
f 162/131/18 119/129/18 152/132/18
f 161/130/18 120/128/18 119/129/18
f 160/127/18 121/126/18 120/128/18
f 159/125/18 122/123/18 121/126/18
f 122/123/18 145/121/18 151/122/18
f 145/121/18 123/119/18 151/122/18
f 157/120/18 150/118/18 123/119/18
f 140/117/18 149/116/18 150/118/18
f 149/116/18 155/113/18 114/114/18
f 114/114/18 141/111/18 115/112/18
f 141/111/18 116/109/18 115/112/18
f 116/109/18 154/107/18 148/108/18
f 154/107/18 117/105/18 148/108/18
f 117/105/18 143/103/18 147/104/18
f 143/103/18 118/102/18 147/104/18
f 150/147/18 149/149/18 146/150/18
f 149/145/18 114/147/18 146/148/18
f 114/143/18 115/145/18 146/146/18
f 115/141/18 116/143/18 146/144/18
f 116/139/18 148/141/18 146/142/18
f 148/137/18 117/139/18 146/140/18
f 117/135/18 147/137/18 146/138/18
f 147/134/18 118/135/18 146/136/18
f 118/163/18 152/165/18 146/166/18
f 152/161/18 119/163/18 146/164/18
f 119/159/18 120/161/18 146/162/18
f 120/157/18 121/159/18 146/160/18
f 121/155/18 122/157/18 146/158/18
f 122/153/18 151/155/18 146/156/18
f 151/151/18 123/153/18 146/154/18
f 123/149/18 150/151/18 146/152/18
f 195/202/1 197/203/2 196/204/2
f 196/204/2 200/205/3 199/206/3
f 199/206/3 202/207/4 201/208/4
f 201/208/4 204/209/5 203/210/5
f 203/211/5 206/212/6 205/213/6
f 206/212/6 207/214/7 205/213/6
f 208/215/7 209/216/8 207/214/7
f 210/217/8 211/218/9 209/216/8
f 212/219/9 213/220/10 211/218/9
f 214/221/10 215/222/11 213/220/10
f 216/223/11 217/224/12 215/222/11
f 218/225/12 219/226/13 217/224/12
f 220/227/13 221/228/14 219/229/13
f 222/230/14 223/231/15 221/228/14
f 223/231/15 226/232/16 225/233/16
f 225/233/16 198/234/1 195/202/1
f 163/235/17 196/204/17 165/236/17
f 166/237/18 198/234/18 164/238/18
f 167/239/17 196/204/17 199/206/17
f 168/240/18 197/203/18 166/237/18
f 167/239/17 201/208/17 169/241/17
f 170/242/18 200/205/18 168/240/18
f 169/241/17 203/210/17 171/243/17
f 172/244/18 202/207/18 170/242/18
f 171/245/17 205/213/17 173/246/17
f 174/247/18 204/248/18 172/249/18
f 173/246/17 207/214/17 175/250/17
f 174/247/18 208/215/18 206/212/18
f 175/250/17 209/216/17 177/251/17
f 178/252/18 208/215/18 176/253/18
f 177/251/17 211/218/17 179/254/17
f 180/255/18 210/217/18 178/252/18
f 179/254/17 213/220/17 181/256/17
f 182/257/18 212/219/18 180/255/18
f 183/258/17 213/220/17 215/222/17
f 184/259/18 214/221/18 182/257/18
f 185/260/17 215/222/17 217/224/17
f 186/261/18 216/223/18 184/259/18
f 185/260/17 219/226/17 187/262/17
f 188/263/18 218/225/18 186/261/18
f 187/264/17 221/228/17 189/265/17
f 190/266/18 220/227/18 188/267/18
f 189/265/17 223/231/17 191/268/17
f 192/269/18 222/230/18 190/266/18
f 191/268/17 225/233/17 193/270/17
f 192/269/18 226/232/18 224/271/18
f 193/270/17 195/202/17 163/235/17
f 164/238/18 226/232/18 194/272/18
s 0
f 228/273/9 229/274/9 227/275/9
f 232/273/19 233/274/19 231/275/19
f 235/275/8 238/276/8 237/274/8
f 240/273/20 241/274/20 239/275/20
f 244/273/7 245/274/7 243/275/7
f 248/273/21 249/274/21 247/275/21
f 251/275/6 254/276/6 253/274/6
f 256/273/4 257/274/4 255/275/4
f 260/273/22 261/274/22 259/275/22
f 264/273/3 265/274/3 263/275/3
f 268/273/23 269/274/23 267/275/23
f 271/275/2 274/276/2 273/274/2
f 276/273/24 277/274/24 275/275/24
f 280/273/1 281/274/1 279/275/1
f 284/273/25 285/274/25 283/275/25
f 288/273/16 289/274/16 287/275/16
f 292/273/26 293/274/26 291/275/26
f 296/273/15 297/274/15 295/275/15
f 299/275/27 302/276/27 301/274/27
f 304/273/14 305/274/14 303/275/14
f 308/273/12 309/274/12 307/275/12
f 312/273/28 313/274/28 311/275/28
f 315/275/11 318/276/11 317/274/11
f 320/273/29 321/274/29 319/275/29
f 324/273/10 325/274/10 323/275/10
f 328/273/30 329/274/30 327/275/30
f 332/273/9 333/274/9 331/275/9
f 336/273/19 337/274/19 335/275/19
f 339/275/8 342/276/8 341/274/8
f 343/275/20 346/276/20 345/274/20
f 348/273/7 349/274/7 347/275/7
f 352/273/21 353/274/21 351/275/21
f 356/273/6 357/274/6 355/275/6
f 359/275/4 362/276/4 361/274/4
f 363/275/22 366/276/22 365/274/22
f 368/273/3 369/274/3 367/275/3
f 372/273/23 373/274/23 371/275/23
f 375/275/2 378/276/2 377/274/2
f 380/273/24 381/274/24 379/275/24
f 384/273/1 385/274/1 383/275/1
f 388/273/25 389/274/25 387/275/25
f 392/273/16 393/274/16 391/275/16
f 396/273/26 397/274/26 395/275/26
f 399/275/15 402/276/15 401/274/15
f 403/275/27 406/276/27 405/274/27
f 408/273/14 409/274/14 407/275/14
f 412/273/12 413/274/12 411/275/12
f 415/275/28 418/276/28 417/274/28
f 419/275/11 422/276/11 421/274/11
f 424/273/29 425/274/29 423/275/29
f 428/273/10 429/274/10 427/275/10
f 432/273/30 433/274/30 431/275/30
f 436/277/17 437/278/17 435/279/17
f 442/280/18 439/281/18 441/282/18
f 440/283/9 435/279/9 439/281/9
f 437/284/5 439/281/5 435/279/5
f 438/285/13 440/283/13 442/286/13
s 1
f 443/287/1 446/288/3 445/289/3
f 445/289/3 448/290/5 447/291/5
f 447/291/5 450/292/7 449/293/7
f 450/292/7 451/294/9 449/293/7
f 452/295/9 453/296/11 451/294/9
f 454/297/11 455/298/13 453/296/11
f 456/299/18 452/300/18 448/301/18
f 456/302/13 457/303/15 455/304/13
f 457/303/15 444/305/1 443/287/1
f 449/306/17 453/307/17 457/308/17
f 459/309/1 462/310/31 461/311/3
f 461/311/3 464/312/32 463/313/5
f 463/314/5 466/315/33 465/316/7
f 466/315/33 467/317/9 465/316/7
f 468/318/34 469/319/11 467/317/9
f 470/320/35 471/321/13 469/319/11
f 468/322/34 478/323/36 479/324/37
f 472/325/38 473/326/15 471/321/13
f 473/326/15 460/327/39 459/309/1
f 476/328/40 483/329/41 484/330/42
f 472/331/38 482/332/43 474/333/44
f 464/334/32 476/335/40 477/336/45
f 468/322/34 480/337/46 470/338/35
f 474/333/44 475/339/47 460/340/39
f 460/340/39 476/335/40 462/341/31
f 466/342/33 477/343/45 478/323/36
f 470/338/35 481/344/48 472/345/38
f 489/346/49 498/347/50 490/348/51
f 482/349/43 483/329/41 475/350/47
f 481/351/48 488/352/52 489/353/49
f 479/354/37 486/355/53 487/356/54
f 477/357/45 484/330/42 485/358/55
f 482/349/43 489/359/49 490/360/51
f 480/361/46 487/356/54 488/352/52
f 478/362/36 485/363/55 486/355/53
f 491/364/56 501/365/57 493/366/58
f 487/367/54 496/368/59 488/369/52
f 486/370/53 493/371/58 494/372/60
f 484/373/42 492/374/61 491/375/56
f 490/348/51 492/374/61 483/376/41
f 488/369/52 497/377/62 489/346/49
f 486/370/53 495/378/63 487/367/54
f 484/373/42 493/379/58 485/380/55
f 500/381/64 514/382/65 508/383/66
f 498/384/50 505/385/67 506/386/68
f 495/387/63 504/388/69 496/389/59
f 494/390/60 501/391/57 502/392/70
f 491/364/56 500/393/64 499/394/71
f 492/395/61 506/386/68 500/393/64
f 497/396/62 504/388/69 505/397/67
f 494/390/60 503/398/72 495/387/63
f 510/399/73 517/400/5 518/401/7
f 505/402/67 512/403/74 513/404/75
f 502/405/70 511/406/76 503/407/72
f 499/408/71 509/409/77 501/410/57
f 506/411/68 513/412/75 514/382/65
f 503/407/72 512/403/74 504/413/69
f 501/414/57 510/415/73 502/405/70
f 499/408/71 508/383/66 507/416/78
f 508/417/66 515/418/3 507/419/78
f 514/420/65 516/421/1 508/417/66
f 513/422/75 520/423/11 521/424/13
f 510/399/73 519/425/9 511/426/76
f 507/419/78 517/427/5 509/428/77
f 514/420/65 521/424/13 522/429/15
f 511/426/76 520/423/11 512/430/74
s 0
f 524/431/17 525/432/17 523/433/17
f 526/434/1 529/435/1 525/432/1
f 530/431/18 527/432/18 529/433/18
f 528/434/9 523/435/9 527/432/9
f 534/436/1 537/437/1 533/438/1
f 536/437/9 531/436/9 535/439/9
f 537/440/5 531/436/5 533/441/5
f 534/436/13 536/440/13 538/439/13
s 1
f 558/438/5 555/442/5 556/443/5
f 562/443/17 556/444/17 560/442/17
f 562/442/1 557/438/1 558/444/1
f 559/443/18 557/444/18 561/442/18
f 562/443/13 559/444/13 561/442/13
f 551/442/9 548/438/9 547/444/9
f 566/438/5 563/442/5 564/443/5
f 570/443/17 564/444/17 568/442/17
f 570/442/1 565/438/1 566/444/1
f 567/443/18 565/444/18 569/442/18
f 570/443/13 567/444/13 569/442/13
f 559/442/9 556/438/9 555/444/9
f 574/438/5 571/442/5 572/443/5
f 578/443/17 572/444/17 576/442/17
f 578/442/1 573/438/1 574/444/1
f 575/443/18 573/444/18 577/442/18
f 578/443/13 575/444/13 577/442/13
f 567/442/9 564/438/9 563/444/9
f 582/438/5 579/442/5 580/443/5
f 586/443/17 580/444/17 584/442/17
f 586/442/1 581/438/1 582/444/1
f 583/443/18 581/444/18 585/442/18
f 586/443/13 583/444/13 585/442/13
f 575/442/9 572/438/9 571/444/9
f 590/438/5 587/442/5 588/443/5
f 594/443/17 588/444/17 592/442/17
f 594/442/1 589/438/1 590/444/1
f 591/443/18 589/444/18 593/442/18
f 594/443/13 591/444/13 593/442/13
f 584/443/9 579/444/9 583/442/9
f 598/438/5 595/442/5 596/443/5
f 602/443/17 596/444/17 600/442/17
f 602/442/1 597/438/1 598/444/1
f 599/443/18 597/444/18 601/442/18
f 602/443/13 599/444/13 601/442/13
f 592/443/9 587/444/9 591/442/9
f 606/438/5 603/442/5 604/443/5
f 610/443/17 604/444/17 608/442/17
f 610/442/1 605/438/1 606/444/1
f 607/443/18 605/444/18 609/442/18
f 610/443/13 607/444/13 609/442/13
f 600/443/9 595/444/9 599/442/9
f 638/445/5 635/446/5 636/433/5
f 642/445/18 637/446/18 638/433/18
f 614/447/1 616/442/1 613/448/1
f 612/448/13 614/449/13 613/442/13
f 615/447/5 617/442/5 616/448/5
f 608/443/9 603/444/9 607/442/9
f 554/443/13 551/444/13 553/442/13
f 551/443/18 549/444/18 553/442/18
f 554/442/1 549/438/1 550/444/1
f 540/442/9 546/447/9 539/449/9
f 623/447/5 625/442/5 624/448/5
f 620/448/13 622/449/13 621/442/13
f 622/447/1 624/442/1 621/448/1
f 612/442/9 618/447/9 611/449/9
f 631/447/5 633/442/5 632/448/5
f 628/448/13 630/449/13 629/442/13
f 630/447/1 632/442/1 629/448/1
f 620/442/9 626/447/9 619/449/9
f 705/450/17 704/432/17 703/434/17
f 639/446/17 636/445/17 635/451/17
f 703/434/5 700/433/5 699/431/5
f 628/442/9 634/447/9 627/449/9
f 646/445/5 643/446/5 644/433/5
f 650/445/18 645/446/18 646/433/18
f 647/446/17 644/445/17 643/451/17
f 649/446/13 648/445/13 647/451/13
f 654/445/5 651/446/5 652/433/5
f 658/445/18 653/446/18 654/433/18
f 655/446/17 652/445/17 651/451/17
f 657/446/13 656/445/13 655/451/13
f 662/445/5 659/446/5 660/433/5
f 666/445/18 661/446/18 662/433/18
f 663/446/17 660/445/17 659/451/17
f 665/446/13 664/445/13 663/451/13
f 670/445/1 667/446/1 668/433/1
f 674/445/18 669/446/18 670/433/18
f 671/446/17 668/445/17 667/451/17
f 671/451/9 674/433/9 672/445/9
f 678/445/1 675/446/1 676/433/1
f 682/445/18 677/446/18 678/433/18
f 679/446/17 676/445/17 675/451/17
f 679/451/9 682/433/9 680/445/9
f 686/445/1 683/446/1 684/433/1
f 690/445/18 685/446/18 686/433/18
f 687/446/17 684/445/17 683/451/17
f 687/451/9 690/433/9 688/445/9
f 694/445/1 691/446/1 692/433/1
f 698/445/18 693/446/18 694/433/18
f 695/446/17 692/445/17 691/451/17
f 695/451/9 698/433/9 696/445/9
f 542/447/1 544/442/1 541/448/1
f 641/446/13 640/445/13 639/451/13
f 550/438/5 547/442/5 548/443/5
f 702/432/13 705/431/13 701/434/13
f 710/432/18 707/450/18 708/441/18
f 710/432/13 713/431/13 709/434/13
f 711/434/5 708/433/5 707/431/5
f 713/450/17 712/432/17 711/434/17
f 718/432/18 715/450/18 716/441/18
f 718/432/13 721/431/13 717/434/13
f 719/434/5 716/433/5 715/431/5
f 721/450/17 720/432/17 719/434/17
f 726/432/18 723/450/18 724/441/18
f 726/432/13 729/431/13 725/434/13
f 727/434/5 724/433/5 723/431/5
f 729/450/17 728/432/17 727/434/17
f 734/432/18 731/450/18 732/441/18
f 738/433/9 733/434/9 734/432/9
f 731/431/1 736/432/1 732/433/1
f 737/450/17 736/432/17 735/434/17
f 742/432/18 739/450/18 740/441/18
f 746/433/9 741/434/9 742/432/9
f 743/434/1 740/433/1 739/431/1
f 745/450/17 744/432/17 743/434/17
f 750/432/18 747/450/18 748/441/18
f 754/433/9 749/434/9 750/432/9
f 747/431/1 752/432/1 748/433/1
f 753/450/17 752/432/17 751/434/17
f 758/432/18 755/450/18 756/441/18
f 762/433/9 757/434/9 758/432/9
f 759/434/1 756/433/1 755/431/1
f 761/450/17 760/432/17 759/434/17
f 554/443/17 548/444/17 552/442/17
f 543/447/5 545/442/5 544/448/5
f 702/432/18 699/450/18 700/441/18
f 540/448/13 542/449/13 541/442/13
s 0
f 766/436/1 769/437/1 765/438/1
f 768/437/9 763/436/9 767/439/9
f 769/440/5 763/436/5 765/441/5
f 766/436/13 768/440/13 770/439/13
s 1
f 772/452/18 773/453/18 771/454/18
f 778/455/17 775/456/17 777/457/17
f 775/456/1 772/452/1 771/454/1
f 777/458/5 771/454/5 773/459/5
f 774/460/13 776/461/13 778/462/13
f 780/463/18 781/464/18 779/465/18
f 786/466/17 783/467/17 785/468/17
f 784/469/1 779/465/1 783/467/1
f 785/470/5 779/465/5 781/471/5
f 782/472/13 784/469/13 786/473/13
f 788/452/18 789/453/18 787/454/18
f 794/455/17 791/456/17 793/457/17
f 792/461/1 787/454/1 791/456/1
f 793/458/5 787/454/5 789/459/5
f 790/460/13 792/461/13 794/462/13
f 796/463/18 797/464/18 795/465/18
f 802/466/17 799/467/17 801/468/17
f 800/469/1 795/465/1 799/467/1
f 801/470/5 795/465/5 797/471/5
f 798/472/13 800/469/13 802/473/13
f 804/452/17 805/453/17 803/454/17
f 810/455/18 807/456/18 809/457/18
f 808/461/9 803/454/9 807/456/9
f 809/458/5 803/454/5 805/459/5
f 806/460/13 808/461/13 810/462/13
f 812/463/17 813/464/17 811/465/17
f 818/466/18 815/467/18 817/468/18
f 816/469/9 811/465/9 815/467/9
f 817/470/5 811/465/5 813/471/5
f 818/473/13 812/463/13 816/469/13
f 820/452/17 821/453/17 819/454/17
f 826/455/18 823/456/18 825/457/18
f 824/461/9 819/454/9 823/456/9
f 821/459/5 823/456/5 819/454/5
f 822/460/13 824/461/13 826/462/13
f 828/463/17 829/464/17 827/465/17
f 834/466/18 831/467/18 833/468/18
f 832/469/9 827/465/9 831/467/9
f 833/470/5 827/465/5 829/471/5
f 830/472/13 832/469/13 834/473/13
s 0
f 836/277/18 837/278/18 835/279/18
f 842/280/17 839/281/17 841/282/17
f 840/283/1 835/279/1 839/281/1
f 841/474/5 835/279/5 837/284/5
f 838/285/13 840/283/13 842/286/13
f 845/432/18 844/431/18 843/433/18
f 849/435/1 846/434/1 845/432/1
f 847/432/17 850/431/17 849/433/17
f 843/435/9 848/434/9 847/432/9
s 1
f 883/202/1 885/203/2 884/204/2
f 884/204/2 888/205/3 887/206/3
f 887/206/3 890/207/4 889/208/4
f 889/208/4 892/209/5 891/210/5
f 891/211/5 894/212/6 893/213/6
f 894/212/6 895/214/7 893/213/6
f 896/215/7 897/216/8 895/214/7
f 898/217/8 899/218/9 897/216/8
f 900/219/9 901/220/10 899/218/9
f 902/221/10 903/222/11 901/220/10
f 904/223/11 905/224/12 903/222/11
f 906/225/12 907/226/13 905/224/12
f 908/227/13 909/228/14 907/229/13
f 910/230/14 911/231/15 909/228/14
f 911/231/15 914/232/16 913/233/16
f 913/233/16 886/234/1 883/202/1
f 851/235/17 884/204/17 853/236/17
f 854/237/18 886/234/18 852/238/18
f 853/236/17 887/206/17 855/239/17
f 856/240/18 885/203/18 854/237/18
f 855/239/17 889/208/17 857/241/17
f 858/242/18 888/205/18 856/240/18
f 857/241/17 891/210/17 859/243/17
f 860/244/18 890/207/18 858/242/18
f 859/245/17 893/213/17 861/246/17
f 862/247/18 892/248/18 860/249/18
f 861/246/17 895/214/17 863/250/17
f 862/247/18 896/215/18 894/212/18
f 863/250/17 897/216/17 865/251/17
f 866/252/18 896/215/18 864/253/18
f 867/254/17 897/216/17 899/218/17
f 868/255/18 898/217/18 866/252/18
f 867/254/17 901/220/17 869/256/17
f 870/257/18 900/219/18 868/255/18
f 869/256/17 903/222/17 871/258/17
f 870/257/18 904/223/18 902/221/18
f 873/260/17 903/222/17 905/224/17
f 874/261/18 904/223/18 872/259/18
f 873/260/17 907/226/17 875/262/17
f 876/263/18 906/225/18 874/261/18
f 875/264/17 909/228/17 877/265/17
f 878/266/18 908/227/18 876/267/18
f 877/265/17 911/231/17 879/268/17
f 880/269/18 910/230/18 878/266/18
f 881/270/17 911/231/17 913/233/17
f 882/272/18 912/271/18 880/269/18
f 881/270/17 883/202/17 851/235/17
f 852/238/18 914/232/18 882/272/18
f 947/202/1 949/203/2 948/204/2
f 948/204/2 952/205/3 951/206/3
f 951/206/3 954/207/4 953/208/4
f 953/208/4 956/209/5 955/210/5
f 955/211/5 958/212/6 957/213/6
f 957/213/6 960/215/7 959/214/7
f 960/215/7 961/216/8 959/214/7
f 962/217/8 963/218/9 961/216/8
f 964/219/9 965/220/10 963/218/9
f 966/221/10 967/222/11 965/220/10
f 968/223/11 969/224/12 967/222/11
f 970/225/12 971/226/13 969/224/12
f 972/227/13 973/228/14 971/229/13
f 974/230/14 975/231/15 973/228/14
f 975/231/15 978/232/16 977/233/16
f 977/233/16 950/234/1 947/202/1
f 915/235/17 948/204/17 917/236/17
f 918/237/18 950/234/18 916/238/18
f 917/236/17 951/206/17 919/239/17
f 920/240/18 949/203/18 918/237/18
f 919/239/17 953/208/17 921/241/17
f 922/242/18 952/205/18 920/240/18
f 921/241/17 955/210/17 923/243/17
f 924/244/18 954/207/18 922/242/18
f 923/245/17 957/213/17 925/246/17
f 926/247/18 956/248/18 924/249/18
f 925/246/17 959/214/17 927/250/17
f 926/247/18 960/215/18 958/212/18
f 927/250/17 961/216/17 929/251/17
f 930/252/18 960/215/18 928/253/18
f 929/251/17 963/218/17 931/254/17
f 932/255/18 962/217/18 930/252/18
f 931/254/17 965/220/17 933/256/17
f 934/257/18 964/219/18 932/255/18
f 933/256/17 967/222/17 935/258/17
f 934/257/18 968/223/18 966/221/18
f 935/258/17 969/224/17 937/260/17
f 938/261/18 968/223/18 936/259/18
f 937/260/17 971/226/17 939/262/17
f 940/263/18 970/225/18 938/261/18
f 939/264/17 973/228/17 941/265/17
f 942/266/18 972/227/18 940/267/18
f 941/265/17 975/231/17 943/268/17
f 944/269/18 974/230/18 942/266/18
f 945/270/17 975/231/17 977/233/17
f 946/272/18 976/271/18 944/269/18
f 945/270/17 947/202/17 915/235/17
f 916/238/18 978/232/18 946/272/18
f 1011/202/1 1013/203/2 1012/204/2
f 1012/204/2 1016/205/3 1015/206/3
f 1015/206/3 1018/207/4 1017/208/4
f 1017/208/4 1020/209/5 1019/210/5
f 1019/211/5 1022/212/6 1021/213/6
f 1022/212/6 1023/214/7 1021/213/6
f 1024/215/7 1025/216/8 1023/214/7
f 1026/217/8 1027/218/9 1025/216/8
f 1028/219/9 1029/220/10 1027/218/9
f 1030/221/10 1031/222/11 1029/220/10
f 1032/223/11 1033/224/12 1031/222/11
f 1034/225/12 1035/226/13 1033/224/12
f 1036/227/13 1037/228/14 1035/229/13
f 1038/230/14 1039/231/15 1037/228/14
f 1039/231/15 1042/232/16 1041/233/16
f 1041/233/16 1014/234/1 1011/202/1
f 979/235/17 1012/204/17 981/236/17
f 982/237/18 1014/234/18 980/238/18
f 983/239/17 1012/204/17 1015/206/17
f 984/240/18 1013/203/18 982/237/18
f 983/239/17 1017/208/17 985/241/17
f 984/240/18 1018/207/18 1016/205/18
f 985/241/17 1019/210/17 987/243/17
f 988/244/18 1018/207/18 986/242/18
f 987/245/17 1021/213/17 989/246/17
f 990/247/18 1020/248/18 988/249/18
f 991/250/17 1021/213/17 1023/214/17
f 990/247/18 1024/215/18 1022/212/18
f 991/250/17 1025/216/17 993/251/17
f 992/253/18 1026/217/18 1024/215/18
f 995/254/17 1025/216/17 1027/218/17
f 996/255/18 1026/217/18 994/252/18
f 995/254/17 1029/220/17 997/256/17
f 998/257/18 1028/219/18 996/255/18
f 999/258/17 1029/220/17 1031/222/17
f 1000/259/18 1030/221/18 998/257/18
f 999/258/17 1033/224/17 1001/260/17
f 1002/261/18 1032/223/18 1000/259/18
f 1001/260/17 1035/226/17 1003/262/17
f 1004/263/18 1034/225/18 1002/261/18
f 1003/264/17 1037/228/17 1005/265/17
f 1006/266/18 1036/227/18 1004/267/18
f 1007/268/17 1037/228/17 1039/231/17
f 1008/269/18 1038/230/18 1006/266/18
f 1007/268/17 1041/233/17 1009/270/17
f 1008/269/18 1042/232/18 1040/271/18
f 1009/270/17 1011/202/17 979/235/17
f 980/238/18 1042/232/18 1010/272/18
s 0
f 1045/274/1 1044/273/1 1043/275/1
f 1049/274/25 1048/273/25 1047/275/25
f 1051/275/16 1054/276/16 1052/273/16
f 1057/274/26 1056/273/26 1055/275/26
f 1061/274/15 1060/273/15 1059/275/15
f 1065/274/27 1064/273/27 1063/275/27
f 1067/275/14 1070/276/14 1068/273/14
f 1073/274/12 1072/273/12 1071/275/12
f 1077/274/28 1076/273/28 1075/275/28
f 1081/274/11 1080/273/11 1079/275/11
f 1085/274/29 1084/273/29 1083/275/29
f 1087/275/10 1090/276/10 1088/273/10
f 1093/274/30 1092/273/30 1091/275/30
f 1097/274/9 1096/273/9 1095/275/9
f 1101/274/19 1100/273/19 1099/275/19
f 1105/274/8 1104/273/8 1103/275/8
f 1109/274/20 1108/273/20 1107/275/20
f 1113/274/7 1112/273/7 1111/275/7
f 1115/275/21 1118/276/21 1116/273/21
f 1121/274/6 1120/273/6 1119/275/6
f 1125/274/4 1124/273/4 1123/275/4
f 1129/274/22 1128/273/22 1127/275/22
f 1131/275/3 1134/276/3 1132/273/3
f 1137/274/23 1136/273/23 1135/275/23
f 1141/274/2 1140/273/2 1139/275/2
f 1145/274/24 1144/273/24 1143/275/24
f 1149/274/1 1148/273/1 1147/275/1
f 1153/274/25 1152/273/25 1151/275/25
f 1155/275/16 1158/276/16 1156/273/16
f 1159/275/26 1162/276/26 1160/273/26
f 1165/274/15 1164/273/15 1163/275/15
f 1169/274/27 1168/273/27 1167/275/27
f 1173/274/14 1172/273/14 1171/275/14
f 1175/275/12 1178/276/12 1176/273/12
f 1179/275/28 1182/276/28 1180/273/28
f 1185/274/11 1184/273/11 1183/275/11
f 1189/274/29 1188/273/29 1187/275/29
f 1191/275/10 1194/276/10 1192/273/10
f 1197/274/30 1196/273/30 1195/275/30
f 1201/274/9 1200/273/9 1199/275/9
f 1205/274/19 1204/273/19 1203/275/19
f 1209/274/8 1208/273/8 1207/275/8
f 1213/274/20 1212/273/20 1211/275/20
f 1215/275/7 1218/276/7 1216/273/7
f 1219/275/21 1222/276/21 1220/273/21
f 1225/274/6 1224/273/6 1223/275/6
f 1229/274/4 1228/273/4 1227/275/4
f 1231/275/22 1234/276/22 1232/273/22
f 1235/275/3 1238/276/3 1236/273/3
f 1241/274/23 1240/273/23 1239/275/23
f 1245/274/2 1244/273/2 1243/275/2
f 1249/274/24 1248/273/24 1247/275/24
s 1
f 1251/287/9 1254/288/7 1253/289/7
f 1253/289/7 1256/290/5 1255/291/5
f 1255/291/5 1258/292/3 1257/293/3
f 1258/292/3 1259/294/1 1257/293/3
f 1260/295/1 1261/296/15 1259/294/1
f 1262/297/15 1263/298/13 1261/296/15
f 1264/299/17 1260/300/17 1256/301/17
f 1264/302/13 1265/303/11 1263/304/13
f 1265/303/11 1252/305/9 1251/287/9
f 1257/306/18 1261/307/18 1265/308/18
f 1268/475/79 1269/476/80 1267/477/18
f 1270/478/81 1271/479/9 1269/476/80
f 1272/480/82 1273/481/83 1271/479/9
f 1274/482/84 1275/483/17 1273/481/83
f 1276/484/85 1277/485/86 1275/483/17
f 1278/486/87 1279/487/1 1277/485/86
f 1280/488/88 1290/489/89 1282/490/90
f 1280/491/88 1281/492/91 1279/487/1
f 1282/493/90 1267/494/18 1281/492/91
f 1283/495/92 1298/496/93 1291/497/94
f 1270/498/81 1285/499/95 1272/500/82
f 1278/501/87 1287/502/96 1288/503/97
f 1268/504/79 1290/489/89 1283/505/92
f 1270/498/81 1283/506/92 1284/507/98
f 1274/508/84 1285/499/95 1286/509/99
f 1278/501/87 1289/510/100 1280/488/88
f 1276/511/85 1286/509/99 1287/512/96
f 1293/513/101 1302/514/102 1294/515/103
f 1288/516/97 1297/517/104 1289/518/100
f 1286/519/99 1295/520/105 1287/521/96
f 1284/522/98 1293/523/101 1285/524/95
f 1289/518/100 1298/496/93 1290/525/89
f 1287/526/96 1296/527/106 1288/516/97
f 1286/519/99 1293/523/101 1294/528/103
f 1284/522/98 1291/529/94 1292/530/107
f 1305/531/108 1314/532/109 1306/533/110
f 1291/534/94 1299/535/111 1292/536/107
f 1291/537/94 1306/538/110 1300/539/112
f 1296/540/106 1305/541/108 1297/542/104
f 1294/515/103 1303/543/113 1295/544/105
f 1292/536/107 1301/545/114 1293/513/101
f 1297/542/104 1306/538/110 1298/546/93
f 1296/540/106 1303/543/113 1304/547/115
f 1311/548/116 1318/549/117 1319/550/118
f 1303/551/113 1312/552/119 1304/553/115
f 1302/554/102 1309/555/120 1310/556/121
f 1299/557/111 1308/558/122 1307/559/123
f 1306/533/110 1308/560/122 1300/561/112
f 1304/553/115 1313/562/91 1305/563/108
f 1303/551/113 1310/556/121 1311/564/116
f 1301/565/114 1307/559/123 1309/566/120
f 1316/567/124 1330/568/125 1324/569/126
f 1309/570/120 1315/571/127 1317/572/128
f 1313/573/91 1322/574/129 1314/575/109
f 1311/548/116 1320/576/130 1312/577/119
f 1310/578/121 1317/579/128 1318/549/117
f 1307/580/123 1316/581/124 1315/571/127
f 1308/582/122 1322/574/129 1316/583/124
f 1313/584/91 1320/576/130 1321/585/131
f 1327/586/132 1336/587/133 1328/588/134
f 1321/589/131 1328/590/134 1329/591/135
f 1319/592/118 1326/593/136 1327/594/132
f 1315/595/127 1325/596/137 1317/597/128
f 1321/589/131 1330/568/125 1322/598/129
f 1319/592/118 1328/590/134 1320/599/130
f 1318/600/117 1325/596/137 1326/593/136
f 1316/601/124 1323/602/138 1315/595/127
f 1337/603/139 1346/604/140 1338/605/141
f 1326/606/136 1333/607/142 1334/608/143
f 1323/609/138 1332/610/144 1331/611/145
f 1324/612/126 1338/613/141 1332/614/144
f 1329/615/135 1336/587/133 1337/616/139
f 1326/606/136 1335/617/11 1327/618/132
f 1323/609/138 1333/607/142 1325/619/137
f 1330/620/125 1337/616/139 1338/613/141
f 1345/621/146 1352/622/80 1353/623/18
f 1335/624/11 1344/625/147 1336/626/133
f 1334/627/143 1341/628/148 1342/629/149
f 1331/630/145 1340/631/150 1339/632/151
f 1332/633/144 1346/604/140 1340/634/150
f 1337/603/139 1344/625/147 1345/635/146
f 1334/627/143 1343/636/152 1335/637/11
f 1331/630/145 1341/628/148 1333/638/142
f 1342/639/149 1351/640/9 1343/641/152
f 1339/642/151 1349/643/17 1341/644/148
f 1345/621/146 1354/645/91 1346/646/140
f 1343/641/152 1352/622/80 1344/647/147
f 1342/639/149 1349/643/17 1350/648/83
f 1340/649/150 1347/650/86 1339/642/151
f 1340/651/150 1354/645/91 1348/652/1
f 1357/476/83 1356/475/153 1355/477/17
f 1359/479/9 1358/478/154 1357/476/83
f 1359/479/9 1362/482/52 1360/480/54
f 1361/481/80 1364/484/49 1362/482/52
f 1363/483/18 1366/486/51 1364/484/49
f 1367/487/1 1366/486/51 1365/485/91
f 1378/489/40 1368/488/41 1370/490/42
f 1369/492/86 1368/491/41 1367/487/1
f 1369/492/86 1356/653/153 1370/493/42
f 1371/495/155 1386/496/156 1378/525/40
f 1360/500/54 1372/507/36 1358/498/154
f 1366/501/51 1375/502/48 1364/654/49
f 1356/504/153 1378/489/40 1370/490/42
f 1358/498/154 1371/506/155 1356/655/153
f 1374/509/46 1360/500/54 1362/508/52
f 1368/488/41 1376/503/43 1366/501/51
f 1375/512/48 1362/508/52 1364/511/49
f 1382/515/35 1389/545/157 1381/513/34
f 1377/518/47 1384/527/44 1376/516/43
f 1375/521/48 1382/528/35 1374/519/46
f 1373/524/37 1380/530/33 1372/522/36
f 1386/496/156 1377/518/47 1378/525/40
f 1384/527/44 1375/526/48 1376/516/43
f 1382/528/35 1373/524/37 1374/519/46
f 1372/522/36 1379/529/158 1371/656/155
f 1402/532/159 1393/531/160 1394/533/161
f 1387/535/162 1379/534/158 1380/536/33
f 1388/539/163 1386/546/156 1379/537/158
f 1393/541/160 1384/540/44 1385/542/39
f 1383/544/38 1390/514/164 1382/515/35
f 1381/513/34 1387/535/162 1380/536/33
f 1394/538/161 1385/542/39 1386/546/156
f 1392/547/165 1383/544/38 1384/540/44
f 1407/550/166 1398/578/167 1399/548/168
f 1392/553/165 1399/564/168 1391/551/169
f 1390/554/164 1397/555/170 1389/657/157
f 1387/557/162 1396/558/171 1388/658/163
f 1388/561/163 1402/532/159 1394/533/161
f 1393/563/160 1400/552/172 1392/553/165
f 1391/551/169 1398/556/167 1390/554/164
f 1389/565/157 1395/559/173 1387/557/162
f 1404/567/174 1418/568/138 1410/598/175
f 1397/570/170 1403/571/176 1395/580/173
f 1410/574/175 1401/573/86 1402/575/159
f 1408/576/177 1399/548/168 1400/577/172
f 1398/578/167 1405/579/178 1397/659/170
f 1395/580/173 1404/581/174 1396/660/171
f 1396/582/171 1410/574/175 1402/575/159
f 1409/585/179 1400/577/172 1401/584/86
f 1424/587/143 1415/586/132 1416/588/136
f 1409/589/179 1416/590/136 1408/599/177
f 1415/594/132 1406/600/180 1407/592/166
f 1413/596/135 1403/595/176 1405/597/178
f 1418/568/138 1409/589/179 1410/598/175
f 1416/590/136 1407/592/166 1408/599/177
f 1406/600/180 1413/596/135 1405/597/178
f 1411/602/125 1404/601/174 1403/595/176
f 1426/605/145 1433/635/148 1425/603/142
f 1422/608/133 1413/619/135 1414/606/134
f 1411/609/125 1420/610/181 1412/661/182
f 1412/612/182 1426/613/145 1418/620/138
f 1417/615/137 1424/587/143 1416/588/136
f 1423/617/11 1414/606/134 1415/618/132
f 1421/607/139 1411/609/125 1413/619/135
f 1418/620/138 1425/616/142 1417/615/137
f 1433/621/148 1440/622/83 1432/647/149
f 1432/625/149 1423/624/11 1424/626/143
f 1430/629/147 1421/638/139 1422/627/133
f 1419/630/141 1428/631/183 1420/662/181
f 1420/633/181 1434/604/151 1426/605/145
f 1425/603/142 1432/625/149 1424/626/143
f 1431/636/152 1422/627/133 1423/637/11
f 1429/628/146 1419/630/141 1421/638/139
f 1439/640/9 1430/639/147 1431/641/152
f 1437/643/18 1427/642/140 1429/644/146
f 1442/645/86 1433/621/148 1434/646/151
f 1440/622/83 1431/641/152 1432/647/149
f 1430/639/147 1437/643/18 1429/644/146
f 1435/650/91 1428/649/183 1427/642/140
f 1428/651/183 1442/645/86 1434/646/151
f 1443/477/17 1446/478/184 1445/476/86
f 1446/478/184 1447/479/1 1445/476/86
f 1447/479/1 1450/482/51 1449/481/91
f 1449/481/91 1452/484/49 1451/483/18
f 1451/483/18 1454/486/52 1453/485/80
f 1454/486/52 1455/487/9 1453/485/80
f 1456/488/54 1466/489/185 1458/490/53
f 1455/487/9 1458/493/53 1457/492/83
f 1458/493/53 1443/494/17 1457/492/83
f 1459/495/186 1474/496/187 1467/497/188
f 1446/498/184 1461/499/47 1448/500/41
f 1454/501/52 1463/502/48 1464/503/46
f 1444/504/189 1466/489/185 1459/505/186
f 1446/498/184 1459/506/186 1460/507/40
f 1448/500/41 1462/509/43 1450/508/51
f 1456/488/54 1464/503/46 1465/510/37
f 1450/508/51 1463/512/48 1452/511/49
f 1469/513/39 1478/514/190 1470/515/44
f 1465/518/37 1472/527/35 1473/517/34
f 1463/521/48 1470/528/44 1471/520/38
f 1461/524/47 1468/530/31 1469/523/39
f 1465/518/37 1474/496/187 1466/525/185
f 1463/526/48 1472/527/35 1464/516/46
f 1461/524/47 1470/528/44 1462/519/43
f 1460/522/40 1467/529/188 1468/530/31
f 1481/531/191 1490/532/192 1482/533/193
f 1468/536/31 1476/663/194 1475/535/195
f 1474/546/187 1476/539/194 1467/537/188
f 1472/540/35 1481/541/191 1473/542/34
f 1470/515/44 1479/543/196 1471/544/38
f 1468/536/31 1477/545/197 1469/513/39
f 1473/542/34 1482/538/193 1474/546/187
f 1471/544/38 1480/547/198 1472/540/35
f 1486/578/199 1495/550/200 1487/548/201
f 1479/551/196 1488/552/202 1480/553/198
f 1478/554/190 1485/555/203 1486/556/199
f 1476/658/194 1483/559/204 1475/557/195
f 1476/561/194 1490/532/192 1484/560/205
f 1481/563/191 1488/552/202 1489/562/83
f 1479/551/196 1486/556/199 1487/564/201
f 1477/565/197 1483/559/204 1485/566/203
f 1492/567/206 1506/568/207 1500/569/208
f 1485/570/203 1491/571/209 1493/572/210
f 1489/573/83 1498/574/211 1490/575/192
f 1487/548/201 1496/576/212 1488/577/202
f 1486/578/199 1493/579/210 1494/549/213
f 1483/580/204 1492/581/206 1491/571/209
f 1484/582/205 1498/574/211 1492/583/206
f 1489/584/83 1496/576/212 1497/585/214
f 1503/586/215 1512/587/216 1504/588/217
f 1497/589/214 1504/590/217 1505/591/218
f 1494/600/213 1503/594/215 1495/592/200
f 1491/595/209 1501/596/219 1493/597/210
f 1497/589/214 1506/568/207 1498/598/211
f 1495/592/200 1504/590/217 1496/599/212
f 1494/600/213 1501/596/219 1502/593/220
f 1492/601/206 1499/602/221 1491/595/209
f 1513/603/222 1522/604/223 1514/605/224
f 1501/619/219 1510/608/225 1502/606/220
f 1499/609/221 1508/610/226 1507/611/227
f 1500/612/208 1514/613/224 1508/614/226
f 1505/615/218 1512/587/216 1513/616/222
f 1502/606/220 1511/617/15 1503/618/215
f 1499/609/221 1509/607/228 1501/619/219
f 1506/620/207 1513/616/222 1514/613/224
f 1521/621/229 1528/622/86 1529/623/17
f 1511/624/15 1520/625/230 1512/626/216
f 1509/638/228 1518/629/231 1510/627/225
f 1507/630/227 1516/631/232 1515/632/233
f 1508/633/226 1522/604/223 1516/634/232
f 1513/603/222 1520/625/230 1521/635/229
f 1510/627/225 1519/636/234 1511/637/15
f 1507/630/227 1517/628/235 1509/638/228
f 1518/639/231 1527/640/1 1519/641/234
f 1515/642/233 1525/643/18 1517/644/235
f 1521/621/229 1530/645/83 1522/646/223
f 1519/641/234 1528/622/86 1520/647/230
f 1518/639/231 1525/643/18 1526/648/91
f 1516/649/232 1523/650/80 1515/642/233
f 1516/651/232 1530/645/83 1524/652/9
f 1531/477/18 1534/478/236 1532/475/237
f 1533/476/91 1536/480/88 1534/478/236
f 1537/481/86 1536/480/88 1535/479/1
f 1539/483/17 1538/482/87 1537/481/86
f 1541/485/83 1540/484/85 1539/483/17
f 1541/485/83 1544/491/82 1542/486/84
f 1554/489/98 1544/488/82 1546/490/238
f 1545/492/80 1544/491/82 1543/487/9
f 1531/494/18 1546/493/238 1545/492/80
f 1547/495/239 1562/496/240 1554/525/98
f 1549/499/100 1534/498/236 1536/500/88
f 1542/501/84 1551/502/96 1540/654/85
f 1532/504/237 1554/489/98 1546/490/238
f 1534/498/236 1547/506/239 1532/655/237
f 1538/508/87 1549/499/100 1536/500/88
f 1553/510/95 1542/501/84 1544/488/82
f 1551/512/96 1538/508/87 1540/511/85
f 1566/514/241 1557/513/104 1558/515/106
f 1561/517/101 1552/516/99 1553/518/95
f 1551/521/96 1558/528/106 1550/519/97
f 1557/523/104 1548/522/89 1549/524/100
f 1562/496/240 1553/518/95 1554/525/98
f 1560/527/103 1551/526/96 1552/516/99
f 1550/519/97 1557/523/104 1549/524/100
f 1548/522/89 1555/529/242 1547/656/239
f 1578/532/243 1569/531/244 1570/533/245
f 1563/535/246 1555/534/242 1556/536/247
f 1564/539/248 1562/546/240 1555/537/242
f 1569/541/244 1560/540/103 1561/542/101
f 1567/543/249 1558/515/106 1559/544/105
f 1565/545/250 1556/536/247 1557/513/104
f 1570/538/245 1561/542/101 1562/546/240
f 1568/547/251 1559/544/105 1560/540/103
f 1583/550/252 1574/578/253 1575/548/254
f 1576/552/255 1567/551/249 1568/553/251
f 1566/554/241 1573/555/256 1565/657/250
f 1563/557/246 1572/558/257 1564/658/248
f 1564/561/248 1578/532/243 1570/533/245
f 1569/563/244 1576/552/255 1568/553/251
f 1575/564/254 1566/554/241 1567/551/249
f 1565/565/250 1571/559/258 1563/557/246
f 1580/567/259 1594/568/221 1586/598/260
f 1573/570/256 1579/571/261 1571/580/258
f 1586/574/260 1577/573/80 1578/575/243
f 1584/576/262 1575/548/254 1576/577/255
f 1574/578/253 1581/579/263 1573/659/256
f 1571/580/258 1580/581/259 1572/660/257
f 1572/582/257 1586/574/260 1578/575/243
f 1577/584/80 1584/576/262 1576/577/255
f 1600/587/225 1591/586/215 1592/588/220
f 1585/589/264 1592/590/220 1584/599/262
f 1591/594/215 1582/600/265 1583/592/252
f 1589/596/218 1579/595/261 1581/597/263
f 1594/568/221 1585/589/264 1586/598/260
f 1592/590/220 1583/592/252 1584/599/262
f 1582/600/265 1589/596/218 1581/597/263
f 1587/602/207 1580/601/259 1579/595/261
f 1610/604/233 1601/603/228 1602/605/227
f 1598/608/216 1589/619/218 1590/606/217
f 1587/609/207 1596/610/266 1588/661/267
f 1588/612/267 1602/613/227 1594/620/221
f 1593/615/219 1600/587/225 1592/588/220
f 1599/617/15 1590/606/217 1591/618/215
f 1597/607/222 1587/609/207 1589/619/218
f 1602/613/227 1593/615/219 1594/620/221
f 1609/621/235 1616/622/91 1608/647/231
f 1608/625/231 1599/624/15 1600/626/225
f 1606/629/230 1597/638/222 1598/627/216
f 1595/630/224 1604/631/268 1596/662/266
f 1596/633/266 1610/604/233 1602/605/227
f 1601/603/228 1608/625/231 1600/626/225
f 1607/636/234 1598/627/216 1599/637/15
f 1605/628/229 1595/630/224 1597/638/222
f 1615/640/1 1606/639/230 1607/641/234
f 1613/643/17 1603/642/223 1605/644/229
f 1618/645/80 1609/621/235 1610/646/233
f 1616/622/91 1607/641/234 1608/647/231
f 1606/639/230 1613/643/17 1605/644/229
f 1611/650/83 1604/649/268 1603/642/223
f 1604/651/268 1618/645/80 1610/646/233
f 1619/664/9 1622/665/223 1621/666/83
f 1622/665/223 1623/667/17 1621/666/83
f 1624/668/229 1625/669/86 1623/667/17
f 1626/670/230 1627/671/1 1625/669/86
f 1628/672/234 1629/673/91 1627/671/1
f 1630/674/231 1631/675/18 1629/673/91
f 1632/676/235 1642/677/227 1634/678/233
f 1632/679/235 1633/680/80 1631/675/18
f 1634/681/233 1619/682/9 1633/680/80
f 1635/683/269 1650/684/221 1643/685/270
f 1624/686/229 1636/687/224 1637/688/222
f 1630/689/231 1639/690/15 1640/691/225
f 1620/692/271 1642/677/227 1635/693/269
f 1622/694/223 1635/695/269 1636/687/224
f 1624/686/229 1638/696/216 1626/697/230
f 1630/689/231 1641/698/228 1632/676/235
f 1626/697/230 1639/699/15 1628/700/234
f 1641/701/228 1648/702/220 1649/703/219
f 1638/704/216 1647/705/215 1639/706/15
f 1636/707/224 1645/708/218 1637/709/222
f 1642/710/227 1649/703/219 1650/684/221
f 1640/711/225 1647/712/215 1648/702/220
f 1638/704/216 1645/708/218 1646/713/217
f 1636/707/224 1643/714/270 1644/715/207
f 1652/716/272 1653/717/91 1651/718/1
f 1653/717/91 1656/719/146 1655/720/18
f 1655/720/18 1658/721/147 1657/722/80
f 1658/721/147 1659/723/9 1657/722/80
f 1660/724/152 1661/725/83 1659/723/9
f 1662/726/149 1663/727/17 1661/725/83
f 1664/728/148 1674/729/273 1666/730/151
f 1663/727/17 1666/731/151 1665/732/86
f 1666/731/151 1651/733/1 1665/732/86
f 1667/734/274 1682/735/138 1675/736/275
f 1656/737/146 1668/738/141 1669/739/139
f 1660/740/152 1672/741/143 1662/742/149
f 1652/743/272 1674/729/273 1667/744/274
f 1654/745/140 1667/746/274 1668/738/141
f 1658/747/147 1669/739/139 1670/748/133
f 1664/728/148 1672/741/143 1673/749/142
f 1658/747/147 1671/750/11 1660/751/152
f 1672/752/143 1681/753/137 1673/754/142
f 1670/755/133 1679/756/132 1671/757/11
f 1668/758/141 1677/759/135 1669/760/139
f 1674/761/273 1681/753/137 1682/735/138
f 1672/752/143 1679/762/132 1680/763/136
f 1670/755/133 1677/759/135 1678/764/134
f 1668/758/141 1675/765/275 1676/766/125
f 1681/767/137 1644/768/207 1682/769/138
f 1680/770/136 1645/771/218 1681/767/137
f 1679/772/132 1646/773/217 1680/770/136
f 1678/774/134 1647/775/215 1679/772/132
f 1677/776/135 1648/777/220 1678/774/134
f 1676/778/125 1649/779/219 1677/776/135
f 1675/780/275 1650/781/221 1676/778/125
f 1682/769/138 1643/782/270 1675/783/275
f 1683/477/18 1686/478/50 1685/476/91
f 1686/478/50 1687/479/1 1685/476/91
f 1688/480/61 1689/481/86 1687/479/1
f 1690/482/56 1691/483/17 1689/481/86
f 1692/484/58 1693/485/83 1691/483/17
f 1694/486/60 1695/487/9 1693/485/83
f 1696/488/63 1706/489/276 1698/490/59
f 1696/491/63 1697/492/80 1695/487/9
f 1698/493/59 1683/494/18 1697/492/80
f 1699/495/277 1714/496/74 1707/497/278
f 1688/500/61 1700/507/279 1701/499/64
f 1694/501/60 1703/502/57 1704/503/70
f 1684/504/280 1706/489/276 1699/505/277
f 1686/498/50 1699/506/277 1700/507/279
f 1688/500/61 1702/509/71 1690/508/56
f 1694/501/60 1705/510/72 1696/488/63
f 1690/508/56 1703/512/57 1692/511/58
f 1710/515/78 1717/545/281 1718/514/246
f 1704/516/70 1713/517/76 1705/518/72
f 1702/519/71 1711/520/77 1703/521/57
f 1701/524/64 1708/530/65 1709/523/66
f 1705/518/72 1714/496/74 1706/525/276
f 1704/516/70 1711/784/77 1712/527/73
f 1702/519/71 1709/523/66 1710/528/78
f 1700/522/279 1707/529/278 1708/530/65
f 1721/531/244 1730/532/255 1722/533/251
f 1707/534/278 1715/535/241 1708/536/65
f 1714/546/74 1716/539/249 1707/537/278
f 1712/540/73 1721/541/244 1713/542/76
f 1710/515/78 1719/543/248 1711/544/77
f 1708/536/65 1717/545/281 1709/513/66
f 1713/542/76 1722/538/251 1714/546/74
f 1711/544/77 1720/547/245 1712/540/73
f 1726/578/258 1735/550/259 1727/548/257
f 1719/551/248 1728/552/243 1720/553/245
f 1718/554/246 1725/555/282 1726/556/258
f 1715/557/241 1724/558/254 1723/559/253
f 1716/561/249 1730/532/255 1724/560/254
f 1720/553/245 1729/562/80 1721/563/244
f 1718/554/246 1727/564/257 1719/551/248
f 1717/565/281 1723/559/253 1725/566/282
f 1732/567/252 1746/568/283 1740/569/284
f 1725/570/282 1731/571/265 1733/572/285
f 1729/573/80 1738/574/262 1730/575/255
f 1727/548/257 1736/576/260 1728/577/243
f 1726/578/258 1733/579/285 1734/549/261
f 1723/580/253 1732/581/252 1731/571/265
f 1724/582/254 1738/574/262 1732/583/252
f 1729/584/80 1736/576/260 1737/585/264
f 1744/588/286 1751/785/3 1752/587/287
f 1737/589/264 1744/590/286 1745/591/288
f 1734/600/261 1743/594/289 1735/592/259
f 1731/595/265 1741/596/290 1733/597/285
f 1737/589/264 1746/568/283 1738/598/262
f 1735/592/259 1744/590/286 1736/599/260
f 1734/600/261 1741/596/290 1742/593/291
f 1732/601/252 1739/602/292 1731/595/265
f 1753/603/293 1762/604/294 1754/605/295
f 1742/606/291 1749/607/296 1750/608/297
f 1739/609/292 1748/610/298 1747/611/299
f 1740/612/284 1754/613/295 1748/614/298
f 1745/615/288 1752/587/287 1753/616/293
f 1742/606/291 1751/617/3 1743/618/289
f 1739/609/292 1749/607/296 1741/619/290
f 1746/620/283 1753/616/293 1754/613/295
f 1761/621/300 1768/622/91 1769/623/18
f 1751/624/3 1760/625/301 1752/626/287
f 1749/638/296 1758/629/302 1750/627/297
f 1747/630/299 1756/631/303 1755/632/304
f 1748/633/298 1762/604/294 1756/634/303
f 1753/603/293 1760/625/301 1761/635/300
f 1751/637/3 1758/629/302 1759/636/305
f 1747/630/299 1757/628/306 1749/638/296
f 1758/639/302 1767/640/1 1759/641/305
f 1755/642/304 1765/643/17 1757/644/306
f 1761/621/300 1770/645/80 1762/646/294
f 1759/641/305 1768/622/91 1760/647/301
f 1758/639/302 1765/643/17 1766/648/86
f 1755/642/304 1764/786/9 1763/650/83
f 1756/651/303 1770/645/80 1764/652/9
f 1773/476/86 1772/475/307 1771/477/17
f 1775/479/1 1774/478/308 1773/476/86
f 1775/479/1 1778/482/309 1776/480/310
f 1779/483/18 1778/482/309 1777/481/91
f 1779/483/18 1782/486/311 1780/484/312
f 1783/487/9 1782/486/311 1781/485/80
f 1794/489/313 1784/488/314 1786/490/315
f 1783/487/9 1786/493/315 1784/491/314
f 1785/492/83 1772/653/307 1786/493/315
f 1787/495/316 1802/496/317 1794/525/313
f 1776/500/310 1788/507/318 1774/498/308
f 1792/503/319 1780/654/312 1782/501/311
f 1772/504/307 1794/489/313 1786/490/315
f 1774/498/308 1787/506/316 1772/655/307
f 1790/509/320 1776/500/310 1778/508/309
f 1793/510/321 1782/501/311 1784/488/314
f 1791/512/322 1778/508/309 1780/511/312
f 1806/514/195 1797/513/323 1798/515/324
f 1793/518/321 1800/527/325 1792/516/319
f 1791/521/322 1798/528/324 1790/519/320
f 1797/523/323 1788/522/318 1789/524/326
f 1802/496/317 1793/518/321 1794/525/313
f 1800/527/325 1791/526/322 1792/516/319
f 1790/519/320 1797/523/323 1789/524/326
f 1788/522/318 1795/529/327 1787/656/316
f 1818/532/202 1809/531/191 1810/533/198
f 1803/535/190 1795/534/327 1796/536/328
f 1804/539/196 1802/546/317 1795/537/327
f 1809/541/191 1800/540/325 1801/542/329
f 1807/543/194 1798/515/324 1799/544/330
f 1805/545/331 1796/536/328 1797/513/323
f 1810/538/198 1801/542/329 1802/546/317
f 1800/540/325 1807/543/194 1799/544/330
f 1823/550/206 1814/578/204 1815/548/205
f 1816/552/192 1807/551/194 1808/553/193
f 1806/554/195 1813/555/332 1805/657/331
f 1811/559/199 1804/658/196 1803/557/190
f 1812/560/201 1810/533/198 1804/561/196
f 1809/563/191 1816/552/192 1808/553/193
f 1815/564/205 1806/554/195 1807/551/194
f 1805/565/331 1811/559/199 1803/557/190
f 1820/567/200 1834/568/292 1826/598/212
f 1813/570/332 1819/571/213 1811/580/199
f 1826/574/212 1817/573/83 1818/575/202
f 1816/577/192 1823/550/206 1815/548/205
f 1814/578/204 1821/579/333 1813/659/332
f 1811/580/199 1820/581/200 1812/660/201
f 1812/582/201 1826/574/212 1818/575/202
f 1817/584/83 1824/576/211 1816/577/192
f 1840/587/297 1831/586/289 1832/588/291
f 1825/589/214 1832/590/291 1824/599/211
f 1823/592/206 1830/593/286 1822/600/209
f 1829/596/288 1819/595/213 1821/597/333
f 1834/568/292 1825/589/214 1826/598/212
f 1832/590/291 1823/592/206 1824/599/211
f 1822/600/209 1829/596/288 1821/597/333
f 1827/602/283 1820/601/200 1819/595/213
f 1842/605/299 1849/635/306 1841/603/296
f 1838/608/287 1829/619/288 1830/606/286
f 1827/609/283 1836/610/334 1828/661/335
f 1828/612/335 1842/613/299 1834/620/292
f 1833/615/290 1840/587/297 1832/588/291
f 1839/617/3 1830/606/286 1831/618/289
f 1837/607/293 1827/609/283 1829/619/288
f 1842/613/299 1833/615/290 1834/620/292
f 1849/621/306 1856/622/86 1848/647/302
f 1848/625/302 1839/624/3 1840/626/297
f 1838/627/287 1845/628/300 1837/638/293
f 1835/630/295 1844/631/336 1836/662/334
f 1836/633/334 1850/604/304 1842/605/299
f 1841/603/296 1848/625/302 1840/626/297
f 1847/636/305 1838/627/287 1839/637/3
f 1845/628/300 1835/630/295 1837/638/293
f 1847/641/305 1854/648/91 1846/639/301
f 1853/643/18 1843/642/294 1845/644/300
f 1858/645/83 1849/621/306 1850/646/304
f 1856/622/86 1847/641/305 1848/647/302
f 1846/639/301 1853/643/18 1845/644/300
f 1851/650/80 1844/649/336 1843/642/294
f 1844/651/336 1858/645/83 1850/646/304
f 1860/475/337 1861/476/83 1859/477/17
f 1862/478/315 1863/479/9 1861/476/83
f 1864/480/314 1865/481/80 1863/479/9
f 1866/482/311 1867/483/18 1865/481/80
f 1867/483/18 1870/486/309 1869/485/91
f 1869/485/91 1872/491/310 1871/487/1
f 1872/488/310 1882/489/318 1874/490/308
f 1872/491/310 1873/492/86 1871/487/1
f 1873/492/86 1860/653/337 1859/494/17
f 1875/495/338 1890/496/339 1883/497/340
f 1862/498/315 1877/499/321 1864/500/314
f 1870/501/309 1879/502/322 1880/503/320
f 1860/504/337 1882/489/318 1875/505/338
f 1862/498/315 1875/506/338 1876/507/313
f 1866/508/311 1877/499/321 1878/509/319
f 1872/488/310 1880/503/320 1881/510/326
f 1866/508/311 1879/512/322 1868/511/312
f 1885/513/329 1894/514/162 1886/515/325
f 1881/518/326 1888/527/324 1889/517/323
f 1878/519/319 1887/520/330 1879/521/322
f 1876/522/313 1885/523/329 1877/524/321
f 1882/525/318 1889/517/323 1890/496/339
f 1880/516/320 1887/784/330 1888/527/324
f 1878/519/319 1885/523/329 1886/528/325
f 1876/522/313 1883/529/340 1884/530/317
f 1897/531/160 1906/532/172 1898/533/165
f 1884/536/317 1892/663/169 1891/535/164
f 1883/537/340 1898/538/165 1892/539/169
f 1888/540/324 1897/541/160 1889/542/323
f 1886/515/325 1895/543/163 1887/544/330
f 1884/536/317 1893/545/341 1885/513/329
f 1889/542/323 1898/538/165 1890/546/339
f 1887/544/330 1896/547/161 1888/540/324
f 1902/578/173 1911/550/174 1903/548/171
f 1895/551/163 1904/552/159 1896/553/161
f 1894/554/162 1901/555/342 1902/556/173
f 1892/658/169 1899/559/167 1891/557/164
f 1892/561/169 1906/532/172 1900/560/168
f 1896/553/161 1905/562/86 1897/563/160
f 1894/554/162 1903/564/171 1895/551/163
f 1893/565/341 1899/559/167 1901/566/342
f 1908/567/166 1922/568/343 1916/569/344
f 1901/570/342 1907/571/180 1909/572/345
f 1905/573/86 1914/574/177 1906/575/172
f 1903/548/171 1912/576/175 1904/577/159
f 1902/578/173 1909/579/345 1910/549/176
f 1899/580/167 1908/581/166 1907/571/180
f 1900/582/168 1914/574/177 1908/583/166
f 1905/584/86 1912/576/175 1913/585/179
f 1919/586/346 1928/587/347 1920/588/348
f 1913/589/179 1920/590/348 1921/591/349
f 1910/600/176 1919/594/346 1911/592/174
f 1907/595/180 1917/596/350 1909/597/345
f 1913/589/179 1922/568/343 1914/598/177
f 1911/592/174 1920/590/348 1912/599/175
f 1910/600/176 1917/596/350 1918/593/351
f 1908/601/166 1915/602/352 1907/595/180
f 1929/603/353 1938/604/354 1930/605/355
f 1917/619/350 1926/608/356 1918/606/351
f 1915/609/352 1924/610/357 1923/611/358
f 1916/612/344 1930/613/355 1924/614/357
f 1921/615/349 1928/587/347 1929/616/353
f 1918/606/351 1927/617/7 1919/618/346
f 1915/609/352 1925/607/359 1917/619/350
f 1921/615/349 1930/613/355 1922/620/343
f 1937/621/360 1944/622/83 1945/623/17
f 1927/624/7 1936/625/361 1928/626/347
f 1925/638/359 1934/629/362 1926/627/356
f 1923/630/358 1932/631/363 1931/632/364
f 1924/633/357 1938/604/354 1932/634/363
f 1929/603/353 1936/625/361 1937/635/360
f 1926/627/356 1935/636/365 1927/637/7
f 1923/630/358 1933/628/366 1925/638/359
f 1934/639/362 1943/640/9 1935/641/365
f 1931/642/364 1941/643/18 1933/644/366
f 1937/621/360 1946/645/86 1938/646/354
f 1935/641/365 1944/622/83 1936/647/361
f 1934/639/362 1941/643/18 1942/648/80
f 1932/649/363 1939/650/91 1931/642/364
f 1938/646/354 1940/652/1 1932/651/363
f 1949/476/80 1948/475/367 1947/477/18
f 1949/476/80 1952/480/63 1950/478/59
f 1953/481/83 1952/480/63 1951/479/9
f 1953/481/83 1956/484/58 1954/482/60
f 1957/485/86 1956/484/58 1955/483/17
f 1959/487/1 1958/486/56 1957/485/86
f 1970/489/279 1960/488/61 1962/490/50
f 1961/492/91 1960/491/61 1959/487/1
f 1947/494/18 1962/493/50 1961/492/91
f 1963/495/368 1978/496/369 1970/525/279
f 1952/500/63 1964/507/276 1950/498/59
f 1968/503/71 1956/654/58 1958/501/56
f 1948/504/367 1970/489/279 1962/490/50
f 1950/498/59 1963/506/368 1948/655/367
f 1966/509/70 1952/500/63 1954/508/60
f 1960/488/61 1968/503/71 1958/501/56
f 1956/511/58 1966/509/70 1954/508/60
f 1982/514/111 1973/513/76 1974/515/73
f 1969/518/64 1976/527/78 1968/516/71
f 1967/521/57 1974/528/73 1966/519/70
f 1973/523/76 1964/522/276 1965/524/72
f 1970/525/279 1977/517/66 1969/518/64
f 1976/527/78 1967/526/57 1968/516/71
f 1974/528/73 1965/524/72 1966/519/70
f 1964/522/276 1971/529/370 1963/656/368
f 1994/532/119 1985/531/108 1986/533/115
f 1979/535/371 1971/534/370 1972/536/74
f 1980/539/113 1978/546/369 1971/537/370
f 1985/541/108 1976/540/78 1977/542/66
f 1983/543/112 1974/515/73 1975/544/77
f 1981/545/372 1972/536/74 1973/513/76
f 1986/538/115 1977/542/66 1978/546/369
f 1984/547/110 1975/544/77 1976/540/78
f 1999/550/124 1990/578/123 1991/548/122
f 1992/552/109 1983/551/112 1984/553/110
f 1982/554/111 1989/555/373 1981/657/372
f 1979/557/371 1988/558/116 1980/658/113
f 1988/560/116 1986/533/115 1980/561/113
f 1993/562/91 1984/553/110 1985/563/108
f 1991/564/122 1982/554/111 1983/551/112
f 1981/565/372 1987/559/121 1979/557/371
f 1996/567/118 2010/568/352 2002/598/130
f 1989/570/373 1995/571/117 1987/580/121
f 2002/574/130 1993/573/91 1994/575/119
f 2000/576/129 1991/548/122 1992/577/109
f 1990/578/123 1997/579/374 1989/659/373
f 1987/580/121 1996/581/118 1988/660/116
f 1988/582/116 2002/574/130 1994/575/119
f 1993/584/91 2000/576/129 1992/577/109
f 2016/587/356 2007/586/346 2008/588/351
f 2001/589/131 2008/590/351 2000/599/129
f 2007/594/346 1998/600/127 1999/592/124
f 2005/596/349 1995/595/117 1997/597/374
f 2010/568/352 2001/589/131 2002/598/130
f 2008/590/351 1999/592/124 2000/599/129
f 1998/600/127 2005/596/349 1997/597/374
f 2003/602/343 1996/601/118 1995/595/117
f 2018/605/375 2025/635/366 2017/603/359
f 2006/606/348 2013/607/353 2005/619/349
f 2003/609/343 2012/610/376 2004/661/377
f 2004/612/377 2018/613/375 2010/620/352
f 2009/615/350 2016/587/356 2008/588/351
f 2007/618/346 2014/608/347 2006/606/348
f 2013/607/353 2003/609/343 2005/619/349
f 2018/613/375 2009/615/350 2010/620/352
f 2025/621/366 2032/622/80 2024/647/362
f 2024/625/362 2015/624/7 2016/626/356
f 2022/629/361 2013/638/353 2014/627/347
f 2011/630/355 2020/631/378 2012/662/376
f 2012/633/376 2026/604/364 2018/605/375
f 2017/603/359 2024/625/362 2016/626/356
f 2023/636/365 2014/627/347 2015/637/7
f 2021/628/360 2011/630/355 2013/638/353
f 2031/640/9 2022/639/361 2023/641/365
f 2029/643/17 2019/642/354 2021/644/360
f 2034/645/91 2025/621/366 2026/646/364
f 2032/622/80 2023/641/365 2024/647/362
f 2022/639/361 2029/643/17 2021/644/360
f 2019/642/354 2028/786/1 2020/649/378
f 2020/651/378 2034/645/91 2026/646/364
f 2036/787/379 2037/666/86 2035/664/1
f 2037/666/86 2040/668/360 2039/667/17
f 2039/667/17 2042/670/361 2041/669/83
f 2042/670/361 2043/671/9 2041/669/83
f 2044/672/365 2045/673/80 2043/671/9
f 2046/674/362 2047/675/18 2045/673/80
f 2048/676/366 2058/677/358 2050/678/364
f 2048/679/366 2049/680/91 2047/675/18
f 2050/681/364 2035/682/1 2049/680/91
f 2051/683/380 2066/684/352 2059/685/381
f 2040/686/360 2052/687/355 2053/688/353
f 2046/689/362 2055/690/7 2056/691/356
f 2036/692/379 2058/677/358 2051/693/380
f 2038/694/354 2051/695/380 2052/687/355
f 2040/686/360 2054/696/347 2042/697/361
f 2046/689/362 2057/698/359 2048/676/366
f 2042/697/361 2055/699/7 2044/700/365
f 2056/711/356 2065/703/350 2057/701/359
f 2054/704/347 2063/705/346 2055/706/7
f 2052/707/355 2061/708/349 2053/709/353
f 2058/710/358 2065/703/350 2066/684/352
f 2056/711/356 2063/712/346 2064/702/351
f 2054/704/347 2061/708/349 2062/713/348
f 2052/707/355 2059/714/381 2060/715/343
f 2067/718/9 2070/788/294 2069/717/80
f 2070/788/294 2071/720/18 2069/717/80
f 2072/719/300 2073/722/91 2071/720/18
f 2074/721/301 2075/723/1 2073/722/91
f 2076/724/305 2077/725/86 2075/723/1
f 2078/726/302 2079/727/17 2077/725/86
f 2080/728/306 2090/729/382 2082/730/304
f 2080/789/306 2081/732/83 2079/727/17
f 2081/732/83 2068/790/383 2067/733/9
f 2083/734/384 2098/735/292 2091/736/385
f 2072/737/300 2084/738/295 2085/739/293
f 2078/742/302 2087/791/3 2088/741/297
f 2068/743/383 2090/729/382 2083/744/384
f 2070/745/294 2083/746/384 2084/738/295
f 2074/747/301 2085/739/293 2086/748/287
f 2078/742/302 2089/749/296 2080/728/306
f 2074/747/301 2087/750/3 2076/751/305
f 2088/752/297 2097/753/290 2089/754/296
f 2086/755/287 2095/756/289 2087/757/3
f 2084/758/295 2093/759/288 2085/760/293
f 2090/761/382 2097/753/290 2098/735/292
f 2088/752/297 2095/762/289 2096/763/291
f 2086/755/287 2093/759/288 2094/764/286
f 2084/758/295 2091/765/385 2092/766/283
f 2097/767/290 2060/768/343 2098/769/292
f 2097/767/290 2062/773/348 2061/771/349
f 2095/772/289 2062/773/348 2096/770/291
f 2094/774/286 2063/775/346 2095/772/289
f 2094/774/286 2065/779/350 2064/777/351
f 2092/778/283 2065/779/350 2093/776/288
f 2091/780/385 2066/781/352 2092/778/283
f 2098/769/292 2059/782/381 2091/783/385
f 2099/309/9 2102/310/107 2101/311/7
f 2101/311/7 2104/312/386 2103/313/5
f 2103/314/5 2106/315/247 2105/316/3
f 2106/315/247 2107/317/1 2105/316/3
f 2108/318/104 2109/319/15 2107/317/1
f 2110/320/106 2111/321/13 2109/319/15
f 2108/322/104 2118/323/89 2119/324/100
f 2112/325/105 2113/326/11 2111/321/13
f 2113/326/11 2100/327/101 2099/309/9
f 2115/350/95 2124/330/238 2116/328/98
f 2114/333/103 2121/792/96 2122/332/99
f 2104/334/386 2116/335/98 2117/336/387
f 2110/338/106 2119/324/100 2120/337/97
f 2114/333/103 2115/339/95 2100/340/101
f 2100/340/101 2116/335/98 2102/341/107
f 2106/342/247 2117/343/387 2118/323/89
f 2112/345/105 2120/337/97 2121/344/96
f 2129/346/85 2138/347/315 2130/348/84
f 2122/349/99 2123/329/82 2115/350/95
f 2120/361/97 2129/353/85 2121/351/96
f 2118/362/89 2127/356/88 2119/354/100
f 2117/357/387 2124/330/238 2125/358/388
f 2122/349/99 2129/359/85 2130/360/84
f 2120/361/97 2127/356/88 2128/352/87
f 2118/362/89 2125/363/388 2126/355/90
f 2131/364/311 2141/365/322 2133/366/312
f 2127/367/88 2136/368/308 2128/369/87
f 2125/793/388 2134/372/309 2126/370/90
f 2124/373/238 2132/374/314 2131/375/311
f 2130/348/84 2132/374/314 2123/376/82
f 2128/369/87 2137/377/389 2129/346/85
f 2126/370/90 2135/378/310 2127/367/88
f 2124/373/238 2133/379/312 2125/380/388
f 2140/381/321 2154/382/317 2148/383/329
f 2138/384/315 2145/385/390 2146/386/313
f 2135/387/310 2144/388/318 2136/389/308
f 2134/390/309 2141/391/322 2142/392/320
f 2132/395/314 2139/394/319 2131/364/311
f 2132/395/314 2146/386/313 2140/393/321
f 2137/396/389 2144/388/318 2145/397/390
f 2135/387/310 2142/392/320 2143/398/326
f 2150/399/324 2157/400/5 2158/401/3
f 2145/402/390 2152/403/328 2153/404/391
f 2142/405/320 2151/406/323 2143/407/326
f 2139/408/319 2149/409/330 2141/410/322
f 2146/411/313 2153/412/391 2154/382/317
f 2143/407/326 2152/403/328 2144/413/318
f 2142/405/320 2149/794/330 2150/415/324
f 2140/381/321 2147/416/325 2139/408/319
f 2148/417/329 2155/418/7 2147/419/325
f 2154/420/317 2156/421/9 2148/417/329
f 2152/430/328 2161/424/13 2153/422/391
f 2150/399/324 2159/425/1 2151/426/323
f 2147/419/325 2157/427/5 2149/428/330
f 2154/420/317 2161/424/13 2162/429/11
f 2151/426/323 2160/423/15 2152/430/328
f 27/1/1 26/36/2 25/2/2
f 25/2/2 26/36/2 29/4/3
f 29/4/3 31/7/4 30/6/4
f 31/7/4 33/9/5 32/8/5
f 33/9/5 35/11/6 34/10/6
f 35/11/6 37/13/7 36/12/7
f 37/13/7 39/15/8 38/14/8
f 39/15/8 41/50/9 40/16/9
f 40/16/9 41/50/9 43/17/10
f 43/17/10 45/20/11 44/19/11
f 45/20/11 47/57/12 46/21/12
f 46/21/12 47/57/12 49/22/13
f 48/23/13 49/22/13 51/24/14
f 51/24/14 53/27/15 52/26/15
f 53/27/15 55/29/16 54/28/16
f 55/29/16 27/68/1 24/30/1
f 7/31/6 8/44/7 78/32/7
f 3/34/17 1/79/17 24/3/17
f 2/35/18 110/38/18 26/36/18
f 3/34/17 25/2/17 28/5/17
f 110/38/18 109/40/18 29/4/18
f 4/37/17 28/5/17 30/6/17
f 109/40/18 108/42/18 31/7/18
f 5/39/17 30/6/17 32/8/17
f 108/42/18 107/43/18 33/9/18
f 6/41/17 32/8/17 34/10/17
f 107/43/18 106/46/18 35/11/18
f 7/31/17 34/10/17 36/12/17
f 105/45/18 37/13/18 35/11/18
f 9/47/17 8/44/17 36/12/17
f 105/45/18 10/49/18 39/15/18
f 9/47/17 38/14/17 40/16/17
f 10/49/18 12/53/18 41/50/18
f 11/48/17 40/16/17 42/18/17
f 14/52/18 43/17/18 41/50/18
f 13/51/17 42/18/17 44/19/17
f 16/55/18 45/20/18 43/17/18
f 17/56/17 15/54/17 44/19/17
f 16/55/18 18/60/18 47/57/18
f 17/56/17 46/21/17 48/23/17
f 113/59/18 49/22/18 47/57/18
f 19/58/17 48/23/17 50/25/17
f 112/62/18 51/24/18 49/22/18
f 20/61/17 50/25/17 52/26/17
f 22/64/18 53/27/18 51/24/18
f 23/65/17 21/63/17 52/26/17
f 22/64/18 111/67/18 55/29/18
f 23/65/17 54/28/17 24/30/17
f 111/67/18 2/182/18 27/68/18
f 15/54/11 82/74/11 81/69/10
f 21/63/15 86/75/15 85/70/14
f 5/39/4 75/76/4 74/71/3
f 8/44/7 9/47/8 79/72/8
f 15/54/11 17/56/12 83/73/12
f 23/65/16 87/80/16 86/75/15
f 6/41/5 76/81/5 75/76/4
f 9/47/8 11/48/9 80/77/9
f 19/58/13 84/82/13 83/73/12
f 3/34/2 73/83/2 72/78/1
f 1/66/1 72/101/1 87/80/16
f 7/31/6 77/33/6 76/81/5
f 11/48/9 13/51/10 81/69/10
f 20/61/14 85/70/14 84/82/13
f 4/37/3 74/71/3 73/83/2
f 88/84/17 72/78/17 73/83/17
f 90/86/17 89/85/17 73/83/17
f 90/86/17 74/71/17 75/76/17
f 91/87/17 75/76/17 76/81/17
f 92/88/17 76/81/17 77/33/17
f 93/89/17 77/33/17 78/32/17
f 94/90/17 78/32/17 79/72/17
f 95/91/17 79/72/17 80/77/17
f 97/93/17 96/92/17 80/77/17
f 97/93/17 81/69/17 82/74/17
f 99/95/17 98/94/17 82/74/17
f 99/95/17 83/73/17 84/82/17
f 100/96/17 84/82/17 85/70/17
f 101/97/17 85/70/17 86/75/17
f 102/98/17 86/75/17 87/80/17
f 88/100/17 103/99/17 87/80/17
f 56/102/17 88/133/17 89/103/17
f 58/105/17 57/104/17 89/103/17
f 58/105/17 90/106/17 91/107/17
f 60/109/17 59/108/17 91/107/17
f 60/109/17 92/110/17 93/111/17
f 61/112/17 93/111/17 94/113/17
f 62/114/17 94/113/17 95/115/17
f 63/116/17 95/115/17 96/117/17
f 65/119/17 64/118/17 96/117/17
f 65/119/17 97/120/17 98/121/17
f 67/123/17 66/122/17 98/121/17
f 67/123/17 99/124/17 100/125/17
f 68/126/17 100/795/17 101/127/17
f 70/129/17 69/128/17 101/127/17
f 70/129/17 102/130/17 103/131/17
f 56/102/17 71/132/17 103/131/17
f 109/40/3 130/173/3 129/167/4
f 111/67/16 22/64/15 134/168/15
f 16/55/11 138/175/11 137/170/12
f 106/46/6 127/176/6 126/171/7
f 109/40/3 110/38/2 131/172/2
f 22/64/15 112/62/14 135/174/14
f 14/52/10 139/180/10 138/175/11
f 107/43/5 128/181/5 127/176/6
f 110/38/2 2/35/1 132/177/1
f 112/62/14 113/59/13 136/178/13
f 10/49/8 125/184/8 124/179/9
f 12/53/9 124/179/9 139/180/10
f 107/43/5 108/42/4 129/167/4
f 2/182/1 111/67/16 133/169/16
f 18/60/12 137/170/12 136/178/13
f 105/45/7 126/171/7 125/184/8
f 156/185/18 140/201/18 124/179/18
f 155/186/18 156/185/18 125/184/18
f 141/187/18 155/186/18 126/171/18
f 142/188/18 141/187/18 127/176/18
f 142/188/18 128/181/18 129/167/18
f 153/190/18 154/189/18 129/167/18
f 143/191/18 153/190/18 130/173/18
f 143/191/18 131/172/18 132/177/18
f 144/193/18 132/183/18 133/169/18
f 162/194/18 133/169/18 134/168/18
f 161/195/18 134/168/18 135/174/18
f 160/196/18 135/174/18 136/178/18
f 159/197/18 136/178/18 137/170/18
f 158/198/18 137/170/18 138/175/18
f 145/199/18 138/175/18 139/180/18
f 157/200/18 139/180/18 124/179/18
f 118/102/18 144/133/18 162/131/18
f 162/131/18 161/130/18 119/129/18
f 161/130/18 160/127/18 120/128/18
f 160/127/18 159/795/18 121/126/18
f 159/125/18 158/124/18 122/123/18
f 122/123/18 158/124/18 145/121/18
f 145/121/18 157/120/18 123/119/18
f 157/120/18 140/117/18 150/118/18
f 140/117/18 156/115/18 149/116/18
f 149/116/18 156/115/18 155/113/18
f 114/114/18 155/113/18 141/111/18
f 141/111/18 142/110/18 116/109/18
f 116/109/18 142/110/18 154/107/18
f 154/107/18 153/106/18 117/105/18
f 117/105/18 153/106/18 143/103/18
f 143/103/18 144/133/18 118/102/18
f 195/202/1 198/234/1 197/203/2
f 196/204/2 197/203/2 200/205/3
f 199/206/3 200/205/3 202/207/4
f 201/208/4 202/207/4 204/209/5
f 203/211/5 204/248/5 206/212/6
f 206/212/6 208/215/7 207/214/7
f 208/215/7 210/217/8 209/216/8
f 210/217/8 212/219/9 211/218/9
f 212/219/9 214/221/10 213/220/10
f 214/221/10 216/223/11 215/222/11
f 216/223/11 218/225/12 217/224/12
f 218/225/12 220/796/13 219/226/13
f 220/227/13 222/230/14 221/228/14
f 222/230/14 224/271/15 223/231/15
f 223/231/15 224/271/15 226/232/16
f 225/233/16 226/232/16 198/234/1
f 163/235/17 195/202/17 196/204/17
f 166/237/18 197/203/18 198/234/18
f 167/239/17 165/236/17 196/204/17
f 168/240/18 200/205/18 197/203/18
f 167/239/17 199/206/17 201/208/17
f 170/242/18 202/207/18 200/205/18
f 169/241/17 201/208/17 203/210/17
f 172/244/18 204/209/18 202/207/18
f 171/245/17 203/211/17 205/213/17
f 174/247/18 206/212/18 204/248/18
f 173/246/17 205/213/17 207/214/17
f 174/247/18 176/253/18 208/215/18
f 175/250/17 207/214/17 209/216/17
f 178/252/18 210/217/18 208/215/18
f 177/251/17 209/216/17 211/218/17
f 180/255/18 212/219/18 210/217/18
f 179/254/17 211/218/17 213/220/17
f 182/257/18 214/221/18 212/219/18
f 183/258/17 181/256/17 213/220/17
f 184/259/18 216/223/18 214/221/18
f 185/260/17 183/258/17 215/222/17
f 186/261/18 218/225/18 216/223/18
f 185/260/17 217/224/17 219/226/17
f 188/263/18 220/796/18 218/225/18
f 187/264/17 219/229/17 221/228/17
f 190/266/18 222/230/18 220/227/18
f 189/265/17 221/228/17 223/231/17
f 192/269/18 224/271/18 222/230/18
f 191/268/17 223/231/17 225/233/17
f 192/269/18 194/272/18 226/232/18
f 193/270/17 225/233/17 195/202/17
f 164/238/18 198/234/18 226/232/18
s 0
f 228/273/9 230/276/9 229/274/9
f 232/273/19 234/276/19 233/274/19
f 235/275/8 236/273/8 238/276/8
f 240/273/20 242/276/20 241/274/20
f 244/273/7 246/276/7 245/274/7
f 248/273/21 250/276/21 249/274/21
f 251/275/6 252/273/6 254/276/6
f 256/273/4 258/276/4 257/274/4
f 260/273/22 262/276/22 261/274/22
f 264/273/3 266/276/3 265/274/3
f 268/273/23 270/276/23 269/274/23
f 271/275/2 272/273/2 274/276/2
f 276/273/24 278/276/24 277/274/24
f 280/273/1 282/276/1 281/274/1
f 284/273/25 286/276/25 285/274/25
f 288/273/16 290/276/16 289/274/16
f 292/273/26 294/276/26 293/274/26
f 296/273/15 298/276/15 297/274/15
f 299/275/27 300/273/27 302/276/27
f 304/273/14 306/276/14 305/274/14
f 308/273/12 310/276/12 309/274/12
f 312/273/28 314/276/28 313/274/28
f 315/275/11 316/273/11 318/276/11
f 320/273/29 322/276/29 321/274/29
f 324/273/10 326/276/10 325/274/10
f 328/273/30 330/276/30 329/274/30
f 332/273/9 334/276/9 333/274/9
f 336/273/19 338/276/19 337/274/19
f 339/275/8 340/273/8 342/276/8
f 343/275/20 344/273/20 346/276/20
f 348/273/7 350/276/7 349/274/7
f 352/273/21 354/276/21 353/274/21
f 356/273/6 358/276/6 357/274/6
f 359/275/4 360/273/4 362/276/4
f 363/275/22 364/273/22 366/276/22
f 368/273/3 370/276/3 369/274/3
f 372/273/23 374/276/23 373/274/23
f 375/275/2 376/273/2 378/276/2
f 380/273/24 382/276/24 381/274/24
f 384/273/1 386/276/1 385/274/1
f 388/273/25 390/276/25 389/274/25
f 392/273/16 394/276/16 393/274/16
f 396/273/26 398/276/26 397/274/26
f 399/275/15 400/273/15 402/276/15
f 403/275/27 404/273/27 406/276/27
f 408/273/14 410/276/14 409/274/14
f 412/273/12 414/276/12 413/274/12
f 415/275/28 416/273/28 418/276/28
f 419/275/11 420/273/11 422/276/11
f 424/273/29 426/276/29 425/274/29
f 428/273/10 430/276/10 429/274/10
f 432/273/30 434/276/30 433/274/30
f 436/277/17 438/797/17 437/278/17
f 442/280/18 440/283/18 439/281/18
f 440/283/9 436/277/9 435/279/9
f 437/284/5 441/474/5 439/281/5
f 438/285/13 436/277/13 440/283/13
s 1
f 443/287/1 444/305/1 446/288/3
f 445/289/3 446/288/3 448/290/5
f 447/291/5 448/290/5 450/292/7
f 450/292/7 452/295/9 451/294/9
f 452/295/9 454/297/11 453/296/11
f 454/297/11 456/798/13 455/298/13
f 448/301/18 446/799/18 444/800/18
f 444/800/18 458/801/18 456/299/18
f 456/299/18 454/802/18 452/300/18
f 452/300/18 450/803/18 448/301/18
f 448/301/18 444/800/18 456/299/18
f 456/302/13 458/804/15 457/303/15
f 457/303/15 458/804/15 444/305/1
f 457/308/17 443/805/17 445/806/17
f 445/806/17 447/807/17 449/306/17
f 449/306/17 451/808/17 453/307/17
f 453/307/17 455/809/17 457/308/17
f 457/308/17 445/806/17 449/306/17
f 459/309/1 460/327/39 462/310/31
f 461/311/3 462/310/31 464/312/32
f 463/314/5 464/810/32 466/315/33
f 466/315/33 468/318/34 467/317/9
f 468/318/34 470/320/35 469/319/11
f 470/320/35 472/325/38 471/321/13
f 468/322/34 466/342/33 478/323/36
f 472/325/38 474/811/44 473/326/15
f 473/326/15 474/811/44 460/327/39
f 476/328/40 475/350/47 483/329/41
f 472/331/38 481/792/48 482/332/43
f 464/334/32 462/341/31 476/335/40
f 468/322/34 479/324/37 480/337/46
f 474/333/44 482/332/43 475/339/47
f 460/340/39 475/339/47 476/335/40
f 466/342/33 464/812/32 477/343/45
f 470/338/35 480/337/46 481/344/48
f 489/346/49 497/377/62 498/347/50
f 482/349/43 490/360/51 483/329/41
f 481/351/48 480/361/46 488/352/52
f 479/354/37 478/362/36 486/355/53
f 477/357/45 476/328/40 484/330/42
f 482/349/43 481/813/48 489/359/49
f 480/361/46 479/354/37 487/356/54
f 478/362/36 477/814/45 485/363/55
f 491/364/56 499/394/71 501/365/57
f 487/367/54 495/378/63 496/368/59
f 486/370/53 485/793/55 493/371/58
f 484/373/42 483/376/41 492/374/61
f 490/348/51 498/347/50 492/374/61
f 488/369/52 496/368/59 497/377/62
f 486/370/53 494/372/60 495/378/63
f 484/373/42 491/375/56 493/379/58
f 500/381/64 506/411/68 514/382/65
f 498/384/50 497/815/62 505/385/67
f 495/387/63 503/398/72 504/388/69
f 494/390/60 493/816/58 501/391/57
f 491/364/56 492/395/61 500/393/64
f 492/395/61 498/384/50 506/386/68
f 497/396/62 496/389/59 504/388/69
f 494/390/60 502/392/70 503/398/72
f 510/399/73 509/817/77 517/400/5
f 505/402/67 504/413/69 512/403/74
f 502/405/70 510/415/73 511/406/76
f 499/408/71 507/416/78 509/409/77
f 506/411/68 505/818/67 513/412/75
f 503/407/72 511/406/76 512/403/74
f 501/414/57 509/794/77 510/415/73
f 499/408/71 500/381/64 508/383/66
f 508/417/66 516/421/1 515/418/3
f 514/420/65 522/429/15 516/421/1
f 513/422/75 512/430/74 520/423/11
f 510/399/73 518/401/7 519/425/9
f 507/419/78 515/418/3 517/427/5
f 514/420/65 513/422/75 521/424/13
f 511/426/76 519/425/9 520/423/11
s 0
f 524/431/17 526/434/17 525/432/17
f 526/434/1 530/819/1 529/435/1
f 530/431/18 528/434/18 527/432/18
f 528/434/9 524/819/9 523/435/9
f 534/436/1 538/439/1 537/437/1
f 536/437/9 532/438/9 531/436/9
f 537/440/5 535/439/5 531/436/5
f 534/436/13 532/441/13 536/440/13
s 1
f 558/438/5 557/444/5 555/442/5
f 562/443/17 558/438/17 556/444/17
f 562/442/1 561/443/1 557/438/1
f 559/443/18 555/438/18 557/444/18
f 562/443/13 560/438/13 559/444/13
f 551/442/9 552/443/9 548/438/9
f 566/438/5 565/444/5 563/442/5
f 570/443/17 566/438/17 564/444/17
f 570/442/1 569/443/1 565/438/1
f 567/443/18 563/438/18 565/444/18
f 570/443/13 568/438/13 567/444/13
f 559/442/9 560/443/9 556/438/9
f 574/438/5 573/444/5 571/442/5
f 578/443/17 574/438/17 572/444/17
f 578/442/1 577/443/1 573/438/1
f 575/443/18 571/438/18 573/444/18
f 578/443/13 576/438/13 575/444/13
f 567/442/9 568/443/9 564/438/9
f 582/438/5 581/444/5 579/442/5
f 586/443/17 582/438/17 580/444/17
f 586/442/1 585/443/1 581/438/1
f 583/443/18 579/438/18 581/444/18
f 586/443/13 584/438/13 583/444/13
f 575/442/9 576/443/9 572/438/9
f 590/438/5 589/444/5 587/442/5
f 594/443/17 590/438/17 588/444/17
f 594/442/1 593/443/1 589/438/1
f 591/443/18 587/438/18 589/444/18
f 594/443/13 592/438/13 591/444/13
f 584/443/9 580/438/9 579/444/9
f 598/438/5 597/444/5 595/442/5
f 602/443/17 598/438/17 596/444/17
f 602/442/1 601/443/1 597/438/1
f 599/443/18 595/438/18 597/444/18
f 602/443/13 600/438/13 599/444/13
f 592/443/9 588/438/9 587/444/9
f 606/438/5 605/444/5 603/442/5
f 610/443/17 606/438/17 604/444/17
f 610/442/1 609/443/1 605/438/1
f 607/443/18 603/438/18 605/444/18
f 610/443/13 608/438/13 607/444/13
f 600/443/9 596/438/9 595/444/9
f 638/445/5 637/451/5 635/446/5
f 642/445/18 641/451/18 637/446/18
f 614/447/1 615/449/1 616/442/1
f 612/448/13 611/447/13 614/449/13
f 615/447/5 618/449/5 617/442/5
f 608/443/9 604/438/9 603/444/9
f 554/443/13 552/438/13 551/444/13
f 551/443/18 547/438/18 549/444/18
f 554/442/1 553/443/1 549/438/1
f 540/442/9 545/448/9 546/447/9
f 623/447/5 626/449/5 625/442/5
f 620/448/13 619/447/13 622/449/13
f 622/447/1 623/449/1 624/442/1
f 612/442/9 617/448/9 618/447/9
f 631/447/5 634/449/5 633/442/5
f 628/448/13 627/447/13 630/449/13
f 630/447/1 631/449/1 632/442/1
f 620/442/9 625/448/9 626/447/9
f 705/450/17 706/441/17 704/432/17
f 639/446/17 640/433/17 636/445/17
f 703/434/5 704/432/5 700/433/5
f 628/442/9 633/448/9 634/447/9
f 646/445/5 645/451/5 643/446/5
f 650/445/18 649/451/18 645/446/18
f 647/446/17 648/433/17 644/445/17
f 649/446/13 650/433/13 648/445/13
f 654/445/5 653/451/5 651/446/5
f 658/445/18 657/451/18 653/446/18
f 655/446/17 656/433/17 652/445/17
f 657/446/13 658/433/13 656/445/13
f 662/445/5 661/451/5 659/446/5
f 666/445/18 665/451/18 661/446/18
f 663/446/17 664/433/17 660/445/17
f 665/446/13 666/433/13 664/445/13
f 670/445/1 669/451/1 667/446/1
f 674/445/18 673/451/18 669/446/18
f 671/446/17 672/433/17 668/445/17
f 671/451/9 673/446/9 674/433/9
f 678/445/1 677/451/1 675/446/1
f 682/445/18 681/451/18 677/446/18
f 679/446/17 680/433/17 676/445/17
f 679/451/9 681/446/9 682/433/9
f 686/445/1 685/451/1 683/446/1
f 690/445/18 689/451/18 685/446/18
f 687/446/17 688/433/17 684/445/17
f 687/451/9 689/446/9 690/433/9
f 694/445/1 693/451/1 691/446/1
f 698/445/18 697/451/18 693/446/18
f 695/446/17 696/433/17 692/445/17
f 695/451/9 697/446/9 698/433/9
f 542/447/1 543/449/1 544/442/1
f 641/446/13 642/433/13 640/445/13
f 550/438/5 549/444/5 547/442/5
f 702/432/13 706/433/13 705/431/13
f 710/432/18 709/434/18 707/450/18
f 710/432/13 714/433/13 713/431/13
f 711/434/5 712/432/5 708/433/5
f 713/450/17 714/441/17 712/432/17
f 718/432/18 717/434/18 715/450/18
f 718/432/13 722/433/13 721/431/13
f 719/434/5 720/432/5 716/433/5
f 721/450/17 722/441/17 720/432/17
f 726/432/18 725/434/18 723/450/18
f 726/432/13 730/433/13 729/431/13
f 727/434/5 728/432/5 724/433/5
f 729/450/17 730/441/17 728/432/17
f 734/432/18 733/434/18 731/450/18
f 738/433/9 737/431/9 733/434/9
f 731/431/1 735/434/1 736/432/1
f 737/450/17 738/441/17 736/432/17
f 742/432/18 741/434/18 739/450/18
f 746/433/9 745/431/9 741/434/9
f 743/434/1 744/432/1 740/433/1
f 745/450/17 746/441/17 744/432/17
f 750/432/18 749/434/18 747/450/18
f 754/433/9 753/431/9 749/434/9
f 747/431/1 751/434/1 752/432/1
f 753/450/17 754/441/17 752/432/17
f 758/432/18 757/434/18 755/450/18
f 762/433/9 761/431/9 757/434/9
f 759/434/1 760/432/1 756/433/1
f 761/450/17 762/441/17 760/432/17
f 554/443/17 550/438/17 548/444/17
f 543/447/5 546/449/5 545/442/5
f 702/432/18 701/434/18 699/450/18
f 540/448/13 539/447/13 542/449/13
s 0
f 766/436/1 770/439/1 769/437/1
f 768/437/9 764/438/9 763/436/9
f 769/440/5 767/439/5 763/436/5
f 766/436/13 764/441/13 768/440/13
s 1
f 772/452/18 774/820/18 773/453/18
f 778/455/17 776/461/17 775/456/17
f 775/456/1 776/461/1 772/452/1
f 777/458/5 775/456/5 771/454/5
f 774/460/13 772/452/13 776/461/13
f 780/463/18 782/821/18 781/464/18
f 786/466/17 784/469/17 783/467/17
f 784/469/1 780/463/1 779/465/1
f 785/470/5 783/467/5 779/465/5
f 782/472/13 780/463/13 784/469/13
f 788/452/18 790/820/18 789/453/18
f 794/455/17 792/461/17 791/456/17
f 792/461/1 788/452/1 787/454/1
f 793/458/5 791/456/5 787/454/5
f 790/460/13 788/452/13 792/461/13
f 796/463/18 798/821/18 797/464/18
f 802/466/17 800/469/17 799/467/17
f 800/469/1 796/463/1 795/465/1
f 801/470/5 799/467/5 795/465/5
f 798/472/13 796/463/13 800/469/13
f 804/452/17 806/820/17 805/453/17
f 810/455/18 808/461/18 807/456/18
f 808/461/9 804/452/9 803/454/9
f 809/458/5 807/456/5 803/454/5
f 806/460/13 804/452/13 808/461/13
f 812/463/17 814/821/17 813/464/17
f 818/466/18 816/469/18 815/467/18
f 816/469/9 812/463/9 811/465/9
f 817/470/5 815/467/5 811/465/5
f 818/473/13 814/472/13 812/463/13
f 820/452/17 822/820/17 821/453/17
f 826/455/18 824/461/18 823/456/18
f 824/461/9 820/452/9 819/454/9
f 821/459/5 825/458/5 823/456/5
f 822/460/13 820/452/13 824/461/13
f 828/463/17 830/821/17 829/464/17
f 834/466/18 832/469/18 831/467/18
f 832/469/9 828/463/9 827/465/9
f 833/470/5 831/467/5 827/465/5
f 830/472/13 828/463/13 832/469/13
s 0
f 836/277/18 838/797/18 837/278/18
f 842/280/17 840/283/17 839/281/17
f 840/283/1 836/277/1 835/279/1
f 841/474/5 839/281/5 835/279/5
f 838/285/13 836/277/13 840/283/13
f 845/432/18 846/434/18 844/431/18
f 849/435/1 850/819/1 846/434/1
f 847/432/17 848/434/17 850/431/17
f 843/435/9 844/819/9 848/434/9
s 1
f 883/202/1 886/234/1 885/203/2
f 884/204/2 885/203/2 888/205/3
f 887/206/3 888/205/3 890/207/4
f 889/208/4 890/207/4 892/209/5
f 891/211/5 892/248/5 894/212/6
f 894/212/6 896/215/7 895/214/7
f 896/215/7 898/217/8 897/216/8
f 898/217/8 900/219/9 899/218/9
f 900/219/9 902/221/10 901/220/10
f 902/221/10 904/223/11 903/222/11
f 904/223/11 906/225/12 905/224/12
f 906/225/12 908/796/13 907/226/13
f 908/227/13 910/230/14 909/228/14
f 910/230/14 912/271/15 911/231/15
f 911/231/15 912/271/15 914/232/16
f 913/233/16 914/232/16 886/234/1
f 851/235/17 883/202/17 884/204/17
f 854/237/18 885/203/18 886/234/18
f 853/236/17 884/204/17 887/206/17
f 856/240/18 888/205/18 885/203/18
f 855/239/17 887/206/17 889/208/17
f 858/242/18 890/207/18 888/205/18
f 857/241/17 889/208/17 891/210/17
f 860/244/18 892/209/18 890/207/18
f 859/245/17 891/211/17 893/213/17
f 862/247/18 894/212/18 892/248/18
f 861/246/17 893/213/17 895/214/17
f 862/247/18 864/253/18 896/215/18
f 863/250/17 895/214/17 897/216/17
f 866/252/18 898/217/18 896/215/18
f 867/254/17 865/251/17 897/216/17
f 868/255/18 900/219/18 898/217/18
f 867/254/17 899/218/17 901/220/17
f 870/257/18 902/221/18 900/219/18
f 869/256/17 901/220/17 903/222/17
f 870/257/18 872/259/18 904/223/18
f 873/260/17 871/258/17 903/222/17
f 874/261/18 906/225/18 904/223/18
f 873/260/17 905/224/17 907/226/17
f 876/263/18 908/796/18 906/225/18
f 875/264/17 907/229/17 909/228/17
f 878/266/18 910/230/18 908/227/18
f 877/265/17 909/228/17 911/231/17
f 880/269/18 912/271/18 910/230/18
f 881/270/17 879/268/17 911/231/17
f 882/272/18 914/232/18 912/271/18
f 881/270/17 913/233/17 883/202/17
f 852/238/18 886/234/18 914/232/18
f 947/202/1 950/234/1 949/203/2
f 948/204/2 949/203/2 952/205/3
f 951/206/3 952/205/3 954/207/4
f 953/208/4 954/207/4 956/209/5
f 955/211/5 956/248/5 958/212/6
f 957/213/6 958/212/6 960/215/7
f 960/215/7 962/217/8 961/216/8
f 962/217/8 964/219/9 963/218/9
f 964/219/9 966/221/10 965/220/10
f 966/221/10 968/223/11 967/222/11
f 968/223/11 970/225/12 969/224/12
f 970/225/12 972/796/13 971/226/13
f 972/227/13 974/230/14 973/228/14
f 974/230/14 976/271/15 975/231/15
f 975/231/15 976/271/15 978/232/16
f 977/233/16 978/232/16 950/234/1
f 915/235/17 947/202/17 948/204/17
f 918/237/18 949/203/18 950/234/18
f 917/236/17 948/204/17 951/206/17
f 920/240/18 952/205/18 949/203/18
f 919/239/17 951/206/17 953/208/17
f 922/242/18 954/207/18 952/205/18
f 921/241/17 953/208/17 955/210/17
f 924/244/18 956/209/18 954/207/18
f 923/245/17 955/211/17 957/213/17
f 926/247/18 958/212/18 956/248/18
f 925/246/17 957/213/17 959/214/17
f 926/247/18 928/253/18 960/215/18
f 927/250/17 959/214/17 961/216/17
f 930/252/18 962/217/18 960/215/18
f 929/251/17 961/216/17 963/218/17
f 932/255/18 964/219/18 962/217/18
f 931/254/17 963/218/17 965/220/17
f 934/257/18 966/221/18 964/219/18
f 933/256/17 965/220/17 967/222/17
f 934/257/18 936/259/18 968/223/18
f 935/258/17 967/222/17 969/224/17
f 938/261/18 970/225/18 968/223/18
f 937/260/17 969/224/17 971/226/17
f 940/263/18 972/796/18 970/225/18
f 939/264/17 971/229/17 973/228/17
f 942/266/18 974/230/18 972/227/18
f 941/265/17 973/228/17 975/231/17
f 944/269/18 976/271/18 974/230/18
f 945/270/17 943/268/17 975/231/17
f 946/272/18 978/232/18 976/271/18
f 945/270/17 977/233/17 947/202/17
f 916/238/18 950/234/18 978/232/18
f 1011/202/1 1014/234/1 1013/203/2
f 1012/204/2 1013/203/2 1016/205/3
f 1015/206/3 1016/205/3 1018/207/4
f 1017/208/4 1018/207/4 1020/209/5
f 1019/211/5 1020/248/5 1022/212/6
f 1022/212/6 1024/215/7 1023/214/7
f 1024/215/7 1026/217/8 1025/216/8
f 1026/217/8 1028/219/9 1027/218/9
f 1028/219/9 1030/221/10 1029/220/10
f 1030/221/10 1032/223/11 1031/222/11
f 1032/223/11 1034/225/12 1033/224/12
f 1034/225/12 1036/796/13 1035/226/13
f 1036/227/13 1038/230/14 1037/228/14
f 1038/230/14 1040/271/15 1039/231/15
f 1039/231/15 1040/271/15 1042/232/16
f 1041/233/16 1042/232/16 1014/234/1
f 979/235/17 1011/202/17 1012/204/17
f 982/237/18 1013/203/18 1014/234/18
f 983/239/17 981/236/17 1012/204/17
f 984/240/18 1016/205/18 1013/203/18
f 983/239/17 1015/206/17 1017/208/17
f 984/240/18 986/242/18 1018/207/18
f 985/241/17 1017/208/17 1019/210/17
f 988/244/18 1020/209/18 1018/207/18
f 987/245/17 1019/211/17 1021/213/17
f 990/247/18 1022/212/18 1020/248/18
f 991/250/17 989/246/17 1021/213/17
f 990/247/18 992/253/18 1024/215/18
f 991/250/17 1023/214/17 1025/216/17
f 992/253/18 994/252/18 1026/217/18
f 995/254/17 993/251/17 1025/216/17
f 996/255/18 1028/219/18 1026/217/18
f 995/254/17 1027/218/17 1029/220/17
f 998/257/18 1030/221/18 1028/219/18
f 999/258/17 997/256/17 1029/220/17
f 1000/259/18 1032/223/18 1030/221/18
f 999/258/17 1031/222/17 1033/224/17
f 1002/261/18 1034/225/18 1032/223/18
f 1001/260/17 1033/224/17 1035/226/17
f 1004/263/18 1036/796/18 1034/225/18
f 1003/264/17 1035/229/17 1037/228/17
f 1006/266/18 1038/230/18 1036/227/18
f 1007/268/17 1005/265/17 1037/228/17
f 1008/269/18 1040/271/18 1038/230/18
f 1007/268/17 1039/231/17 1041/233/17
f 1008/269/18 1010/272/18 1042/232/18
f 1009/270/17 1041/233/17 1011/202/17
f 980/238/18 1014/234/18 1042/232/18
s 0
f 1045/274/1 1046/276/1 1044/273/1
f 1049/274/25 1050/276/25 1048/273/25
f 1051/275/16 1053/274/16 1054/276/16
f 1057/274/26 1058/276/26 1056/273/26
f 1061/274/15 1062/276/15 1060/273/15
f 1065/274/27 1066/276/27 1064/273/27
f 1067/275/14 1069/274/14 1070/276/14
f 1073/274/12 1074/276/12 1072/273/12
f 1077/274/28 1078/276/28 1076/273/28
f 1081/274/11 1082/276/11 1080/273/11
f 1085/274/29 1086/276/29 1084/273/29
f 1087/275/10 1089/274/10 1090/276/10
f 1093/274/30 1094/276/30 1092/273/30
f 1097/274/9 1098/276/9 1096/273/9
f 1101/274/19 1102/276/19 1100/273/19
f 1105/274/8 1106/276/8 1104/273/8
f 1109/274/20 1110/276/20 1108/273/20
f 1113/274/7 1114/276/7 1112/273/7
f 1115/275/21 1117/274/21 1118/276/21
f 1121/274/6 1122/276/6 1120/273/6
f 1125/274/4 1126/276/4 1124/273/4
f 1129/274/22 1130/276/22 1128/273/22
f 1131/275/3 1133/274/3 1134/276/3
f 1137/274/23 1138/276/23 1136/273/23
f 1141/274/2 1142/276/2 1140/273/2
f 1145/274/24 1146/276/24 1144/273/24
f 1149/274/1 1150/276/1 1148/273/1
f 1153/274/25 1154/276/25 1152/273/25
f 1155/275/16 1157/274/16 1158/276/16
f 1159/275/26 1161/274/26 1162/276/26
f 1165/274/15 1166/276/15 1164/273/15
f 1169/274/27 1170/276/27 1168/273/27
f 1173/274/14 1174/276/14 1172/273/14
f 1175/275/12 1177/274/12 1178/276/12
f 1179/275/28 1181/274/28 1182/276/28
f 1185/274/11 1186/276/11 1184/273/11
f 1189/274/29 1190/276/29 1188/273/29
f 1191/275/10 1193/274/10 1194/276/10
f 1197/274/30 1198/276/30 1196/273/30
f 1201/274/9 1202/276/9 1200/273/9
f 1205/274/19 1206/276/19 1204/273/19
f 1209/274/8 1210/276/8 1208/273/8
f 1213/274/20 1214/276/20 1212/273/20
f 1215/275/7 1217/274/7 1218/276/7
f 1219/275/21 1221/274/21 1222/276/21
f 1225/274/6 1226/276/6 1224/273/6
f 1229/274/4 1230/276/4 1228/273/4
f 1231/275/22 1233/274/22 1234/276/22
f 1235/275/3 1237/274/3 1238/276/3
f 1241/274/23 1242/276/23 1240/273/23
f 1245/274/2 1246/276/2 1244/273/2
f 1249/274/24 1250/276/24 1248/273/24
s 1
f 1251/287/9 1252/305/9 1254/288/7
f 1253/289/7 1254/288/7 1256/290/5
f 1255/291/5 1256/290/5 1258/292/3
f 1258/292/3 1260/295/1 1259/294/1
f 1260/295/1 1262/297/15 1261/296/15
f 1262/297/15 1264/798/13 1263/298/13
f 1256/301/17 1254/799/17 1252/800/17
f 1252/800/17 1266/801/17 1264/299/17
f 1264/299/17 1262/802/17 1260/300/17
f 1260/300/17 1258/803/17 1256/301/17
f 1256/301/17 1252/800/17 1264/299/17
f 1264/302/13 1266/804/11 1265/303/11
f 1265/303/11 1266/804/11 1252/305/9
f 1265/308/18 1251/805/18 1253/806/18
f 1253/806/18 1255/807/18 1257/306/18
f 1257/306/18 1259/808/18 1261/307/18
f 1261/307/18 1263/809/18 1265/308/18
f 1265/308/18 1253/806/18 1257/306/18
f 1268/475/79 1270/478/81 1269/476/80
f 1270/478/81 1272/480/82 1271/479/9
f 1272/480/82 1274/482/84 1273/481/83
f 1274/482/84 1276/484/85 1275/483/17
f 1276/484/85 1278/486/87 1277/485/86
f 1278/486/87 1280/491/88 1279/487/1
f 1280/488/88 1289/510/100 1290/489/89
f 1280/491/88 1282/493/90 1281/492/91
f 1282/493/90 1268/653/79 1267/494/18
f 1283/495/92 1290/525/89 1298/496/93
f 1270/498/81 1284/507/98 1285/499/95
f 1278/501/87 1276/654/85 1287/502/96
f 1268/504/79 1282/490/90 1290/489/89
f 1270/498/81 1268/655/79 1283/506/92
f 1274/508/84 1272/500/82 1285/499/95
f 1278/501/87 1288/503/97 1289/510/100
f 1276/511/85 1274/508/84 1286/509/99
f 1293/513/101 1301/545/114 1302/514/102
f 1288/516/97 1296/527/106 1297/517/104
f 1286/519/99 1294/528/103 1295/520/105
f 1284/522/98 1292/530/107 1293/523/101
f 1289/518/100 1297/517/104 1298/496/93
f 1287/526/96 1295/784/105 1296/527/106
f 1286/519/99 1285/524/95 1293/523/101
f 1284/522/98 1283/656/92 1291/529/94
f 1305/531/108 1313/822/91 1314/532/109
f 1291/534/94 1300/663/112 1299/535/111
f 1291/537/94 1298/546/93 1306/538/110
f 1296/540/106 1304/547/115 1305/541/108
f 1294/515/103 1302/514/102 1303/543/113
f 1292/536/107 1299/535/111 1301/545/114
f 1297/542/104 1305/541/108 1306/538/110
f 1296/540/106 1295/544/105 1303/543/113
f 1311/548/116 1310/578/121 1318/549/117
f 1303/551/113 1311/564/116 1312/552/119
f 1302/554/102 1301/657/114 1309/555/120
f 1299/557/111 1300/658/112 1308/558/122
f 1306/533/110 1314/532/109 1308/560/122
f 1304/553/115 1312/552/119 1313/562/91
f 1303/551/113 1302/554/102 1310/556/121
f 1301/565/114 1299/557/111 1307/559/123
f 1316/567/124 1322/598/129 1330/568/125
f 1309/570/120 1307/580/123 1315/571/127
f 1313/573/91 1321/823/131 1322/574/129
f 1311/548/116 1319/550/118 1320/576/130
f 1310/578/121 1309/659/120 1317/579/128
f 1307/580/123 1308/660/122 1316/581/124
f 1308/582/122 1314/575/109 1322/574/129
f 1313/584/91 1312/577/119 1320/576/130
f 1327/586/132 1335/785/11 1336/587/133
f 1321/589/131 1320/599/130 1328/590/134
f 1319/592/118 1318/600/117 1326/593/136
f 1315/595/127 1323/602/138 1325/596/137
f 1321/589/131 1329/591/135 1330/568/125
f 1319/592/118 1327/594/132 1328/590/134
f 1318/600/117 1317/597/128 1325/596/137
f 1316/601/124 1324/824/126 1323/602/138
f 1337/603/139 1345/635/146 1346/604/140
f 1326/606/136 1325/619/137 1333/607/142
f 1323/609/138 1324/661/126 1332/610/144
f 1324/612/126 1330/620/125 1338/613/141
f 1329/615/135 1328/588/134 1336/587/133
f 1326/606/136 1334/608/143 1335/617/11
f 1323/609/138 1331/611/145 1333/607/142
f 1330/620/125 1329/615/135 1337/616/139
f 1345/621/146 1344/647/147 1352/622/80
f 1335/624/11 1343/825/152 1344/625/147
f 1334/627/143 1333/638/142 1341/628/148
f 1331/630/145 1332/662/144 1340/631/150
f 1332/633/144 1338/605/141 1346/604/140
f 1337/603/139 1336/626/133 1344/625/147
f 1334/627/143 1342/629/149 1343/636/152
f 1331/630/145 1339/632/151 1341/628/148
f 1342/639/149 1350/648/83 1351/640/9
f 1339/642/151 1347/650/86 1349/643/17
f 1345/621/146 1353/623/18 1354/645/91
f 1343/641/152 1351/640/9 1352/622/80
f 1342/639/149 1341/644/148 1349/643/17
f 1340/649/150 1348/786/1 1347/650/86
f 1340/651/150 1346/646/140 1354/645/91
f 1357/476/83 1358/478/154 1356/475/153
f 1359/479/9 1360/480/54 1358/478/154
f 1359/479/9 1361/481/80 1362/482/52
f 1361/481/80 1363/483/18 1364/484/49
f 1363/483/18 1365/485/91 1366/486/51
f 1367/487/1 1368/491/41 1366/486/51
f 1378/489/40 1377/510/47 1368/488/41
f 1369/492/86 1370/493/42 1368/491/41
f 1369/492/86 1355/494/17 1356/653/153
f 1371/495/155 1379/497/158 1386/496/156
f 1360/500/54 1373/499/37 1372/507/36
f 1366/501/51 1376/503/43 1375/502/48
f 1356/504/153 1371/505/155 1378/489/40
f 1358/498/154 1372/507/36 1371/506/155
f 1374/509/46 1373/499/37 1360/500/54
f 1368/488/41 1377/510/47 1376/503/43
f 1375/512/48 1374/509/46 1362/508/52
f 1382/515/35 1390/514/164 1389/545/157
f 1377/518/47 1385/517/39 1384/527/44
f 1375/521/48 1383/520/38 1382/528/35
f 1373/524/37 1381/523/34 1380/530/33
f 1386/496/156 1385/517/39 1377/518/47
f 1384/527/44 1383/784/38 1375/526/48
f 1382/528/35 1381/523/34 1373/524/37
f 1372/522/36 1380/530/33 1379/529/158
f 1402/532/159 1401/822/86 1393/531/160
f 1387/535/162 1388/663/163 1379/534/158
f 1388/539/163 1394/538/161 1386/546/156
f 1393/541/160 1392/547/165 1384/540/44
f 1383/544/38 1391/543/169 1390/514/164
f 1381/513/34 1389/545/157 1387/535/162
f 1394/538/161 1393/541/160 1385/542/39
f 1392/547/165 1391/543/169 1383/544/38
f 1407/550/166 1406/549/180 1398/578/167
f 1392/553/165 1400/552/172 1399/564/168
f 1390/554/164 1398/556/167 1397/555/170
f 1387/557/162 1395/559/173 1396/558/171
f 1388/561/163 1396/560/171 1402/532/159
f 1393/563/160 1401/562/86 1400/552/172
f 1391/551/169 1399/564/168 1398/556/167
f 1389/565/157 1397/566/170 1395/559/173
f 1404/567/174 1412/569/182 1418/568/138
f 1397/570/170 1405/572/178 1403/571/176
f 1410/574/175 1409/823/179 1401/573/86
f 1408/576/177 1407/550/166 1399/548/168
f 1398/578/167 1406/549/180 1405/579/178
f 1395/580/173 1403/571/176 1404/581/174
f 1396/582/171 1404/583/174 1410/574/175
f 1409/585/179 1408/576/177 1400/577/172
f 1424/587/143 1423/785/11 1415/586/132
f 1409/589/179 1417/591/137 1416/590/136
f 1415/594/132 1414/593/134 1406/600/180
f 1413/596/135 1411/602/125 1403/595/176
f 1418/568/138 1417/591/137 1409/589/179
f 1416/590/136 1415/594/132 1407/592/166
f 1406/600/180 1414/593/134 1413/596/135
f 1411/602/125 1412/824/182 1404/601/174
f 1426/605/145 1434/604/151 1433/635/148
f 1422/608/133 1421/607/139 1413/619/135
f 1411/609/125 1419/611/141 1420/610/181
f 1412/612/182 1420/614/181 1426/613/145
f 1417/615/137 1425/616/142 1424/587/143
f 1423/617/11 1422/608/133 1414/606/134
f 1421/607/139 1419/611/141 1411/609/125
f 1418/620/138 1426/613/145 1425/616/142
f 1433/621/148 1441/623/17 1440/622/83
f 1432/625/149 1431/825/152 1423/624/11
f 1430/629/147 1429/628/146 1421/638/139
f 1419/630/141 1427/632/140 1428/631/183
f 1420/633/181 1428/634/183 1434/604/151
f 1425/603/142 1433/635/148 1432/625/149
f 1431/636/152 1430/629/147 1422/627/133
f 1429/628/146 1427/632/140 1419/630/141
f 1439/640/9 1438/648/80 1430/639/147
f 1437/643/18 1435/650/91 1427/642/140
f 1442/645/86 1441/623/17 1433/621/148
f 1440/622/83 1439/640/9 1431/641/152
f 1430/639/147 1438/648/80 1437/643/18
f 1435/650/91 1436/786/1 1428/649/183
f 1428/651/183 1436/652/1 1442/645/86
f 1443/477/17 1444/475/189 1446/478/184
f 1446/478/184 1448/480/41 1447/479/1
f 1447/479/1 1448/480/41 1450/482/51
f 1449/481/91 1450/482/51 1452/484/49
f 1451/483/18 1452/484/49 1454/486/52
f 1454/486/52 1456/491/54 1455/487/9
f 1456/488/54 1465/510/37 1466/489/185
f 1455/487/9 1456/491/54 1458/493/53
f 1458/493/53 1444/653/189 1443/494/17
f 1459/495/186 1466/525/185 1474/496/187
f 1446/498/184 1460/507/40 1461/499/47
f 1454/501/52 1452/654/49 1463/502/48
f 1444/504/189 1458/490/53 1466/489/185
f 1446/498/184 1444/655/189 1459/506/186
f 1448/500/41 1461/499/47 1462/509/43
f 1456/488/54 1454/501/52 1464/503/46
f 1450/508/51 1462/509/43 1463/512/48
f 1469/513/39 1477/545/197 1478/514/190
f 1465/518/37 1464/516/46 1472/527/35
f 1463/521/48 1462/519/43 1470/528/44
f 1461/524/47 1460/522/40 1468/530/31
f 1465/518/37 1473/517/34 1474/496/187
f 1463/526/48 1471/784/38 1472/527/35
f 1461/524/47 1469/523/39 1470/528/44
f 1460/522/40 1459/656/186 1467/529/188
f 1481/531/191 1489/822/83 1490/532/192
f 1468/536/31 1467/534/188 1476/663/194
f 1474/546/187 1482/538/193 1476/539/194
f 1472/540/35 1480/547/198 1481/541/191
f 1470/515/44 1478/514/190 1479/543/196
f 1468/536/31 1475/535/195 1477/545/197
f 1473/542/34 1481/541/191 1482/538/193
f 1471/544/38 1479/543/196 1480/547/198
f 1486/578/199 1494/549/213 1495/550/200
f 1479/551/196 1487/564/201 1488/552/202
f 1478/554/190 1477/657/197 1485/555/203
f 1476/658/194 1484/558/205 1483/559/204
f 1476/561/194 1482/533/193 1490/532/192
f 1481/563/191 1480/553/198 1488/552/202
f 1479/551/196 1478/554/190 1486/556/199
f 1477/565/197 1475/557/195 1483/559/204
f 1492/567/206 1498/598/211 1506/568/207
f 1485/570/203 1483/580/204 1491/571/209
f 1489/573/83 1497/823/214 1498/574/211
f 1487/548/201 1495/550/200 1496/576/212
f 1486/578/199 1485/659/203 1493/579/210
f 1483/580/204 1484/660/205 1492/581/206
f 1484/582/205 1490/575/192 1498/574/211
f 1489/584/83 1488/577/202 1496/576/212
f 1503/586/215 1511/785/15 1512/587/216
f 1497/589/214 1496/599/212 1504/590/217
f 1494/600/213 1502/593/220 1503/594/215
f 1491/595/209 1499/602/221 1501/596/219
f 1497/589/214 1505/591/218 1506/568/207
f 1495/592/200 1503/594/215 1504/590/217
f 1494/600/213 1493/597/210 1501/596/219
f 1492/601/206 1500/824/208 1499/602/221
f 1513/603/222 1521/635/229 1522/604/223
f 1501/619/219 1509/607/228 1510/608/225
f 1499/609/221 1500/661/208 1508/610/226
f 1500/612/208 1506/620/207 1514/613/224
f 1505/615/218 1504/588/217 1512/587/216
f 1502/606/220 1510/608/225 1511/617/15
f 1499/609/221 1507/611/227 1509/607/228
f 1506/620/207 1505/615/218 1513/616/222
f 1521/621/229 1520/647/230 1528/622/86
f 1511/624/15 1519/825/234 1520/625/230
f 1509/638/228 1517/628/235 1518/629/231
f 1507/630/227 1508/662/226 1516/631/232
f 1508/633/226 1514/605/224 1522/604/223
f 1513/603/222 1512/626/216 1520/625/230
f 1510/627/225 1518/629/231 1519/636/234
f 1507/630/227 1515/632/233 1517/628/235
f 1518/639/231 1526/648/91 1527/640/1
f 1515/642/233 1523/650/80 1525/643/18
f 1521/621/229 1529/623/17 1530/645/83
f 1519/641/234 1527/640/1 1528/622/86
f 1518/639/231 1517/644/235 1525/643/18
f 1516/649/232 1524/786/9 1523/650/80
f 1516/651/232 1522/646/223 1530/645/83
f 1531/477/18 1533/476/91 1534/478/236
f 1533/476/91 1535/479/1 1536/480/88
f 1537/481/86 1538/482/87 1536/480/88
f 1539/483/17 1540/484/85 1538/482/87
f 1541/485/83 1542/486/84 1540/484/85
f 1541/485/83 1543/487/9 1544/491/82
f 1554/489/98 1553/510/95 1544/488/82
f 1545/492/80 1546/493/238 1544/491/82
f 1531/494/18 1532/653/237 1546/493/238
f 1547/495/239 1555/497/242 1562/496/240
f 1549/499/100 1548/507/89 1534/498/236
f 1542/501/84 1552/503/99 1551/502/96
f 1532/504/237 1547/505/239 1554/489/98
f 1534/498/236 1548/507/89 1547/506/239
f 1538/508/87 1550/509/97 1549/499/100
f 1553/510/95 1552/503/99 1542/501/84
f 1551/512/96 1550/509/97 1538/508/87
f 1566/514/241 1565/545/250 1557/513/104
f 1561/517/101 1560/527/103 1552/516/99
f 1551/521/96 1559/520/105 1558/528/106
f 1557/523/104 1556/530/247 1548/522/89
f 1562/496/240 1561/517/101 1553/518/95
f 1560/527/103 1559/784/105 1551/526/96
f 1550/519/97 1558/528/106 1557/523/104
f 1548/522/89 1556/530/247 1555/529/242
f 1578/532/243 1577/822/80 1569/531/244
f 1563/535/246 1564/663/248 1555/534/242
f 1564/539/248 1570/538/245 1562/546/240
f 1569/541/244 1568/547/251 1560/540/103
f 1567/543/249 1566/514/241 1558/515/106
f 1565/545/250 1563/535/246 1556/536/247
f 1570/538/245 1569/541/244 1561/542/101
f 1568/547/251 1567/543/249 1559/544/105
f 1583/550/252 1582/549/265 1574/578/253
f 1576/552/255 1575/564/254 1567/551/249
f 1566/554/241 1574/556/253 1573/555/256
f 1563/557/246 1571/559/258 1572/558/257
f 1564/561/248 1572/560/257 1578/532/243
f 1569/563/244 1577/562/80 1576/552/255
f 1575/564/254 1574/556/253 1566/554/241
f 1565/565/250 1573/566/256 1571/559/258
f 1580/567/259 1588/569/267 1594/568/221
f 1573/570/256 1581/572/263 1579/571/261
f 1586/574/260 1585/823/264 1577/573/80
f 1584/576/262 1583/550/252 1575/548/254
f 1574/578/253 1582/549/265 1581/579/263
f 1571/580/258 1579/571/261 1580/581/259
f 1572/582/257 1580/583/259 1586/574/260
f 1577/584/80 1585/585/264 1584/576/262
f 1600/587/225 1599/785/15 1591/586/215
f 1585/589/264 1593/591/219 1592/590/220
f 1591/594/215 1590/593/217 1582/600/265
f 1589/596/218 1587/602/207 1579/595/261
f 1594/568/221 1593/591/219 1585/589/264
f 1592/590/220 1591/594/215 1583/592/252
f 1582/600/265 1590/593/217 1589/596/218
f 1587/602/207 1588/824/267 1580/601/259
f 1610/604/233 1609/635/235 1601/603/228
f 1598/608/216 1597/607/222 1589/619/218
f 1587/609/207 1595/611/224 1596/610/266
f 1588/612/267 1596/614/266 1602/613/227
f 1593/615/219 1601/616/228 1600/587/225
f 1599/617/15 1598/608/216 1590/606/217
f 1597/607/222 1595/611/224 1587/609/207
f 1602/613/227 1601/616/228 1593/615/219
f 1609/621/235 1617/623/18 1616/622/91
f 1608/625/231 1607/825/234 1599/624/15
f 1606/629/230 1605/628/229 1597/638/222
f 1595/630/224 1603/632/223 1604/631/268
f 1596/633/266 1604/634/268 1610/604/233
f 1601/603/228 1609/635/235 1608/625/231
f 1607/636/234 1606/629/230 1598/627/216
f 1605/628/229 1603/632/223 1595/630/224
f 1615/640/1 1614/648/86 1606/639/230
f 1613/643/17 1611/650/83 1603/642/223
f 1618/645/80 1617/623/18 1609/621/235
f 1616/622/91 1615/640/1 1607/641/234
f 1606/639/230 1614/648/86 1613/643/17
f 1611/650/83 1612/786/9 1604/649/268
f 1604/651/268 1612/652/9 1618/645/80
f 1619/664/9 1620/787/271 1622/665/223
f 1622/665/223 1624/668/229 1623/667/17
f 1624/668/229 1626/670/230 1625/669/86
f 1626/670/230 1628/672/234 1627/671/1
f 1628/672/234 1630/674/231 1629/673/91
f 1630/674/231 1632/679/235 1631/675/18
f 1632/676/235 1641/698/228 1642/677/227
f 1632/679/235 1634/681/233 1633/680/80
f 1634/681/233 1620/826/271 1619/682/9
f 1635/683/269 1642/710/227 1650/684/221
f 1624/686/229 1622/694/223 1636/687/224
f 1630/689/231 1628/827/234 1639/690/15
f 1620/692/271 1634/678/233 1642/677/227
f 1622/694/223 1620/828/271 1635/695/269
f 1624/686/229 1637/688/222 1638/696/216
f 1630/689/231 1640/691/225 1641/698/228
f 1626/697/230 1638/696/216 1639/699/15
f 1641/701/228 1640/711/225 1648/702/220
f 1638/704/216 1646/713/217 1647/705/215
f 1636/707/224 1644/715/207 1645/708/218
f 1642/710/227 1641/701/228 1649/703/219
f 1640/711/225 1639/829/15 1647/712/215
f 1638/704/216 1637/709/222 1645/708/218
f 1636/707/224 1635/830/269 1643/714/270
f 1652/716/272 1654/788/140 1653/717/91
f 1653/717/91 1654/788/140 1656/719/146
f 1655/720/18 1656/719/146 1658/721/147
f 1658/721/147 1660/724/152 1659/723/9
f 1660/724/152 1662/726/149 1661/725/83
f 1662/726/149 1664/789/148 1663/727/17
f 1664/728/148 1673/749/142 1674/729/273
f 1663/727/17 1664/789/148 1666/731/151
f 1666/731/151 1652/790/272 1651/733/1
f 1667/734/274 1674/761/273 1682/735/138
f 1656/737/146 1654/745/140 1668/738/141
f 1660/740/152 1671/791/11 1672/741/143
f 1652/743/272 1666/730/151 1674/729/273
f 1654/745/140 1652/831/272 1667/746/274
f 1658/747/147 1656/737/146 1669/739/139
f 1664/728/148 1662/742/149 1672/741/143
f 1658/747/147 1670/748/133 1671/750/11
f 1672/752/143 1680/763/136 1681/753/137
f 1670/755/133 1678/764/134 1679/756/132
f 1668/758/141 1676/766/125 1677/759/135
f 1674/761/273 1673/754/142 1681/753/137
f 1672/752/143 1671/832/11 1679/762/132
f 1670/755/133 1669/760/139 1677/759/135
f 1668/758/141 1667/833/274 1675/765/275
f 1681/767/137 1645/771/218 1644/768/207
f 1680/770/136 1646/773/217 1645/771/218
f 1679/772/132 1647/775/215 1646/773/217
f 1678/774/134 1648/777/220 1647/775/215
f 1677/776/135 1649/779/219 1648/777/220
f 1676/778/125 1650/781/221 1649/779/219
f 1675/780/275 1643/834/270 1650/781/221
f 1682/769/138 1644/768/207 1643/782/270
f 1683/477/18 1684/475/280 1686/478/50
f 1686/478/50 1688/480/61 1687/479/1
f 1688/480/61 1690/482/56 1689/481/86
f 1690/482/56 1692/484/58 1691/483/17
f 1692/484/58 1694/486/60 1693/485/83
f 1694/486/60 1696/491/63 1695/487/9
f 1696/488/63 1705/510/72 1706/489/276
f 1696/491/63 1698/493/59 1697/492/80
f 1698/493/59 1684/653/280 1683/494/18
f 1699/495/277 1706/525/276 1714/496/74
f 1688/500/61 1686/498/50 1700/507/279
f 1694/501/60 1692/654/58 1703/502/57
f 1684/504/280 1698/490/59 1706/489/276
f 1686/498/50 1684/655/280 1699/506/277
f 1688/500/61 1701/499/64 1702/509/71
f 1694/501/60 1704/503/70 1705/510/72
f 1690/508/56 1702/509/71 1703/512/57
f 1710/515/78 1709/513/66 1717/545/281
f 1704/516/70 1712/527/73 1713/517/76
f 1702/519/71 1710/528/78 1711/520/77
f 1701/524/64 1700/522/279 1708/530/65
f 1705/518/72 1713/517/76 1714/496/74
f 1704/516/70 1703/526/57 1711/784/77
f 1702/519/71 1701/524/64 1709/523/66
f 1700/522/279 1699/656/277 1707/529/278
f 1721/531/244 1729/822/80 1730/532/255
f 1707/534/278 1716/663/249 1715/535/241
f 1714/546/74 1722/538/251 1716/539/249
f 1712/540/73 1720/547/245 1721/541/244
f 1710/515/78 1718/514/246 1719/543/248
f 1708/536/65 1715/535/241 1717/545/281
f 1713/542/76 1721/541/244 1722/538/251
f 1711/544/77 1719/543/248 1720/547/245
f 1726/578/258 1734/549/261 1735/550/259
f 1719/551/248 1727/564/257 1728/552/243
f 1718/554/246 1717/657/281 1725/555/282
f 1715/557/241 1716/658/249 1724/558/254
f 1716/561/249 1722/533/251 1730/532/255
f 1720/553/245 1728/552/243 1729/562/80
f 1718/554/246 1726/556/258 1727/564/257
f 1717/565/281 1715/557/241 1723/559/253
f 1732/567/252 1738/598/262 1746/568/283
f 1725/570/282 1723/580/253 1731/571/265
f 1729/573/80 1737/823/264 1738/574/262
f 1727/548/257 1735/550/259 1736/576/260
f 1726/578/258 1725/659/282 1733/579/285
f 1723/580/253 1724/660/254 1732/581/252
f 1724/582/254 1730/575/255 1738/574/262
f 1729/584/80 1728/577/243 1736/576/260
f 1744/588/286 1743/586/289 1751/785/3
f 1737/589/264 1736/599/260 1744/590/286
f 1734/600/261 1742/593/291 1743/594/289
f 1731/595/265 1739/602/292 1741/596/290
f 1737/589/264 1745/591/288 1746/568/283
f 1735/592/259 1743/594/289 1744/590/286
f 1734/600/261 1733/597/285 1741/596/290
f 1732/601/252 1740/824/284 1739/602/292
f 1753/603/293 1761/635/300 1762/604/294
f 1742/606/291 1741/619/290 1749/607/296
f 1739/609/292 1740/661/284 1748/610/298
f 1740/612/284 1746/620/283 1754/613/295
f 1745/615/288 1744/588/286 1752/587/287
f 1742/606/291 1750/608/297 1751/617/3
f 1739/609/292 1747/611/299 1749/607/296
f 1746/620/283 1745/615/288 1753/616/293
f 1761/621/300 1760/647/301 1768/622/91
f 1751/624/3 1759/825/305 1760/625/301
f 1749/638/296 1757/628/306 1758/629/302
f 1747/630/299 1748/662/298 1756/631/303
f 1748/633/298 1754/605/295 1762/604/294
f 1753/603/293 1752/626/287 1760/625/301
f 1751/637/3 1750/627/297 1758/629/302
f 1747/630/299 1755/632/304 1757/628/306
f 1758/639/302 1766/648/86 1767/640/1
f 1755/642/304 1763/650/83 1765/643/17
f 1761/621/300 1769/623/18 1770/645/80
f 1759/641/305 1767/640/1 1768/622/91
f 1758/639/302 1757/644/306 1765/643/17
f 1755/642/304 1756/649/303 1764/786/9
f 1756/651/303 1762/646/294 1770/645/80
f 1773/476/86 1774/478/308 1772/475/307
f 1775/479/1 1776/480/310 1774/478/308
f 1775/479/1 1777/481/91 1778/482/309
f 1779/483/18 1780/484/312 1778/482/309
f 1779/483/18 1781/485/80 1782/486/311
f 1783/487/9 1784/491/314 1782/486/311
f 1794/489/313 1793/510/321 1784/488/314
f 1783/487/9 1785/492/83 1786/493/315
f 1785/492/83 1771/494/17 1772/653/307
f 1787/495/316 1795/497/327 1802/496/317
f 1776/500/310 1789/499/326 1788/507/318
f 1792/503/319 1791/502/322 1780/654/312
f 1772/504/307 1787/505/316 1794/489/313
f 1774/498/308 1788/507/318 1787/506/316
f 1790/509/320 1789/499/326 1776/500/310
f 1793/510/321 1792/503/319 1782/501/311
f 1791/512/322 1790/509/320 1778/508/309
f 1806/514/195 1805/545/331 1797/513/323
f 1793/518/321 1801/517/329 1800/527/325
f 1791/521/322 1799/520/330 1798/528/324
f 1797/523/323 1796/530/328 1788/522/318
f 1802/496/317 1801/517/329 1793/518/321
f 1800/527/325 1799/784/330 1791/526/322
f 1790/519/320 1798/528/324 1797/523/323
f 1788/522/318 1796/530/328 1795/529/327
f 1818/532/202 1817/822/83 1809/531/191
f 1803/535/190 1804/663/196 1795/534/327
f 1804/539/196 1810/538/198 1802/546/317
f 1809/541/191 1808/547/193 1800/540/325
f 1807/543/194 1806/514/195 1798/515/324
f 1805/545/331 1803/535/190 1796/536/328
f 1810/538/198 1809/541/191 1801/542/329
f 1800/540/325 1808/547/193 1807/543/194
f 1823/550/206 1822/549/209 1814/578/204
f 1816/552/192 1815/564/205 1807/551/194
f 1806/554/195 1814/556/204 1813/555/332
f 1811/559/199 1812/558/201 1804/658/196
f 1812/560/201 1818/532/202 1810/533/198
f 1809/563/191 1817/562/83 1816/552/192
f 1815/564/205 1814/556/204 1806/554/195
f 1805/565/331 1813/566/332 1811/559/199
f 1820/567/200 1828/569/335 1834/568/292
f 1813/570/332 1821/572/333 1819/571/213
f 1826/574/212 1825/823/214 1817/573/83
f 1816/577/192 1824/576/211 1823/550/206
f 1814/578/204 1822/549/209 1821/579/333
f 1811/580/199 1819/571/213 1820/581/200
f 1812/582/201 1820/583/200 1826/574/212
f 1817/584/83 1825/585/214 1824/576/211
f 1840/587/297 1839/785/3 1831/586/289
f 1825/589/214 1833/591/290 1832/590/291
f 1823/592/206 1831/594/289 1830/593/286
f 1829/596/288 1827/602/283 1819/595/213
f 1834/568/292 1833/591/290 1825/589/214
f 1832/590/291 1831/594/289 1823/592/206
f 1822/600/209 1830/593/286 1829/596/288
f 1827/602/283 1828/824/335 1820/601/200
f 1842/605/299 1850/604/304 1849/635/306
f 1838/608/287 1837/607/293 1829/619/288
f 1827/609/283 1835/611/295 1836/610/334
f 1828/612/335 1836/614/334 1842/613/299
f 1833/615/290 1841/616/296 1840/587/297
f 1839/617/3 1838/608/287 1830/606/286
f 1837/607/293 1835/611/295 1827/609/283
f 1842/613/299 1841/616/296 1833/615/290
f 1849/621/306 1857/623/17 1856/622/86
f 1848/625/302 1847/825/305 1839/624/3
f 1838/627/287 1846/629/301 1845/628/300
f 1835/630/295 1843/632/294 1844/631/336
f 1836/633/334 1844/634/336 1850/604/304
f 1841/603/296 1849/635/306 1848/625/302
f 1847/636/305 1846/629/301 1838/627/287
f 1845/628/300 1843/632/294 1835/630/295
f 1847/641/305 1855/640/1 1854/648/91
f 1853/643/18 1851/650/80 1843/642/294
f 1858/645/83 1857/623/17 1849/621/306
f 1856/622/86 1855/640/1 1847/641/305
f 1846/639/301 1854/648/91 1853/643/18
f 1851/650/80 1852/786/9 1844/649/336
f 1844/651/336 1852/652/9 1858/645/83
f 1860/475/337 1862/478/315 1861/476/83
f 1862/478/315 1864/480/314 1863/479/9
f 1864/480/314 1866/482/311 1865/481/80
f 1866/482/311 1868/484/312 1867/483/18
f 1867/483/18 1868/484/312 1870/486/309
f 1869/485/91 1870/486/309 1872/491/310
f 1872/488/310 1881/510/326 1882/489/318
f 1872/491/310 1874/493/308 1873/492/86
f 1873/492/86 1874/493/308 1860/653/337
f 1875/495/338 1882/525/318 1890/496/339
f 1862/498/315 1876/507/313 1877/499/321
f 1870/501/309 1868/654/312 1879/502/322
f 1860/504/337 1874/490/308 1882/489/318
f 1862/498/315 1860/655/337 1875/506/338
f 1866/508/311 1864/500/314 1877/499/321
f 1872/488/310 1870/501/309 1880/503/320
f 1866/508/311 1878/509/319 1879/512/322
f 1885/513/329 1893/545/341 1894/514/162
f 1881/518/326 1880/516/320 1888/527/324
f 1878/519/319 1886/528/325 1887/520/330
f 1876/522/313 1884/530/317 1885/523/329
f 1882/525/318 1881/518/326 1889/517/323
f 1880/516/320 1879/526/322 1887/784/330
f 1878/519/319 1877/524/321 1885/523/329
f 1876/522/313 1875/656/338 1883/529/340
f 1897/531/160 1905/822/86 1906/532/172
f 1884/536/317 1883/534/340 1892/663/169
f 1883/537/340 1890/546/339 1898/538/165
f 1888/540/324 1896/547/161 1897/541/160
f 1886/515/325 1894/514/162 1895/543/163
f 1884/536/317 1891/535/164 1893/545/341
f 1889/542/323 1897/541/160 1898/538/165
f 1887/544/330 1895/543/163 1896/547/161
f 1902/578/173 1910/549/176 1911/550/174
f 1895/551/163 1903/564/171 1904/552/159
f 1894/554/162 1893/657/341 1901/555/342
f 1892/658/169 1900/558/168 1899/559/167
f 1892/561/169 1898/533/165 1906/532/172
f 1896/553/161 1904/552/159 1905/562/86
f 1894/554/162 1902/556/173 1903/564/171
f 1893/565/341 1891/557/164 1899/559/167
f 1908/567/166 1914/598/177 1922/568/343
f 1901/570/342 1899/580/167 1907/571/180
f 1905/573/86 1913/823/179 1914/574/177
f 1903/548/171 1911/550/174 1912/576/175
f 1902/578/173 1901/659/342 1909/579/345
f 1899/580/167 1900/660/168 1908/581/166
f 1900/582/168 1906/575/172 1914/574/177
f 1905/584/86 1904/577/159 1912/576/175
f 1919/586/346 1927/785/7 1928/587/347
f 1913/589/179 1912/599/175 1920/590/348
f 1910/600/176 1918/593/351 1919/594/346
f 1907/595/180 1915/602/352 1917/596/350
f 1913/589/179 1921/591/349 1922/568/343
f 1911/592/174 1919/594/346 1920/590/348
f 1910/600/176 1909/597/345 1917/596/350
f 1908/601/166 1916/824/344 1915/602/352
f 1929/603/353 1937/635/360 1938/604/354
f 1917/619/350 1925/607/359 1926/608/356
f 1915/609/352 1916/661/344 1924/610/357
f 1916/612/344 1922/620/343 1930/613/355
f 1921/615/349 1920/588/348 1928/587/347
f 1918/606/351 1926/608/356 1927/617/7
f 1915/609/352 1923/611/358 1925/607/359
f 1921/615/349 1929/616/353 1930/613/355
f 1937/621/360 1936/647/361 1944/622/83
f 1927/624/7 1935/825/365 1936/625/361
f 1925/638/359 1933/628/366 1934/629/362
f 1923/630/358 1924/662/357 1932/631/363
f 1924/633/357 1930/605/355 1938/604/354
f 1929/603/353 1928/626/347 1936/625/361
f 1926/627/356 1934/629/362 1935/636/365
f 1923/630/358 1931/632/364 1933/628/366
f 1934/639/362 1942/648/80 1943/640/9
f 1931/642/364 1939/650/91 1941/643/18
f 1937/621/360 1945/623/17 1946/645/86
f 1935/641/365 1943/640/9 1944/622/83
f 1934/639/362 1933/644/366 1941/643/18
f 1932/649/363 1940/786/1 1939/650/91
f 1938/646/354 1946/645/86 1940/652/1
f 1949/476/80 1950/478/59 1948/475/367
f 1949/476/80 1951/479/9 1952/480/63
f 1953/481/83 1954/482/60 1952/480/63
f 1953/481/83 1955/483/17 1956/484/58
f 1957/485/86 1958/486/56 1956/484/58
f 1959/487/1 1960/491/61 1958/486/56
f 1970/489/279 1969/510/64 1960/488/61
f 1961/492/91 1962/493/50 1960/491/61
f 1947/494/18 1948/653/367 1962/493/50
f 1963/495/368 1971/497/370 1978/496/369
f 1952/500/63 1965/499/72 1964/507/276
f 1968/503/71 1967/502/57 1956/654/58
f 1948/504/367 1963/505/368 1970/489/279
f 1950/498/59 1964/507/276 1963/506/368
f 1966/509/70 1965/499/72 1952/500/63
f 1960/488/61 1969/510/64 1968/503/71
f 1956/511/58 1967/512/57 1966/509/70
f 1982/514/111 1981/545/372 1973/513/76
f 1969/518/64 1977/517/66 1976/527/78
f 1967/521/57 1975/520/77 1974/528/73
f 1973/523/76 1972/530/74 1964/522/276
f 1970/525/279 1978/496/369 1977/517/66
f 1976/527/78 1975/784/77 1967/526/57
f 1974/528/73 1973/523/76 1965/524/72
f 1964/522/276 1972/530/74 1971/529/370
f 1994/532/119 1993/822/91 1985/531/108
f 1979/535/371 1980/663/113 1971/534/370
f 1980/539/113 1986/538/115 1978/546/369
f 1985/541/108 1984/547/110 1976/540/78
f 1983/543/112 1982/514/111 1974/515/73
f 1981/545/372 1979/535/371 1972/536/74
f 1986/538/115 1985/541/108 1977/542/66
f 1984/547/110 1983/543/112 1975/544/77
f 1999/550/124 1998/549/127 1990/578/123
f 1992/552/109 1991/564/122 1983/551/112
f 1982/554/111 1990/556/123 1989/555/373
f 1979/557/371 1987/559/121 1988/558/116
f 1988/560/116 1994/532/119 1986/533/115
f 1993/562/91 1992/552/109 1984/553/110
f 1991/564/122 1990/556/123 1982/554/111
f 1981/565/372 1989/566/373 1987/559/121
f 1996/567/118 2004/569/377 2010/568/352
f 1989/570/373 1997/572/374 1995/571/117
f 2002/574/130 2001/823/131 1993/573/91
f 2000/576/129 1999/550/124 1991/548/122
f 1990/578/123 1998/549/127 1997/579/374
f 1987/580/121 1995/571/117 1996/581/118
f 1988/582/116 1996/583/118 2002/574/130
f 1993/584/91 2001/585/131 2000/576/129
f 2016/587/356 2015/785/7 2007/586/346
f 2001/589/131 2009/591/350 2008/590/351
f 2007/594/346 2006/593/348 1998/600/127
f 2005/596/349 2003/602/343 1995/595/117
f 2010/568/352 2009/591/350 2001/589/131
f 2008/590/351 2007/594/346 1999/592/124
f 1998/600/127 2006/593/348 2005/596/349
f 2003/602/343 2004/824/377 1996/601/118
f 2018/605/375 2026/604/364 2025/635/366
f 2006/606/348 2014/608/347 2013/607/353
f 2003/609/343 2011/611/355 2012/610/376
f 2004/612/377 2012/614/376 2018/613/375
f 2009/615/350 2017/616/359 2016/587/356
f 2007/618/346 2015/617/7 2014/608/347
f 2013/607/353 2011/611/355 2003/609/343
f 2018/613/375 2017/616/359 2009/615/350
f 2025/621/366 2033/623/18 2032/622/80
f 2024/625/362 2023/825/365 2015/624/7
f 2022/629/361 2021/628/360 2013/638/353
f 2011/630/355 2019/632/354 2020/631/378
f 2012/633/376 2020/634/378 2026/604/364
f 2017/603/359 2025/635/366 2024/625/362
f 2023/636/365 2022/629/361 2014/627/347
f 2021/628/360 2019/632/354 2011/630/355
f 2031/640/9 2030/648/83 2022/639/361
f 2029/643/17 2027/650/86 2019/642/354
f 2034/645/91 2033/623/18 2025/621/366
f 2032/622/80 2031/640/9 2023/641/365
f 2022/639/361 2030/648/83 2029/643/17
f 2019/642/354 2027/650/86 2028/786/1
f 2020/651/378 2028/652/1 2034/645/91
f 2036/787/379 2038/665/354 2037/666/86
f 2037/666/86 2038/665/354 2040/668/360
f 2039/667/17 2040/668/360 2042/670/361
f 2042/670/361 2044/672/365 2043/671/9
f 2044/672/365 2046/674/362 2045/673/80
f 2046/674/362 2048/679/366 2047/675/18
f 2048/676/366 2057/698/359 2058/677/358
f 2048/679/366 2050/681/364 2049/680/91
f 2050/681/364 2036/826/379 2035/682/1
f 2051/683/380 2058/710/358 2066/684/352
f 2040/686/360 2038/694/354 2052/687/355
f 2046/689/362 2044/827/365 2055/690/7
f 2036/692/379 2050/678/364 2058/677/358
f 2038/694/354 2036/828/379 2051/695/380
f 2040/686/360 2053/688/353 2054/696/347
f 2046/689/362 2056/691/356 2057/698/359
f 2042/697/361 2054/696/347 2055/699/7
f 2056/711/356 2064/702/351 2065/703/350
f 2054/704/347 2062/713/348 2063/705/346
f 2052/707/355 2060/715/343 2061/708/349
f 2058/710/358 2057/701/359 2065/703/350
f 2056/711/356 2055/829/7 2063/712/346
f 2054/704/347 2053/709/353 2061/708/349
f 2052/707/355 2051/830/380 2059/714/381
f 2067/718/9 2068/716/383 2070/788/294
f 2070/788/294 2072/719/300 2071/720/18
f 2072/719/300 2074/721/301 2073/722/91
f 2074/721/301 2076/724/305 2075/723/1
f 2076/724/305 2078/726/302 2077/725/86
f 2078/726/302 2080/789/306 2079/727/17
f 2080/728/306 2089/749/296 2090/729/382
f 2080/789/306 2082/731/304 2081/732/83
f 2081/732/83 2082/731/304 2068/790/383
f 2083/734/384 2090/761/382 2098/735/292
f 2072/737/300 2070/745/294 2084/738/295
f 2078/742/302 2076/740/305 2087/791/3
f 2068/743/383 2082/730/304 2090/729/382
f 2070/745/294 2068/831/383 2083/746/384
f 2074/747/301 2072/737/300 2085/739/293
f 2078/742/302 2088/741/297 2089/749/296
f 2074/747/301 2086/748/287 2087/750/3
f 2088/752/297 2096/763/291 2097/753/290
f 2086/755/287 2094/764/286 2095/756/289
f 2084/758/295 2092/766/283 2093/759/288
f 2090/761/382 2089/754/296 2097/753/290
f 2088/752/297 2087/832/3 2095/762/289
f 2086/755/287 2085/760/293 2093/759/288
f 2084/758/295 2083/833/384 2091/765/385
f 2097/767/290 2061/771/349 2060/768/343
f 2097/767/290 2096/770/291 2062/773/348
f 2095/772/289 2063/775/346 2062/773/348
f 2094/774/286 2064/777/351 2063/775/346
f 2094/774/286 2093/776/288 2065/779/350
f 2092/778/283 2066/781/352 2065/779/350
f 2091/780/385 2059/834/381 2066/781/352
f 2098/769/292 2060/768/343 2059/782/381
f 2099/309/9 2100/327/101 2102/310/107
f 2101/311/7 2102/310/107 2104/312/386
f 2103/314/5 2104/810/386 2106/315/247
f 2106/315/247 2108/318/104 2107/317/1
f 2108/318/104 2110/320/106 2109/319/15
f 2110/320/106 2112/325/105 2111/321/13
f 2108/322/104 2106/342/247 2118/323/89
f 2112/325/105 2114/811/103 2113/326/11
f 2113/326/11 2114/811/103 2100/327/101
f 2115/350/95 2123/329/82 2124/330/238
f 2114/333/103 2112/331/105 2121/792/96
f 2104/334/386 2102/341/107 2116/335/98
f 2110/338/106 2108/322/104 2119/324/100
f 2114/333/103 2122/332/99 2115/339/95
f 2100/340/101 2115/339/95 2116/335/98
f 2106/342/247 2104/812/386 2117/343/387
f 2112/345/105 2110/338/106 2120/337/97
f 2129/346/85 2137/377/389 2138/347/315
f 2122/349/99 2130/360/84 2123/329/82
f 2120/361/97 2128/352/87 2129/353/85
f 2118/362/89 2126/355/90 2127/356/88
f 2117/357/387 2116/328/98 2124/330/238
f 2122/349/99 2121/813/96 2129/359/85
f 2120/361/97 2119/354/100 2127/356/88
f 2118/362/89 2117/814/387 2125/363/388
f 2131/364/311 2139/394/319 2141/365/322
f 2127/367/88 2135/378/310 2136/368/308
f 2125/793/388 2133/371/312 2134/372/309
f 2124/373/238 2123/376/82 2132/374/314
f 2130/348/84 2138/347/315 2132/374/314
f 2128/369/87 2136/368/308 2137/377/389
f 2126/370/90 2134/372/309 2135/378/310
f 2124/373/238 2131/375/311 2133/379/312
f 2140/381/321 2146/411/313 2154/382/317
f 2138/384/315 2137/815/389 2145/385/390
f 2135/387/310 2143/398/326 2144/388/318
f 2134/390/309 2133/816/312 2141/391/322
f 2132/395/314 2140/393/321 2139/394/319
f 2132/395/314 2138/384/315 2146/386/313
f 2137/396/389 2136/389/308 2144/388/318
f 2135/387/310 2134/390/309 2142/392/320
f 2150/399/324 2149/817/330 2157/400/5
f 2145/402/390 2144/413/318 2152/403/328
f 2142/405/320 2150/415/324 2151/406/323
f 2139/408/319 2147/416/325 2149/409/330
f 2146/411/313 2145/818/390 2153/412/391
f 2143/407/326 2151/406/323 2152/403/328
f 2142/405/320 2141/414/322 2149/794/330
f 2140/381/321 2148/383/329 2147/416/325
f 2148/417/329 2156/421/9 2155/418/7
f 2154/420/317 2162/429/11 2156/421/9
f 2152/430/328 2160/423/15 2161/424/13
f 2150/399/324 2158/401/3 2159/425/1
f 2147/419/325 2155/418/7 2157/427/5
f 2154/420/317 2153/422/391 2161/424/13
f 2151/426/323 2159/425/1 2160/423/15
