# Blender 5.2.2 LTS
# www.blender.org
# Made By Pheo
o Cube_Cube.001
v 0.500000 3.000000 -5.500000
v -0.500000 1.000000 -5.500000
v -0.500000 3.000000 -5.500000
v -1.500000 1.000000 -5.500000
v 1.500000 1.000000 -5.500000
v 0.500000 1.000000 -5.500000
v -1.500000 1.000000 -4.500000
v -0.500000 3.000000 -4.500000
v 0.250000 3.000000 5.250000
v -0.250000 3.625000 5.250000
v -0.250000 3.000000 5.250000
v -1.500000 1.000000 -3.500000
v -1.500000 1.000000 -2.500000
v -0.500000 3.000000 -3.500000
v -1.500000 1.000000 -1.500000
v -0.500000 3.000000 -2.500000
v -1.500000 1.000000 -0.500000
v -0.500000 3.000000 -1.500000
v -1.500000 1.000000 0.500000
v -0.500000 3.000000 -0.500000
v -1.500000 1.000000 1.500000
v -0.500000 3.000000 0.500000
v -1.500000 1.000000 2.500000
v -0.500000 3.000000 1.500000
v -1.500000 1.000000 5.500000
v -0.500000 3.000000 4.500000
v -1.500000 1.000000 4.500000
v 3.500000 -0.000000 -5.500000
v 1.500000 -0.000000 -5.500000
v -1.500000 -0.000000 -5.500000
v -0.500000 -0.000000 -4.500000
v -1.500000 -0.000000 -4.500000
v -0.375000 3.000000 3.500000
v -0.375000 3.875000 2.500000
v -0.375000 3.000000 2.500000
v 0.375000 3.000000 0.500000
v 0.375000 3.875000 1.500000
v 0.375000 3.000000 1.500000
v -0.375000 3.000000 1.500000
v -0.375000 3.875000 0.500000
v -0.375000 3.000000 0.500000
v 0.375000 3.000000 -0.500000
v 0.375000 3.875000 0.500000
v -0.375000 3.875000 -0.500000
v -0.375000 3.000000 -0.500000
v 0.375000 3.000000 2.500000
v 0.375000 3.875000 3.500000
v 0.375000 3.000000 3.500000
v -0.250000 3.625000 4.500000
v -0.250000 3.000000 4.500000
v 0.500000 -0.000000 -4.500000
v 1.500000 -0.000000 -4.500000
v 0.500000 -0.000000 -5.500000
v -0.500000 -0.000000 -3.500000
v 0.500000 -0.000000 -3.500000
v -0.500000 -0.000000 -2.500000
v 0.500000 -0.000000 -2.500000
v -0.500000 -0.000000 -1.500000
v 0.500000 -0.000000 -1.500000
v -0.500000 -0.000000 -0.500000
v 0.500000 -0.000000 -0.500000
v -0.500000 0.000000 0.500000
v 0.500000 0.000000 0.500000
v -0.500000 0.000000 1.500000
v 0.500000 0.000000 1.500000
v -0.500000 0.000000 2.500000
v 0.500000 0.000000 4.500000
v -0.500000 0.000000 5.500000
v -0.500000 0.000000 4.500000
v 1.500000 1.000000 -4.500000
v 0.500000 3.000000 -4.500000
v 3.500000 1.000000 -5.500000
v -1.500000 -0.000000 -3.500000
v -1.500000 -0.000000 -2.500000
v -1.500000 -0.000000 -1.500000
v -1.500000 -0.000000 -0.500000
v -1.500000 0.000000 0.500000
v -1.500000 0.000000 1.500000
v -1.500000 0.000000 2.500000
v -1.500000 0.000000 5.500000
v -1.500000 0.000000 4.500000
v 1.500000 -0.000000 -3.500000
v 1.500000 -0.000000 -2.500000
v 1.500000 -0.000000 -1.500000
v 1.500000 -0.000000 -0.500000
v 1.500000 0.000000 0.500000
v 1.500000 0.000000 1.500000
v 0.500000 0.000000 2.500000
v 1.500000 0.000000 4.500000
v 0.500000 0.000000 5.500000
v 1.500000 1.000000 2.500000
v 0.500000 3.000000 3.500000
v 1.500000 1.000000 3.500000
v 1.500000 1.000000 1.500000
v 0.500000 3.000000 2.500000
v 1.500000 1.000000 0.500000
v 0.500000 3.000000 1.500000
v 1.500000 1.000000 -0.500000
v 0.500000 3.000000 0.500000
v 1.500000 1.000000 -1.500000
v 0.500000 3.000000 -0.500000
v 1.500000 1.000000 -2.500000
v 0.500000 3.000000 -1.500000
v 1.500000 1.000000 -3.500000
v 0.500000 3.000000 -2.500000
v 0.500000 3.000000 -3.500000
v 1.500000 1.000000 4.500000
v 3.500000 1.000000 5.500000
v 1.500000 0.000000 2.500000
v 1.500000 0.000000 5.500000
v 3.500000 0.000000 5.500000
v -1.500000 1.000000 3.500000
v -1.500000 0.000000 3.500000
v 1.500000 1.000000 5.500000
v 0.500000 1.000000 5.500000
v -0.500000 3.000000 5.500000
v -0.500000 1.000000 5.500000
v 0.500000 3.000000 5.500000
v -0.500000 -0.000000 -5.500000
v 1.500000 0.000000 3.500000
v 0.500000 3.000000 4.500000
v 0.500000 0.000000 3.500000
v -0.500000 0.000000 3.500000
v 0.375000 3.000000 -1.500000
v 0.375000 3.875000 -0.500000
v -0.375000 3.875000 -1.500000
v -0.375000 3.000000 -1.500000
v -0.500000 3.000000 2.500000
v -0.500000 3.000000 3.500000
v -0.375000 3.000000 -5.375000
v -0.375000 3.000000 -4.500000
v 0.375000 3.000000 -5.375000
v 0.375000 3.000000 -3.500000
v 0.375000 3.000000 -4.500000
v 0.375000 3.000000 -2.500000
v -0.375000 3.000000 -3.500000
v -0.375000 3.000000 -2.500000
v -0.375000 3.000000 5.375000
v 0.375000 3.000000 5.375000
v 0.375000 3.000000 4.500000
v -0.375000 3.000000 4.500000
v -0.375000 3.875000 -3.500000
v -0.375000 3.875000 -4.375000
v 0.250000 3.875000 -1.500000
v 0.250000 4.000000 -0.500000
v 0.250000 3.875000 -0.500000
v -0.250000 3.875000 0.500000
v -0.250000 4.000000 -0.500000
v -0.250000 3.875000 -0.500000
v 0.250000 3.875000 -4.250000
v 0.250000 4.000000 -3.500000
v 0.250000 3.875000 -3.500000
v 0.250000 3.875000 -2.500000
v 0.250000 4.000000 -1.500000
v -0.250000 4.000000 -1.500000
v -0.250000 3.875000 -1.500000
v 0.250000 3.875000 4.250000
v -0.250000 4.000000 4.250000
v -0.250000 3.875000 4.250000
v 0.250000 4.000000 -2.500000
v -0.375000 3.750000 4.500000
v -0.375000 3.875000 4.375000
v -0.375000 3.875000 1.500000
v 0.375000 3.875000 2.500000
v 0.375000 3.875000 4.375000
v 0.375000 3.750000 -4.500000
v 0.375000 3.875000 -4.375000
v 0.375000 3.875000 -2.500000
v -0.375000 3.875000 -2.500000
v -0.250000 4.000000 -2.500000
v -0.250000 3.875000 -2.500000
v -0.250000 3.875000 -4.250000
v 0.250000 4.000000 -4.250000
v 0.375000 3.875000 -1.500000
v -0.375000 3.750000 -4.500000
v 0.375000 3.750000 4.500000
v 0.375000 3.875000 -3.500000
v 0.250000 3.875000 0.500000
v 0.250000 3.875000 1.500000
v 0.250000 3.875000 2.500000
v -0.250000 3.875000 -3.500000
v -0.250000 3.875000 1.500000
v -0.250000 3.875000 2.500000
v 0.250000 3.875000 3.500000
v -0.375000 3.875000 3.500000
v -0.250000 3.875000 3.500000
v -0.187500 4.000000 -1.500000
v -0.187500 3.875000 -2.500000
v -0.187500 4.000000 -2.500000
v -0.187500 4.000000 -4.187500
v 0.187500 3.875000 -4.187500
v 0.187500 4.000000 -4.187500
v -0.187500 3.875000 -3.500000
v -0.187500 4.000000 -3.500000
v -0.187500 4.000000 3.500000
v -0.187500 3.875000 2.500000
v -0.187500 4.000000 2.500000
v 0.187500 4.000000 1.500000
v 0.187500 3.875000 2.500000
v 0.187500 4.000000 2.500000
v 0.187500 3.875000 3.500000
v 0.187500 4.000000 3.500000
v -0.187500 4.000000 4.187500
v -0.187500 3.875000 3.500000
v 0.187500 4.000000 0.500000
v 0.187500 3.875000 1.500000
v -0.187500 3.875000 1.500000
v -0.187500 4.000000 1.500000
v -0.250000 4.000000 -4.250000
v -0.250000 4.000000 0.500000
v 0.250000 4.000000 0.500000
v 0.250000 4.000000 4.250000
v -0.250000 4.000000 1.500000
v 0.250000 4.000000 1.500000
v -0.250000 4.000000 3.500000
v 0.250000 4.000000 3.500000
v 0.250000 4.000000 2.500000
v -0.250000 4.000000 2.500000
v -0.250000 4.000000 -3.500000
v -0.250000 3.000000 -5.250000
v -0.250000 3.000000 -4.500000
v 0.250000 3.000000 -5.250000
v 0.250000 3.000000 4.500000
v -0.250000 3.625000 -4.500000
v 0.250000 3.625000 -4.500000
v 0.250000 3.625000 4.500000
v 0.250000 3.000000 -4.500000
v 0.250000 3.625000 -5.250000
v -0.250000 3.625000 -5.250000
v 0.250000 3.625000 5.250000
v 0.187500 4.000000 -2.500000
v 0.187500 4.000000 -3.500000
v 0.187500 4.000000 -1.500000
v 0.187500 4.000000 -0.500000
v -0.187500 4.000000 -0.500000
v -0.187500 4.000000 0.500000
v 0.187500 4.000000 4.187500
v 0.187500 3.875000 -2.500000
v 0.187500 3.875000 -3.500000
v 0.187500 3.875000 -1.500000
v -0.187500 3.875000 -1.500000
v 0.187500 3.875000 -0.500000
v -0.187500 3.875000 -0.500000
v 0.187500 3.875000 0.500000
v -0.187500 3.875000 0.500000
v -0.187500 3.875000 -4.187500
v 0.187500 3.875000 4.187500
v -0.187500 3.875000 4.187500
v -1.437500 1.875000 -5.125000
v -1.437500 2.000000 -5.250000
v -1.437500 1.875000 -5.250000
v -1.062500 2.000000 -5.250000
v -0.937500 1.875000 -5.250000
v -1.062500 1.875000 -5.250000
v -0.937500 1.875000 -4.875000
v -0.937500 2.000000 -4.750000
v -0.937500 1.875000 -4.750000
v -1.312500 2.000000 -4.750000
v -1.437500 1.875000 -4.750000
v -1.312500 1.875000 -4.750000
v -1.437500 2.000000 -4.875000
v -1.312500 2.000000 -4.875000
v -1.312500 2.000000 -5.125000
v -1.312500 2.000000 -5.250000
v -1.437500 2.000000 -5.125000
v -0.937500 2.000000 -5.125000
v -0.937500 1.875000 -5.125000
v -0.937500 2.000000 -4.875000
v -1.437500 1.875000 -4.875000
v -1.312500 1.875000 -5.125000
v -1.062500 1.875000 -5.125000
v -1.312500 1.875000 -4.875000
v -1.312500 1.125000 -4.750000
v -1.312500 1.875000 -5.250000
v -1.062500 2.000000 -5.125000
v -1.062500 2.000000 -4.875000
v -0.937500 2.000000 -5.250000
v -1.062500 2.000000 -4.750000
v -1.312500 1.125000 -4.875000
v -1.062500 1.875000 -4.875000
v -1.062500 1.875000 -4.750000
v -1.437500 1.125000 -5.250000
v -1.312500 1.125000 -5.250000
v -1.437500 1.125000 -4.750000
v -1.312500 1.125000 -5.125000
v -1.437500 1.125000 -4.875000
v -1.437500 1.125000 -5.125000
v -1.437500 1.875000 -4.125000
v -1.437500 2.000000 -4.250000
v -1.437500 1.875000 -4.250000
v -1.062500 2.000000 -4.250000
v -0.937500 1.875000 -4.250000
v -1.062500 1.875000 -4.250000
v -0.937500 1.875000 -3.875000
v -0.937500 2.000000 -3.750000
v -0.937500 1.875000 -3.750000
v -1.312500 2.000000 -3.750000
v -1.437500 1.875000 -3.750000
v -1.312500 1.875000 -3.750000
v -1.437500 2.000000 -3.875000
v -1.312500 2.000000 -3.875000
v -1.312500 2.000000 -4.125000
v -1.312500 2.000000 -4.250000
v -1.437500 2.000000 -4.125000
v -0.937500 2.000000 -4.125000
v -0.937500 1.875000 -4.125000
v -0.937500 2.000000 -3.875000
v -1.437500 1.875000 -3.875000
v -1.312500 1.875000 -4.125000
v -1.062500 1.875000 -4.125000
v -1.312500 1.875000 -3.875000
v -1.312500 1.125000 -3.750000
v -1.312500 1.875000 -4.250000
v -1.062500 2.000000 -4.125000
v -1.062500 2.000000 -3.875000
v -0.937500 2.000000 -4.250000
v -1.062500 2.000000 -3.750000
v -1.312500 1.125000 -3.875000
v -1.062500 1.875000 -3.875000
v -1.062500 1.875000 -3.750000
v -1.437500 1.125000 -4.250000
v -1.312500 1.125000 -4.250000
v -1.437500 1.125000 -3.750000
v -1.312500 1.125000 -4.125000
v -1.437500 1.125000 -3.875000
v -1.437500 1.125000 -4.125000
v -1.437500 1.875000 -3.125000
v -1.437500 2.000000 -3.250000
v -1.437500 1.875000 -3.250000
v -1.062500 2.000000 -3.250000
v -0.937500 1.875000 -3.250000
v -1.062500 1.875000 -3.250000
v -0.937500 1.875000 -2.875000
v -0.937500 2.000000 -2.750000
v -0.937500 1.875000 -2.750000
v -1.312500 2.000000 -2.750000
v -1.437500 1.875000 -2.750000
v -1.312500 1.875000 -2.750000
v -1.437500 2.000000 -2.875000
v -1.312500 2.000000 -2.875000
v -1.312500 2.000000 -3.125000
v -1.312500 2.000000 -3.250000
v -1.437500 2.000000 -3.125000
v -0.937500 2.000000 -3.125000
v -0.937500 1.875000 -3.125000
v -0.937500 2.000000 -2.875000
v -1.437500 1.875000 -2.875000
v -1.312500 1.875000 -3.125000
v -1.062500 1.875000 -3.125000
v -1.312500 1.875000 -2.875000
v -1.312500 1.125000 -2.750000
v -1.312500 1.875000 -3.250000
v -1.062500 2.000000 -3.125000
v -1.062500 2.000000 -2.875000
v -0.937500 2.000000 -3.250000
v -1.062500 2.000000 -2.750000
v -1.312500 1.125000 -2.875000
v -1.062500 1.875000 -2.875000
v -1.062500 1.875000 -2.750000
v -1.437500 1.125000 -3.250000
v -1.312500 1.125000 -3.250000
v -1.437500 1.125000 -2.750000
v -1.312500 1.125000 -3.125000
v -1.437500 1.125000 -2.875000
v -1.437500 1.125000 -3.125000
v -1.437500 1.875000 -2.125000
v -1.437500 2.000000 -2.250000
v -1.437500 1.875000 -2.250000
v -1.062500 2.000000 -2.250000
v -0.937500 1.875000 -2.250000
v -1.062500 1.875000 -2.250000
v -0.937500 1.875000 -1.875000
v -0.937500 2.000000 -1.750000
v -0.937500 1.875000 -1.750000
v -1.312500 2.000000 -1.750000
v -1.437500 1.875000 -1.750000
v -1.312500 1.875000 -1.750000
v -1.437500 2.000000 -1.875000
v -1.312500 2.000000 -1.875000
v -1.312500 2.000000 -2.125000
v -1.312500 2.000000 -2.250000
v -1.437500 2.000000 -2.125000
v -0.937500 2.000000 -2.125000
v -0.937500 1.875000 -2.125000
v -0.937500 2.000000 -1.875000
v -1.437500 1.875000 -1.875000
v -1.312500 1.875000 -2.125000
v -1.062500 1.875000 -2.125000
v -1.312500 1.875000 -1.875000
v -1.312500 1.125000 -1.750000
v -1.312500 1.875000 -2.250000
v -1.062500 2.000000 -2.125000
v -1.062500 2.000000 -1.875000
v -0.937500 2.000000 -2.250000
v -1.062500 2.000000 -1.750000
v -1.312500 1.125000 -1.875000
v -1.062500 1.875000 -1.875000
v -1.062500 1.875000 -1.750000
v -1.437500 1.125000 -2.250000
v -1.312500 1.125000 -2.250000
v -1.437500 1.125000 -1.750000
v -1.312500 1.125000 -2.125000
v -1.437500 1.125000 -1.875000
v -1.437500 1.125000 -2.125000
v -1.437500 1.875000 -1.125000
v -1.437500 2.000000 -1.250000
v -1.437500 1.875000 -1.250000
v -1.062500 2.000000 -1.250000
v -0.937500 1.875000 -1.250000
v -1.062500 1.875000 -1.250000
v -0.937500 1.875000 -0.875000
v -0.937500 2.000000 -0.750000
v -0.937500 1.875000 -0.750000
v -1.312500 2.000000 -0.750000
v -1.437500 1.875000 -0.750000
v -1.312500 1.875000 -0.750000
v -1.437500 2.000000 -0.875000
v -1.312500 2.000000 -0.875000
v -1.312500 2.000000 -1.125000
v -1.312500 2.000000 -1.250000
v -1.437500 2.000000 -1.125000
v -0.937500 2.000000 -1.125000
v -0.937500 1.875000 -1.125000
v -0.937500 2.000000 -0.875000
v -1.437500 1.875000 -0.875000
v -1.312500 1.875000 -1.125000
v -1.062500 1.875000 -1.125000
v -1.312500 1.875000 -0.875000
v -1.312500 1.125000 -0.750000
v -1.312500 1.875000 -1.250000
v -1.062500 2.000000 -1.125000
v -1.062500 2.000000 -0.875000
v -0.937500 2.000000 -1.250000
v -1.062500 2.000000 -0.750000
v -1.312500 1.125000 -0.875000
v -1.062500 1.875000 -0.875000
v -1.062500 1.875000 -0.750000
v -1.437500 1.125000 -1.250000
v -1.312500 1.125000 -1.250000
v -1.437500 1.125000 -0.750000
v -1.312500 1.125000 -1.125000
v -1.437500 1.125000 -0.875000
v -1.437500 1.125000 -1.125000
v -1.437500 1.875000 -0.125000
v -1.437500 2.000000 -0.250000
v -1.437500 1.875000 -0.250000
v -1.062500 2.000000 -0.250000
v -0.937500 1.875000 -0.250000
v -1.062500 1.875000 -0.250000
v -0.937500 1.875000 0.125000
v -0.937500 2.000000 0.250000
v -0.937500 1.875000 0.250000
v -1.312500 2.000000 0.250000
v -1.437500 1.875000 0.250000
v -1.312500 1.875000 0.250000
v -1.437500 2.000000 0.125000
v -1.312500 2.000000 0.125000
v -1.312500 2.000000 -0.125000
v -1.312500 2.000000 -0.250000
v -1.437500 2.000000 -0.125000
v -0.937500 2.000000 -0.125000
v -0.937500 1.875000 -0.125000
v -0.937500 2.000000 0.125000
v -1.437500 1.875000 0.125000
v -1.312500 1.875000 -0.125000
v -1.062500 1.875000 -0.125000
v -1.312500 1.875000 0.125000
v -1.312500 1.125000 0.250000
v -1.312500 1.875000 -0.250000
v -1.062500 2.000000 -0.125000
v -1.062500 2.000000 0.125000
v -0.937500 2.000000 -0.250000
v -1.062500 2.000000 0.250000
v -1.312500 1.125000 0.125000
v -1.062500 1.875000 0.125000
v -1.062500 1.875000 0.250000
v -1.437500 1.125000 -0.250000
v -1.312500 1.125000 -0.250000
v -1.437500 1.125000 0.250000
v -1.312500 1.125000 -0.125000
v -1.437500 1.125000 0.125000
v -1.437500 1.125000 -0.125000
v -1.437500 1.875000 0.875000
v -1.437500 2.000000 0.750000
v -1.437500 1.875000 0.750000
v -1.062500 2.000000 0.750000
v -0.937500 1.875000 0.750000
v -1.062500 1.875000 0.750000
v -0.937500 1.875000 1.125000
v -0.937500 2.000000 1.250000
v -0.937500 1.875000 1.250000
v -1.312500 2.000000 1.250000
v -1.437500 1.875000 1.250000
v -1.312500 1.875000 1.250000
v -1.437500 2.000000 1.125000
v -1.312500 2.000000 1.125000
v -1.312500 2.000000 0.875000
v -1.312500 2.000000 0.750000
v -1.437500 2.000000 0.875000
v -0.937500 2.000000 0.875000
v -0.937500 1.875000 0.875000
v -0.937500 2.000000 1.125000
v -1.437500 1.875000 1.125000
v -1.312500 1.875000 0.875000
v -1.062500 1.875000 0.875000
v -1.312500 1.875000 1.125000
v -1.312500 1.125000 1.250000
v -1.312500 1.875000 0.750000
v -1.062500 2.000000 0.875000
v -1.062500 2.000000 1.125000
v -0.937500 2.000000 0.750000
v -1.062500 2.000000 1.250000
v -1.312500 1.125000 1.125000
v -1.062500 1.875000 1.125000
v -1.062500 1.875000 1.250000
v -1.437500 1.125000 0.750000
v -1.312500 1.125000 0.750000
v -1.437500 1.125000 1.250000
v -1.312500 1.125000 0.875000
v -1.437500 1.125000 1.125000
v -1.437500 1.125000 0.875000
v -1.437500 1.875000 1.875000
v -1.437500 2.000000 1.750000
v -1.437500 1.875000 1.750000
v -1.062500 2.000000 1.750000
v -0.937500 1.875000 1.750000
v -1.062500 1.875000 1.750000
v -0.937500 1.875000 2.125000
v -0.937500 2.000000 2.250000
v -0.937500 1.875000 2.250000
v -1.312500 2.000000 2.250000
v -1.437500 1.875000 2.250000
v -1.312500 1.875000 2.250000
v -1.437500 2.000000 2.125000
v -1.312500 2.000000 2.125000
v -1.312500 2.000000 1.875000
v -1.312500 2.000000 1.750000
v -1.437500 2.000000 1.875000
v -0.937500 2.000000 1.875000
v -0.937500 1.875000 1.875000
v -0.937500 2.000000 2.125000
v -1.437500 1.875000 2.125000
v -1.312500 1.875000 1.875000
v -1.062500 1.875000 1.875000
v -1.312500 1.875000 2.125000
v -1.312500 1.125000 2.250000
v -1.312500 1.875000 1.750000
v -1.062500 2.000000 1.875000
v -1.062500 2.000000 2.125000
v -0.937500 2.000000 1.750000
v -1.062500 2.000000 2.250000
v -1.312500 1.125000 2.125000
v -1.062500 1.875000 2.125000
v -1.062500 1.875000 2.250000
v -1.437500 1.125000 1.750000
v -1.312500 1.125000 1.750000
v -1.437500 1.125000 2.250000
v -1.312500 1.125000 1.875000
v -1.437500 1.125000 2.125000
v -1.437500 1.125000 1.875000
v -1.437500 1.875000 2.875000
v -1.437500 2.000000 2.750000
v -1.437500 1.875000 2.750000
v -1.062500 2.000000 2.750000
v -0.937500 1.875000 2.750000
v -1.062500 1.875000 2.750000
v -0.937500 1.875000 3.125000
v -0.937500 2.000000 3.250000
v -0.937500 1.875000 3.250000
v -1.312500 2.000000 3.250000
v -1.437500 1.875000 3.250000
v -1.312500 1.875000 3.250000
v -1.437500 2.000000 3.125000
v -1.312500 2.000000 3.125000
v -1.312500 2.000000 2.875000
v -1.312500 2.000000 2.750000
v -1.437500 2.000000 2.875000
v -0.937500 2.000000 2.875000
v -0.937500 1.875000 2.875000
v -0.937500 2.000000 3.125000
v -1.437500 1.875000 3.125000
v -1.312500 1.875000 2.875000
v -1.062500 1.875000 2.875000
v -1.312500 1.875000 3.125000
v -1.312500 1.125000 3.250000
v -1.312500 1.875000 2.750000
v -1.062500 2.000000 2.875000
v -1.062500 2.000000 3.125000
v -0.937500 2.000000 2.750000
v -1.062500 2.000000 3.250000
v -1.312500 1.125000 3.125000
v -1.062500 1.875000 3.125000
v -1.062500 1.875000 3.250000
v -1.437500 1.125000 2.750000
v -1.312500 1.125000 2.750000
v -1.437500 1.125000 3.250000
v -1.312500 1.125000 2.875000
v -1.437500 1.125000 3.125000
v -1.437500 1.125000 2.875000
v -1.437500 1.875000 3.875000
v -1.437500 2.000000 3.750000
v -1.437500 1.875000 3.750000
v -1.062500 2.000000 3.750000
v -0.937500 1.875000 3.750000
v -1.062500 1.875000 3.750000
v -0.937500 1.875000 4.125000
v -0.937500 2.000000 4.250000
v -0.937500 1.875000 4.250000
v -1.312500 2.000000 4.250000
v -1.437500 1.875000 4.250000
v -1.312500 1.875000 4.250000
v -1.437500 2.000000 4.125000
v -1.312500 2.000000 4.125000
v -1.312500 2.000000 3.875000
v -1.312500 2.000000 3.750000
v -1.437500 2.000000 3.875000
v -0.937500 2.000000 3.875000
v -0.937500 1.875000 3.875000
v -0.937500 2.000000 4.125000
v -1.437500 1.875000 4.125000
v -1.312500 1.875000 3.875000
v -1.062500 1.875000 3.875000
v -1.312500 1.875000 4.125000
v -1.312500 1.125000 4.250000
v -1.312500 1.875000 3.750000
v -1.062500 2.000000 3.875000
v -1.062500 2.000000 4.125000
v -0.937500 2.000000 3.750000
v -1.062500 2.000000 4.250000
v -1.312500 1.125000 4.125000
v -1.062500 1.875000 4.125000
v -1.062500 1.875000 4.250000
v -1.437500 1.125000 3.750000
v -1.312500 1.125000 3.750000
v -1.437500 1.125000 4.250000
v -1.312500 1.125000 3.875000
v -1.437500 1.125000 4.125000
v -1.437500 1.125000 3.875000
v -1.437500 1.875000 4.875000
v -1.437500 2.000000 4.750000
v -1.437500 1.875000 4.750000
v -1.062500 2.000000 4.750000
v -0.937500 1.875000 4.750000
v -1.062500 1.875000 4.750000
v -0.937500 1.875000 5.125000
v -0.937500 2.000000 5.250000
v -0.937500 1.875000 5.250000
v -1.312500 2.000000 5.250000
v -1.437500 1.875000 5.250000
v -1.312500 1.875000 5.250000
v -1.437500 2.000000 5.125000
v -1.312500 2.000000 5.125000
v -1.312500 2.000000 4.875000
v -1.312500 2.000000 4.750000
v -1.437500 2.000000 4.875000
v -0.937500 2.000000 4.875000
v -0.937500 1.875000 4.875000
v -0.937500 2.000000 5.125000
v -1.437500 1.875000 5.125000
v -1.312500 1.875000 4.875000
v -1.062500 1.875000 4.875000
v -1.312500 1.875000 5.125000
v -1.312500 1.125000 5.250000
v -1.312500 1.875000 4.750000
v -1.062500 2.000000 4.875000
v -1.062500 2.000000 5.125000
v -0.937500 2.000000 4.750000
v -1.062500 2.000000 5.250000
v -1.312500 1.125000 5.125000
v -1.062500 1.875000 5.125000
v -1.062500 1.875000 5.250000
v -1.437500 1.125000 4.750000
v -1.312500 1.125000 4.750000
v -1.437500 1.125000 5.250000
v -1.312500 1.125000 4.875000
v -1.437500 1.125000 5.125000
v -1.437500 1.125000 4.875000
v 1.437500 1.875000 -5.125000
v 1.437500 2.000000 -5.250000
v 1.437500 2.000000 -5.125000
v 0.937500 1.875000 -5.250000
v 1.062500 2.000000 -5.250000
v 1.062500 1.875000 -5.250000
v 0.937500 1.875000 -4.875000
v 0.937500 2.000000 -4.750000
v 0.937500 2.000000 -4.875000
v 1.437500 1.875000 -4.750000
v 1.312500 2.000000 -4.750000
v 1.312500 1.875000 -4.750000
v 1.437500 2.000000 -4.875000
v 1.312500 2.000000 -4.875000
v 1.312500 2.000000 -5.125000
v 1.312500 2.000000 -5.250000
v 0.937500 2.000000 -5.125000
v 0.937500 2.000000 -5.250000
v 0.937500 1.875000 -5.125000
v 1.437500 2.000000 -4.750000
v 1.437500 1.875000 -4.875000
v 1.312500 1.875000 -5.125000
v 1.312500 1.875000 -4.875000
v 1.062500 1.875000 -5.125000
v 1.312500 1.125000 -4.750000
v 1.312500 1.875000 -5.250000
v 1.062500 2.000000 -5.125000
v 1.062500 2.000000 -4.875000
v 1.062500 2.000000 -4.750000
v 1.312500 1.125000 -4.875000
v 1.062500 1.875000 -4.875000
v 1.062500 1.875000 -4.750000
v 0.937500 1.875000 -4.750000
v 1.437500 1.875000 -5.250000
v 1.437500 1.125000 -5.250000
v 1.312500 1.125000 -5.250000
v 1.437500 1.125000 -4.750000
v 1.312500 1.125000 -5.125000
v 1.437500 1.125000 -4.875000
v 1.437500 1.125000 -5.125000
v 1.437500 1.875000 -4.125000
v 1.437500 2.000000 -4.250000
v 1.437500 2.000000 -4.125000
v 0.937500 1.875000 -4.250000
v 1.062500 2.000000 -4.250000
v 1.062500 1.875000 -4.250000
v 0.937500 1.875000 -3.875000
v 0.937500 2.000000 -3.750000
v 0.937500 2.000000 -3.875000
v 1.437500 1.875000 -3.750000
v 1.312500 2.000000 -3.750000
v 1.312500 1.875000 -3.750000
v 1.437500 2.000000 -3.875000
v 1.312500 2.000000 -3.875000
v 1.312500 2.000000 -4.125000
v 1.312500 2.000000 -4.250000
v 0.937500 2.000000 -4.125000
v 0.937500 2.000000 -4.250000
v 0.937500 1.875000 -4.125000
v 1.437500 2.000000 -3.750000
v 1.437500 1.875000 -3.875000
v 1.312500 1.875000 -4.125000
v 1.312500 1.875000 -3.875000
v 1.062500 1.875000 -4.125000
v 1.312500 1.125000 -3.750000
v 1.312500 1.875000 -4.250000
v 1.062500 2.000000 -4.125000
v 1.062500 2.000000 -3.875000
v 1.062500 2.000000 -3.750000
v 1.312500 1.125000 -3.875000
v 1.062500 1.875000 -3.875000
v 1.062500 1.875000 -3.750000
v 0.937500 1.875000 -3.750000
v 1.437500 1.875000 -4.250000
v 1.437500 1.125000 -4.250000
v 1.312500 1.125000 -4.250000
v 1.437500 1.125000 -3.750000
v 1.312500 1.125000 -4.125000
v 1.437500 1.125000 -3.875000
v 1.437500 1.125000 -4.125000
v 1.437500 1.875000 -3.125000
v 1.437500 2.000000 -3.250000
v 1.437500 2.000000 -3.125000
v 0.937500 1.875000 -3.250000
v 1.062500 2.000000 -3.250000
v 1.062500 1.875000 -3.250000
v 0.937500 1.875000 -2.875000
v 0.937500 2.000000 -2.750000
v 0.937500 2.000000 -2.875000
v 1.437500 1.875000 -2.750000
v 1.312500 2.000000 -2.750000
v 1.312500 1.875000 -2.750000
v 1.437500 2.000000 -2.875000
v 1.312500 2.000000 -2.875000
v 1.312500 2.000000 -3.125000
v 1.312500 2.000000 -3.250000
v 0.937500 2.000000 -3.125000
v 0.937500 2.000000 -3.250000
v 0.937500 1.875000 -3.125000
v 1.437500 2.000000 -2.750000
v 1.437500 1.875000 -2.875000
v 1.312500 1.875000 -3.125000
v 1.312500 1.875000 -2.875000
v 1.062500 1.875000 -3.125000
v 1.312500 1.125000 -2.750000
v 1.312500 1.875000 -3.250000
v 1.062500 2.000000 -3.125000
v 1.062500 2.000000 -2.875000
v 1.062500 2.000000 -2.750000
v 1.312500 1.125000 -2.875000
v 1.062500 1.875000 -2.875000
v 1.062500 1.875000 -2.750000
v 0.937500 1.875000 -2.750000
v 1.437500 1.875000 -3.250000
v 1.437500 1.125000 -3.250000
v 1.312500 1.125000 -3.250000
v 1.437500 1.125000 -2.750000
v 1.312500 1.125000 -3.125000
v 1.437500 1.125000 -2.875000
v 1.437500 1.125000 -3.125000
v 1.437500 1.875000 -2.125000
v 1.437500 2.000000 -2.250000
v 1.437500 2.000000 -2.125000
v 0.937500 1.875000 -2.250000
v 1.062500 2.000000 -2.250000
v 1.062500 1.875000 -2.250000
v 0.937500 1.875000 -1.875000
v 0.937500 2.000000 -1.750000
v 0.937500 2.000000 -1.875000
v 1.437500 1.875000 -1.750000
v 1.312500 2.000000 -1.750000
v 1.312500 1.875000 -1.750000
v 1.437500 2.000000 -1.875000
v 1.312500 2.000000 -1.875000
v 1.312500 2.000000 -2.125000
v 1.312500 2.000000 -2.250000
v 0.937500 2.000000 -2.125000
v 0.937500 2.000000 -2.250000
v 0.937500 1.875000 -2.125000
v 1.437500 2.000000 -1.750000
v 1.437500 1.875000 -1.875000
v 1.312500 1.875000 -2.125000
v 1.312500 1.875000 -1.875000
v 1.062500 1.875000 -2.125000
v 1.312500 1.125000 -1.750000
v 1.312500 1.875000 -2.250000
v 1.062500 2.000000 -2.125000
v 1.062500 2.000000 -1.875000
v 1.062500 2.000000 -1.750000
v 1.312500 1.125000 -1.875000
v 1.062500 1.875000 -1.875000
v 1.062500 1.875000 -1.750000
v 0.937500 1.875000 -1.750000
v 1.437500 1.875000 -2.250000
v 1.437500 1.125000 -2.250000
v 1.312500 1.125000 -2.250000
v 1.437500 1.125000 -1.750000
v 1.312500 1.125000 -2.125000
v 1.437500 1.125000 -1.875000
v 1.437500 1.125000 -2.125000
v 1.437500 1.875000 -1.125000
v 1.437500 2.000000 -1.250000
v 1.437500 2.000000 -1.125000
v 0.937500 1.875000 -1.250000
v 1.062500 2.000000 -1.250000
v 1.062500 1.875000 -1.250000
v 0.937500 1.875000 -0.875000
v 0.937500 2.000000 -0.750000
v 0.937500 2.000000 -0.875000
v 1.437500 1.875000 -0.750000
v 1.312500 2.000000 -0.750000
v 1.312500 1.875000 -0.750000
v 1.437500 2.000000 -0.875000
v 1.312500 2.000000 -0.875000
v 1.312500 2.000000 -1.125000
v 1.312500 2.000000 -1.250000
v 0.937500 2.000000 -1.125000
v 0.937500 2.000000 -1.250000
v 0.937500 1.875000 -1.125000
v 1.437500 2.000000 -0.750000
v 1.437500 1.875000 -0.875000
v 1.312500 1.875000 -1.125000
v 1.312500 1.875000 -0.875000
v 1.062500 1.875000 -1.125000
v 1.312500 1.125000 -0.750000
v 1.312500 1.875000 -1.250000
v 1.062500 2.000000 -1.125000
v 1.062500 2.000000 -0.875000
v 1.062500 2.000000 -0.750000
v 1.312500 1.125000 -0.875000
v 1.062500 1.875000 -0.875000
v 1.062500 1.875000 -0.750000
v 0.937500 1.875000 -0.750000
v 1.437500 1.875000 -1.250000
v 1.437500 1.125000 -1.250000
v 1.312500 1.125000 -1.250000
v 1.437500 1.125000 -0.750000
v 1.312500 1.125000 -1.125000
v 1.437500 1.125000 -0.875000
v 1.437500 1.125000 -1.125000
v 1.437500 1.875000 -0.125000
v 1.437500 2.000000 -0.250000
v 1.437500 2.000000 -0.125000
v 0.937500 1.875000 -0.250000
v 1.062500 2.000000 -0.250000
v 1.062500 1.875000 -0.250000
v 0.937500 1.875000 0.125000
v 0.937500 2.000000 0.250000
v 0.937500 2.000000 0.125000
v 1.437500 1.875000 0.250000
v 1.312500 2.000000 0.250000
v 1.312500 1.875000 0.250000
v 1.437500 2.000000 0.125000
v 1.312500 2.000000 0.125000
v 1.312500 2.000000 -0.125000
v 1.312500 2.000000 -0.250000
v 0.937500 2.000000 -0.125000
v 0.937500 2.000000 -0.250000
v 0.937500 1.875000 -0.125000
v 1.437500 2.000000 0.250000
v 1.437500 1.875000 0.125000
v 1.312500 1.875000 -0.125000
v 1.312500 1.875000 0.125000
v 1.062500 1.875000 -0.125000
v 1.312500 1.125000 0.250000
v 1.312500 1.875000 -0.250000
v 1.062500 2.000000 -0.125000
v 1.062500 2.000000 0.125000
v 1.062500 2.000000 0.250000
v 1.312500 1.125000 0.125000
v 1.062500 1.875000 0.125000
v 1.062500 1.875000 0.250000
v 0.937500 1.875000 0.250000
v 1.437500 1.875000 -0.250000
v 1.437500 1.125000 -0.250000
v 1.312500 1.125000 -0.250000
v 1.437500 1.125000 0.250000
v 1.312500 1.125000 -0.125000
v 1.437500 1.125000 0.125000
v 1.437500 1.125000 -0.125000
v 1.437500 1.875000 0.875000
v 1.437500 2.000000 0.750000
v 1.437500 2.000000 0.875000
v 0.937500 1.875000 0.750000
v 1.062500 2.000000 0.750000
v 1.062500 1.875000 0.750000
v 0.937500 1.875000 1.125000
v 0.937500 2.000000 1.250000
v 0.937500 2.000000 1.125000
v 1.437500 1.875000 1.250000
v 1.312500 2.000000 1.250000
v 1.312500 1.875000 1.250000
v 1.437500 2.000000 1.125000
v 1.312500 2.000000 1.125000
v 1.312500 2.000000 0.875000
v 1.312500 2.000000 0.750000
v 0.937500 2.000000 0.875000
v 0.937500 2.000000 0.750000
v 0.937500 1.875000 0.875000
v 1.437500 2.000000 1.250000
v 1.437500 1.875000 1.125000
v 1.312500 1.875000 0.875000
v 1.312500 1.875000 1.125000
v 1.062500 1.875000 0.875000
v 1.312500 1.125000 1.250000
v 1.312500 1.875000 0.750000
v 1.062500 2.000000 0.875000
v 1.062500 2.000000 1.125000
v 1.062500 2.000000 1.250000
v 1.312500 1.125000 1.125000
v 1.062500 1.875000 1.125000
v 1.062500 1.875000 1.250000
v 0.937500 1.875000 1.250000
v 1.437500 1.875000 0.750000
v 1.437500 1.125000 0.750000
v 1.312500 1.125000 0.750000
v 1.437500 1.125000 1.250000
v 1.312500 1.125000 0.875000
v 1.437500 1.125000 1.125000
v 1.437500 1.125000 0.875000
v 1.437500 1.875000 1.875000
v 1.437500 2.000000 1.750000
v 1.437500 2.000000 1.875000
v 0.937500 1.875000 1.750000
v 1.062500 2.000000 1.750000
v 1.062500 1.875000 1.750000
v 0.937500 1.875000 2.125000
v 0.937500 2.000000 2.250000
v 0.937500 2.000000 2.125000
v 1.437500 1.875000 2.250000
v 1.312500 2.000000 2.250000
v 1.312500 1.875000 2.250000
v 1.437500 2.000000 2.125000
v 1.312500 2.000000 2.125000
v 1.312500 2.000000 1.875000
v 1.312500 2.000000 1.750000
v 0.937500 2.000000 1.875000
v 0.937500 2.000000 1.750000
v 0.937500 1.875000 1.875000
v 1.437500 2.000000 2.250000
v 1.437500 1.875000 2.125000
v 1.312500 1.875000 1.875000
v 1.312500 1.875000 2.125000
v 1.062500 1.875000 1.875000
v 1.312500 1.125000 2.250000
v 1.312500 1.875000 1.750000
v 1.062500 2.000000 1.875000
v 1.062500 2.000000 2.125000
v 1.062500 2.000000 2.250000
v 1.312500 1.125000 2.125000
v 1.062500 1.875000 2.125000
v 1.062500 1.875000 2.250000
v 0.937500 1.875000 2.250000
v 1.437500 1.875000 1.750000
v 1.437500 1.125000 1.750000
v 1.312500 1.125000 1.750000
v 1.437500 1.125000 2.250000
v 1.312500 1.125000 1.875000
v 1.437500 1.125000 2.125000
v 1.437500 1.125000 1.875000
v 1.437500 1.875000 2.875000
v 1.437500 2.000000 2.750000
v 1.437500 2.000000 2.875000
v 0.937500 1.875000 2.750000
v 1.062500 2.000000 2.750000
v 1.062500 1.875000 2.750000
v 0.937500 1.875000 3.125000
v 0.937500 2.000000 3.250000
v 0.937500 2.000000 3.125000
v 1.437500 1.875000 3.250000
v 1.312500 2.000000 3.250000
v 1.312500 1.875000 3.250000
v 1.437500 2.000000 3.125000
v 1.312500 2.000000 3.125000
v 1.312500 2.000000 2.875000
v 1.312500 2.000000 2.750000
v 0.937500 2.000000 2.875000
v 0.937500 2.000000 2.750000
v 0.937500 1.875000 2.875000
v 1.437500 2.000000 3.250000
v 1.437500 1.875000 3.125000
v 1.312500 1.875000 2.875000
v 1.312500 1.875000 3.125000
v 1.062500 1.875000 2.875000
v 1.312500 1.125000 3.250000
v 1.312500 1.875000 2.750000
v 1.062500 2.000000 2.875000
v 1.062500 2.000000 3.125000
v 1.062500 2.000000 3.250000
v 1.312500 1.125000 3.125000
v 1.062500 1.875000 3.125000
v 1.062500 1.875000 3.250000
v 0.937500 1.875000 3.250000
v 1.437500 1.875000 2.750000
v 1.437500 1.125000 2.750000
v 1.312500 1.125000 2.750000
v 1.437500 1.125000 3.250000
v 1.312500 1.125000 2.875000
v 1.437500 1.125000 3.125000
v 1.437500 1.125000 2.875000
v 1.437500 1.875000 3.875000
v 1.437500 2.000000 3.750000
v 1.437500 2.000000 3.875000
v 0.937500 1.875000 3.750000
v 1.062500 2.000000 3.750000
v 1.062500 1.875000 3.750000
v 0.937500 1.875000 4.125000
v 0.937500 2.000000 4.250000
v 0.937500 2.000000 4.125000
v 1.437500 1.875000 4.250000
v 1.312500 2.000000 4.250000
v 1.312500 1.875000 4.250000
v 1.437500 2.000000 4.125000
v 1.312500 2.000000 4.125000
v 1.312500 2.000000 3.875000
v 1.312500 2.000000 3.750000
v 0.937500 2.000000 3.875000
v 0.937500 2.000000 3.750000
v 0.937500 1.875000 3.875000
v 1.437500 2.000000 4.250000
v 1.437500 1.875000 4.125000
v 1.312500 1.875000 3.875000
v 1.312500 1.875000 4.125000
v 1.062500 1.875000 3.875000
v 1.312500 1.125000 4.250000
v 1.312500 1.875000 3.750000
v 1.062500 2.000000 3.875000
v 1.062500 2.000000 4.125000
v 1.062500 2.000000 4.250000
v 1.312500 1.125000 4.125000
v 1.062500 1.875000 4.125000
v 1.062500 1.875000 4.250000
v 0.937500 1.875000 4.250000
v 1.437500 1.875000 3.750000
v 1.437500 1.125000 3.750000
v 1.312500 1.125000 3.750000
v 1.437500 1.125000 4.250000
v 1.312500 1.125000 3.875000
v 1.437500 1.125000 4.125000
v 1.437500 1.125000 3.875000
v 1.437500 1.875000 4.875000
v 1.437500 2.000000 4.750000
v 1.437500 2.000000 4.875000
v 0.937500 1.875000 4.750000
v 1.062500 2.000000 4.750000
v 1.062500 1.875000 4.750000
v 0.937500 1.875000 5.125000
v 0.937500 2.000000 5.250000
v 0.937500 2.000000 5.125000
v 1.437500 1.875000 5.250000
v 1.312500 2.000000 5.250000
v 1.312500 1.875000 5.250000
v 1.437500 2.000000 5.125000
v 1.312500 2.000000 5.125000
v 1.312500 2.000000 4.875000
v 1.312500 2.000000 4.750000
v 0.937500 2.000000 4.875000
v 0.937500 2.000000 4.750000
v 0.937500 1.875000 4.875000
v 1.437500 2.000000 5.250000
v 1.437500 1.875000 5.125000
v 1.312500 1.875000 4.875000
v 1.312500 1.875000 5.125000
v 1.062500 1.875000 4.875000
v 1.312500 1.125000 5.250000
v 1.312500 1.875000 4.750000
v 1.062500 2.000000 4.875000
v 1.062500 2.000000 5.125000
v 1.062500 2.000000 5.250000
v 1.312500 1.125000 5.125000
v 1.062500 1.875000 5.125000
v 1.062500 1.875000 5.250000
v 0.937500 1.875000 5.250000
v 1.437500 1.875000 4.750000
v 1.437500 1.125000 4.750000
v 1.312500 1.125000 4.750000
v 1.437500 1.125000 5.250000
v 1.312500 1.125000 4.875000
v 1.437500 1.125000 5.125000
v 1.437500 1.125000 4.875000
v 0.122617 2.375000 -5.500900
v 0.122617 2.375000 -5.750900
v 0.122617 2.125000 -5.750900
v 0.185117 2.125000 -5.750900
v 0.185117 2.375000 -5.750900
v 0.185117 2.375000 -5.500900
v 0.122617 2.062500 -5.750900
v 0.185117 2.625000 -5.500900
v 0.185117 2.062500 -5.750900
v 0.122617 2.312500 -5.500900
v -0.127383 2.125000 -5.750900
v 0.185117 2.312500 -5.500900
v -0.127383 2.062500 -5.750900
v -0.189883 2.125000 -5.750900
v -0.127383 2.375000 -5.500900
v -0.189883 2.312500 -5.500900
v -0.189883 2.375000 -5.500900
v -0.189883 2.375000 -5.750900
v -0.127383 2.312500 -5.500900
v -0.189883 2.062500 -5.750900
v -0.127383 2.375000 -5.750900
v -0.189883 2.625000 -5.500900
v -0.127383 2.625000 -5.500900
v 0.122617 2.375000 5.500900
v 0.122617 2.375000 5.750900
v 0.122617 2.625000 5.500900
v 0.185117 2.125000 5.750900
v 0.122617 2.125000 5.750900
v 0.185117 2.375000 5.500900
v 0.185117 2.375000 5.750900
v 0.122617 2.062500 5.750900
v 0.185117 2.625000 5.500900
v 0.122617 2.312500 5.500900
v 0.185117 2.062500 5.750900
v -0.127383 2.125000 5.750900
v 0.185117 2.312500 5.500900
v -0.189883 2.125000 5.750900
v -0.127383 2.062500 5.750900
v -0.127383 2.375000 5.500900
v -0.189883 2.312500 5.500900
v -0.189883 2.375000 5.500900
v -0.189883 2.375000 5.750900
v -0.189883 2.062500 5.750900
v -0.127383 2.312500 5.500900
v -0.189883 2.625000 5.500900
v -0.127383 2.375000 5.750900
v -0.127383 2.625000 5.500900
v -0.555902 3.027951 -3.937500
v -1.555902 1.027951 -4.062500
v -1.555902 1.027951 -3.937500
v -0.555902 3.027951 -4.062500
v -1.444098 0.972049 -4.062500
v -1.444098 0.972049 -3.937500
v -0.444098 2.972049 -3.937500
v -0.444098 2.972049 -4.062500
v -0.555902 3.027951 -1.937500
v -1.555902 1.027951 -2.062500
v -1.555902 1.027951 -1.937500
v -0.555902 3.027951 -2.062500
v -1.444098 0.972049 -2.062500
v -1.444098 0.972049 -1.937500
v -0.444098 2.972049 -1.937500
v -0.444098 2.972049 -2.062500
v -0.555902 3.027951 0.062500
v -1.555902 1.027951 -0.062500
v -1.555902 1.027951 0.062500
v -0.555902 3.027951 -0.062500
v -1.444098 0.972049 -0.062500
v -1.444098 0.972049 0.062500
v -0.444098 2.972049 0.062500
v -0.444098 2.972049 -0.062500
v -0.555902 3.027951 2.062500
v -1.555902 1.027951 1.937500
v -1.555902 1.027951 2.062500
v -0.555902 3.027951 1.937500
v -1.444098 0.972049 1.937500
v -1.444098 0.972049 2.062500
v -0.444098 2.972049 2.062500
v -0.444098 2.972049 1.937500
v -0.555902 3.027951 4.062500
v -1.555902 1.027951 3.937500
v -1.555902 1.027951 4.062500
v -0.555902 3.027951 3.937500
v -1.444098 0.972049 3.937500
v -1.444098 0.972049 4.062500
v -0.444098 2.972049 4.062500
v -0.444098 2.972049 3.937500
v 1.555902 1.027951 -4.062500
v 0.555902 3.027951 -3.937500
v 1.555902 1.027951 -3.937500
v 0.444098 2.972049 -4.062500
v 0.555902 3.027951 -4.062500
v 1.444098 0.972049 -3.937500
v 0.444098 2.972049 -3.937500
v 1.444098 0.972049 -4.062500
v 1.555902 1.027951 -2.062500
v 0.555902 3.027951 -1.937500
v 1.555902 1.027951 -1.937500
v 0.444098 2.972049 -2.062500
v 0.555902 3.027951 -2.062500
v 1.444098 0.972049 -1.937500
v 0.444098 2.972049 -1.937500
v 1.444098 0.972049 -2.062500
v 1.555902 1.027951 -0.062500
v 0.555902 3.027951 0.062500
v 1.555902 1.027951 0.062500
v 0.444098 2.972049 -0.062500
v 0.555902 3.027951 -0.062500
v 1.444098 0.972049 0.062500
v 0.444098 2.972049 0.062500
v 1.444098 0.972049 -0.062500
v 1.555902 1.027951 1.937500
v 0.555902 3.027951 2.062500
v 1.555902 1.027951 2.062500
v 0.444098 2.972049 1.937500
v 0.555902 3.027951 1.937500
v 1.444098 0.972049 2.062500
v 0.444098 2.972049 2.062500
v 1.444098 0.972049 1.937500
v 1.555902 1.027951 3.937500
v 0.555902 3.027951 4.062500
v 1.555902 1.027951 4.062500
v 0.444098 2.972049 3.937500
v 0.555902 3.027951 3.937500
v 1.444098 0.972049 4.062500
v 0.444098 2.972049 4.062500
v 1.444098 0.972049 3.937500
v 2.750000 3.000000 3.750000
v 3.250000 1.000000 3.750000
v 2.750000 1.000000 3.750000
v 3.250000 3.000000 4.250000
v 2.750000 1.000000 4.250000
v 3.250000 1.000000 4.250000
v 3.103553 3.353553 4.250000
v 2.042893 3.707107 4.250000
v 2.750000 3.000000 4.250000
v 3.250000 3.000000 3.750000
v 3.103553 3.353553 3.750000
v 2.396447 4.060660 3.750000
v 2.042893 4.207108 3.750000
v 2.042893 3.707107 3.750000
v 1.689340 4.060660 3.750000
v 2.396447 4.060660 4.250000
v 2.042893 4.207108 4.250000
v 0.363514 2.734836 4.250000
v 0.717067 2.381282 4.250000
v 1.689340 4.060660 4.250000
v 0.363514 2.734836 3.750000
v 2.750000 3.000000 1.750000
v 3.250000 1.000000 1.750000
v 2.750000 1.000000 1.750000
v 3.250000 3.000000 2.250000
v 2.750000 1.000000 2.250000
v 3.250000 1.000000 2.250000
v 3.103553 3.353553 2.250000
v 2.042893 3.707107 2.250000
v 2.750000 3.000000 2.250000
v 3.250000 3.000000 1.750000
v 3.103553 3.353553 1.750000
v 2.396447 4.060660 1.750000
v 2.042893 4.207107 1.750000
v 2.042893 3.707107 1.750000
v 1.689340 4.060660 1.750000
v 2.396447 4.060660 2.250000
v 2.042893 4.207107 2.250000
v 0.363514 2.734836 2.250000
v 0.717067 2.381282 2.250000
v 1.689340 4.060660 2.250000
v 0.363514 2.734836 1.750000
v 2.750000 3.000000 -0.250000
v 3.250000 1.000000 -0.250000
v 2.750000 1.000000 -0.250000
v 3.250000 3.000000 0.250000
v 2.750000 1.000000 0.250000
v 3.250000 1.000000 0.250000
v 3.103553 3.353553 0.250000
v 2.042893 3.707107 0.250000
v 2.750000 3.000000 0.250000
v 3.250000 3.000000 -0.250000
v 3.103553 3.353553 -0.250000
v 2.396447 4.060660 -0.250000
v 2.042893 4.207107 -0.250000
v 2.042893 3.707107 -0.250000
v 1.689340 4.060660 -0.250000
v 2.396447 4.060660 0.250000
v 2.042893 4.207107 0.250000
v 0.363514 2.734836 0.250000
v 0.717067 2.381282 0.250000
v 1.689340 4.060660 0.250000
v 0.363514 2.734836 -0.250000
v 2.750000 3.000000 -2.250000
v 3.250000 1.000000 -2.250000
v 2.750000 1.000000 -2.250000
v 3.250000 3.000000 -1.750000
v 2.750000 1.000000 -1.750000
v 3.250000 1.000000 -1.750000
v 3.103553 3.353553 -1.750000
v 2.042893 3.707107 -1.750000
v 2.750000 3.000000 -1.750000
v 3.250000 3.000000 -2.250000
v 3.103553 3.353553 -2.250000
v 2.396447 4.060660 -2.250000
v 2.042893 4.207107 -2.250000
v 2.042893 3.707107 -2.250000
v 1.689340 4.060660 -2.250000
v 2.396447 4.060660 -1.750000
v 2.042893 4.207107 -1.750000
v 0.363514 2.734836 -1.750000
v 0.717067 2.381282 -1.750000
v 1.689340 4.060660 -1.750000
v 0.363514 2.734836 -2.250000
v 2.750000 3.000000 -4.250000
v 3.250000 1.000000 -4.250000
v 2.750000 1.000000 -4.250000
v 3.250000 3.000000 -3.750000
v 2.750000 1.000000 -3.750000
v 3.250000 1.000000 -3.750000
v 3.103553 3.353553 -3.750000
v 2.042893 3.707107 -3.750000
v 2.750000 3.000000 -3.750000
v 3.250000 3.000000 -4.250000
v 3.103553 3.353553 -4.250000
v 2.396447 4.060659 -4.250000
v 2.042893 4.207107 -4.250000
v 2.042893 3.707107 -4.250000
v 1.689340 4.060659 -4.250000
v 2.396447 4.060659 -3.750000
v 2.042893 4.207107 -3.750000
v 0.363514 2.734836 -3.750000
v 0.717067 2.381282 -3.750000
v 1.689340 4.060659 -3.750000
v 0.363514 2.734836 -4.250000
v -1.437500 2.000000 -4.750000
v -1.437500 2.000000 -3.750000
v -1.437500 2.000000 -2.750000
v -1.437500 2.000000 -1.750000
v -1.437500 2.000000 -0.750000
v -1.437500 2.000000 0.250000
v -1.437500 2.000000 1.250000
v -1.437500 2.000000 2.250000
v -1.437500 2.000000 3.250000
v -1.437500 2.000000 4.250000
v -1.437500 2.000000 5.250000
v 0.122617 2.625000 -5.500900
v 0.717067 2.381282 3.750000
v 0.717067 2.381282 1.750000
v 0.717067 2.381282 -0.250000
v 0.717067 2.381282 -2.250000
v 0.717067 2.381282 -4.250000
v -1.500000 0.250000 3.750000
v -1.437500 0.750000 3.750000
v -1.500000 0.750000 3.750000
v -1.500000 0.250000 4.250000
v -1.500000 0.750000 4.250000
v -1.437500 0.687500 3.812500
v -1.500000 0.687500 4.187500
v -1.437500 0.687500 4.187500
v -1.500000 0.312500 4.187500
v -1.437500 0.312500 4.187500
v -1.437500 0.250000 4.250000
v -1.437500 0.750000 4.250000
v -1.437500 0.250000 3.750000
v -1.437500 0.312500 3.812500
v -1.500000 0.687500 3.812500
v -1.500000 0.312500 3.812500
v -1.500000 0.250000 -4.250000
v -1.437500 0.750000 -4.250000
v -1.500000 0.750000 -4.250000
v -1.500000 0.250000 -3.750000
v -1.500000 0.750000 -3.750000
v -1.437500 0.687500 -4.187500
v -1.500000 0.687500 -3.812500
v -1.437500 0.687500 -3.812500
v -1.500000 0.312500 -3.812500
v -1.437500 0.312500 -3.812500
v -1.437500 0.250000 -3.750000
v -1.437500 0.750000 -3.750000
v -1.437500 0.250000 -4.250000
v -1.437500 0.312500 -4.187500
v -1.500000 0.687500 -4.187500
v -1.500000 0.312500 -4.187500
v -1.500000 0.250000 -2.250000
v -1.437500 0.750000 -2.250000
v -1.500000 0.750000 -2.250000
v -1.500000 0.250000 -1.750000
v -1.500000 0.750000 -1.750000
v -1.437500 0.687500 -2.187500
v -1.500000 0.687500 -1.812500
v -1.437500 0.687500 -1.812500
v -1.500000 0.312500 -1.812500
v -1.437500 0.312500 -1.812500
v -1.437500 0.250000 -1.750000
v -1.437500 0.750000 -1.750000
v -1.437500 0.250000 -2.250000
v -1.437500 0.312500 -2.187500
v -1.500000 0.687500 -2.187500
v -1.500000 0.312500 -2.187500
v -1.500000 0.250000 -0.250000
v -1.437500 0.750000 -0.250000
v -1.500000 0.750000 -0.250000
v -1.500000 0.250000 0.250000
v -1.500000 0.750000 0.250000
v -1.437500 0.687500 -0.187500
v -1.500000 0.687500 0.187500
v -1.437500 0.687500 0.187500
v -1.500000 0.312500 0.187500
v -1.437500 0.312500 0.187500
v -1.437500 0.250000 0.250000
v -1.437500 0.750000 0.250000
v -1.437500 0.250000 -0.250000
v -1.437500 0.312500 -0.187500
v -1.500000 0.687500 -0.187500
v -1.500000 0.312500 -0.187500
v -1.500000 0.250000 1.750000
v -1.437500 0.750000 1.750000
v -1.500000 0.750000 1.750000
v -1.500000 0.250000 2.250000
v -1.500000 0.750000 2.250000
v -1.437500 0.687500 1.812500
v -1.500000 0.687500 2.187500
v -1.437500 0.687500 2.187500
v -1.500000 0.312500 2.187500
v -1.437500 0.312500 2.187500
v -1.437500 0.250000 2.250000
v -1.437500 0.750000 2.250000
v -1.437500 0.250000 1.750000
v -1.437500 0.312500 1.812500
v -1.500000 0.687500 1.812500
v -1.500000 0.312500 1.812500
v 3.500000 1.000000 -3.500000
v 3.500000 -0.000000 -4.500000
v 3.500000 -0.000000 -3.500000
v 3.500000 0.250000 -3.750000
v 3.437500 0.750000 -3.750000
v 3.500000 0.750000 -3.750000
v 3.500000 1.000000 -4.500000
v 3.500000 0.250000 -4.250000
v 3.500000 0.750000 -4.250000
v 3.437500 0.687500 -3.812500
v 3.500000 0.687500 -4.187500
v 3.437500 0.687500 -4.187500
v 3.500000 0.312500 -4.187500
v 3.437500 0.312500 -4.187500
v 3.437500 0.250000 -4.250000
v 3.437500 0.750000 -4.250000
v 3.437500 0.250000 -3.750000
v 3.437500 0.312500 -3.812500
v 3.500000 0.687500 -3.812500
v 3.500000 0.312500 -3.812500
v 3.500000 1.000000 4.500000
v 3.500000 0.000000 3.500000
v 3.500000 0.000000 4.500000
v 3.500000 0.250000 4.250000
v 3.437500 0.750000 4.250000
v 3.500000 0.750000 4.250000
v 3.500000 1.000000 3.500000
v 3.500000 0.250000 3.750000
v 3.500000 0.750000 3.750000
v 3.437500 0.687500 4.187500
v 3.500000 0.687500 3.812500
v 3.437500 0.687500 3.812500
v 3.500000 0.312500 3.812500
v 3.437500 0.312500 3.812500
v 3.437500 0.250000 3.750000
v 3.437500 0.750000 3.750000
v 3.437500 0.250000 4.250000
v 3.437500 0.312500 4.187500
v 3.500000 0.687500 4.187500
v 3.500000 0.312500 4.187500
v 3.500000 1.000000 2.500000
v 3.500000 0.000000 1.500000
v 3.500000 0.000000 2.500000
v 3.500000 0.250000 2.250000
v 3.437500 0.750000 2.250000
v 3.500000 0.750000 2.250000
v 3.500000 1.000000 1.500000
v 3.500000 0.250000 1.750000
v 3.500000 0.750000 1.750000
v 3.437500 0.687500 2.187500
v 3.500000 0.687500 1.812500
v 3.437500 0.687500 1.812500
v 3.500000 0.312500 1.812500
v 3.437500 0.312500 1.812500
v 3.437500 0.250000 1.750000
v 3.437500 0.750000 1.750000
v 3.437500 0.250000 2.250000
v 3.437500 0.312500 2.187500
v 3.500000 0.687500 2.187500
v 3.500000 0.312500 2.187500
v 3.500000 1.000000 0.500000
v 3.500000 -0.000000 -0.500000
v 3.500000 0.000000 0.500000
v 3.500000 0.250000 0.250000
v 3.437500 0.750000 0.250000
v 3.500000 0.750000 0.250000
v 3.500000 1.000000 -0.500000
v 3.500000 0.250000 -0.250000
v 3.500000 0.750000 -0.250000
v 3.437500 0.687500 0.187500
v 3.500000 0.687500 -0.187500
v 3.437500 0.687500 -0.187500
v 3.500000 0.312500 -0.187500
v 3.437500 0.312500 -0.187500
v 3.437500 0.250000 -0.250000
v 3.437500 0.750000 -0.250000
v 3.437500 0.250000 0.250000
v 3.437500 0.312500 0.187500
v 3.500000 0.687500 0.187500
v 3.500000 0.312500 0.187500
v 3.500000 1.000000 -1.500000
v 3.500000 -0.000000 -2.500000
v 3.500000 -0.000000 -1.500000
v 3.500000 0.250000 -1.750000
v 3.437500 0.750000 -1.750000
v 3.500000 0.750000 -1.750000
v 3.500000 1.000000 -2.500000
v 3.500000 0.250000 -2.250000
v 3.500000 0.750000 -2.250000
v 3.437500 0.687500 -1.812500
v 3.500000 0.687500 -2.187500
v 3.437500 0.687500 -2.187500
v 3.500000 0.312500 -2.187500
v 3.437500 0.312500 -2.187500
v 3.437500 0.250000 -2.250000
v 3.437500 0.750000 -2.250000
v 3.437500 0.250000 -1.750000
v 3.437500 0.312500 -1.812500
v 3.500000 0.687500 -1.812500
v 3.500000 0.312500 -1.812500
vn -0.0000 -0.0000 -1.0000
vn -0.8944 0.4472 -0.0000
vn -0.0000 -0.0000 1.0000
vn -0.0000 -1.0000 -0.0000
vn -1.0000 -0.0000 -0.0000
vn 1.0000 -0.0000 -0.0000
vn 0.8944 0.4472 -0.0000
vn -0.0000 1.0000 -0.0000
vn -0.0000 0.7071 -0.7071
vn -0.0000 0.7071 0.7071
vn -0.0000 -0.7071 0.7071
vn -0.0000 -0.7071 -0.7071
vn -0.4472 -0.8944 -0.0000
vn 0.4472 0.8944 -0.0000
vn 0.4472 -0.8944 -0.0000
vn -0.4472 0.8944 -0.0000
vn 0.9239 0.3827 -0.0000
vn 0.3827 0.9239 -0.0000
vn 0.7071 0.7071 -0.0000
vn -0.7071 -0.7071 -0.0000
vn -0.3827 0.9239 -0.0000
vn 0.7071 -0.7071 -0.0000
vn -0.7071 0.7071 -0.0000
vt 0.280000 0.120130
vt 0.325714 0.016234
vt 0.325714 0.120130
vt 0.371429 0.016234
vt 0.234286 0.016234
vt 0.280000 0.016234
vt 0.737143 0.123377
vt 0.691429 0.240260
vt 0.691429 0.123377
vt 0.685714 0.022727
vt 0.662857 0.055195
vt 0.662857 0.022727
vt 0.645714 0.240260
vt 0.600000 0.240260
vt 0.645714 0.123377
vt 0.554286 0.240260
vt 0.600000 0.123377
vt 0.508571 0.240260
vt 0.554286 0.123377
vt 0.462857 0.240260
vt 0.508571 0.123377
vt 0.417143 0.240260
vt 0.462857 0.123377
vt 0.371429 0.240260
vt 0.417143 0.123377
vt 0.234286 0.240260
vt 0.280000 0.123377
vt 0.280000 0.240260
vt 0.325714 0.522727
vt 0.234286 0.470779
vt 0.325714 0.470779
vt 0.231429 0.574675
vt 0.185714 0.522727
vt 0.231429 0.522727
vt 0.997143 0.905844
vt 0.957143 0.853896
vt 0.997143 0.853896
vt 0.882857 0.750000
vt 0.922857 0.801948
vt 0.882857 0.801948
vt 0.997143 0.801948
vt 0.957143 0.750000
vt 0.997143 0.750000
vt 0.882857 0.698052
vt 0.922857 0.750000
vt 0.957143 0.698052
vt 0.997143 0.698052
vt 0.882857 0.853896
vt 0.922857 0.905844
vt 0.882857 0.905844
vt 0.634286 0.055195
vt 0.662857 0.094156
vt 0.634286 0.094156
vt 0.140000 0.522727
vt 0.094286 0.574675
vt 0.094286 0.522727
vt 0.140000 0.574675
vt 0.185714 0.470779
vt 0.140000 0.470779
vt 0.185714 0.418831
vt 0.140000 0.418831
vt 0.185714 0.366883
vt 0.140000 0.366883
vt 0.185714 0.314935
vt 0.140000 0.314935
vt 0.185714 0.262987
vt 0.140000 0.262987
vt 0.185714 0.211039
vt 0.140000 0.211039
vt 0.185714 0.159091
vt 0.140000 0.055195
vt 0.185714 0.003247
vt 0.185714 0.055195
vt 0.691429 0.243506
vt 0.737143 0.360390
vt 0.691429 0.360390
vt 0.737143 0.363636
vt 0.691429 0.467532
vt 0.691429 0.363636
vt 0.231429 0.470779
vt 0.231429 0.418831
vt 0.231429 0.366883
vt 0.231429 0.314935
vt 0.231429 0.262987
vt 0.231429 0.211039
vt 0.231429 0.159091
vt 0.231429 0.003247
vt 0.231429 0.055195
vt 0.691429 0.525974
vt 0.737143 0.577922
vt 0.691429 0.577922
vt 0.002857 0.574675
vt 0.002857 0.522727
vt 0.094286 0.470779
vt 0.094286 0.418831
vt 0.094286 0.366883
vt 0.094286 0.314935
vt 0.094286 0.262987
vt 0.094286 0.211039
vt 0.140000 0.159091
vt 0.094286 0.055195
vt 0.140000 0.003247
vt 0.371429 0.243506
vt 0.325714 0.360390
vt 0.325714 0.243506
vt 0.417143 0.243506
vt 0.371429 0.360390
vt 0.462857 0.243506
vt 0.417143 0.360390
vt 0.508571 0.243506
vt 0.462857 0.360390
vt 0.554286 0.243506
vt 0.508571 0.360390
vt 0.600000 0.243506
vt 0.554286 0.360390
vt 0.645714 0.243506
vt 0.600000 0.360390
vt 0.645714 0.360390
vt 0.234286 0.633117
vt 0.280000 0.581169
vt 0.280000 0.633117
vt 0.645714 0.363636
vt 0.645714 0.467532
vt 0.600000 0.363636
vt 0.600000 0.467532
vt 0.554286 0.363636
vt 0.554286 0.467532
vt 0.508571 0.363636
vt 0.508571 0.467532
vt 0.462857 0.363636
vt 0.462857 0.467532
vt 0.417143 0.363636
vt 0.417143 0.467532
vt 0.371429 0.363636
vt 0.280000 0.467532
vt 0.234286 0.363636
vt 0.280000 0.363636
vt 0.002857 0.470779
vt 0.002857 0.418831
vt 0.002857 0.366883
vt 0.002857 0.314935
vt 0.002857 0.262987
vt 0.002857 0.211039
vt 0.094286 0.159091
vt 0.002857 0.055195
vt 0.094286 0.003247
vt 0.645714 0.577922
vt 0.600000 0.525974
vt 0.645714 0.525974
vt 0.554286 0.577922
vt 0.508571 0.525974
vt 0.554286 0.525974
vt 0.462857 0.577922
vt 0.417143 0.525974
vt 0.462857 0.525974
vt 0.280000 0.577922
vt 0.234286 0.525974
vt 0.280000 0.525974
vt 0.645714 0.633117
vt 0.600000 0.581169
vt 0.645714 0.581169
vt 0.554286 0.633117
vt 0.508571 0.581169
vt 0.554286 0.581169
vt 0.462857 0.633117
vt 0.417143 0.581169
vt 0.462857 0.581169
vt 0.371429 0.633117
vt 0.325714 0.581169
vt 0.371429 0.581169
vt 0.605714 0.470779
vt 0.697143 0.522727
vt 0.605714 0.522727
vt 0.465714 0.016234
vt 0.420000 0.120130
vt 0.420000 0.016234
vt 0.511429 0.016234
vt 0.465714 0.120130
vt 0.374286 0.016234
vt 0.737143 0.633117
vt 0.691429 0.581169
vt 0.737143 0.581169
vt 0.371429 0.577922
vt 0.325714 0.525974
vt 0.371429 0.525974
vt 0.002857 0.159091
vt 0.094286 0.107143
vt 0.002857 0.107143
vt 0.371429 0.467532
vt 0.325714 0.363636
vt 0.325714 0.467532
vt 0.280000 0.243506
vt 0.234286 0.360390
vt 0.234286 0.243506
vt 0.280000 0.360390
vt 0.140000 0.107143
vt 0.231429 0.107143
vt 0.185714 0.107143
vt 0.882857 0.646104
vt 0.922857 0.698052
vt 0.957143 0.646104
vt 0.997143 0.646104
vt 0.325714 0.240260
vt 0.371429 0.123377
vt 0.325714 0.123377
vt 0.780000 0.077922
vt 0.785714 0.123377
vt 0.780000 0.123377
vt 0.745714 0.077922
vt 0.740000 0.123377
vt 0.740000 0.071429
vt 0.745714 0.175325
vt 0.745714 0.123377
vt 0.745714 0.227273
vt 0.740000 0.175325
vt 0.745714 0.279221
vt 0.740000 0.227273
vt 0.745714 0.331169
vt 0.740000 0.279221
vt 0.745714 0.383117
vt 0.740000 0.331169
vt 0.745714 0.435065
vt 0.740000 0.383117
vt 0.745714 0.487013
vt 0.740000 0.435065
vt 0.785714 0.175325
vt 0.780000 0.175325
vt 0.785714 0.227273
vt 0.780000 0.227273
vt 0.785714 0.279221
vt 0.780000 0.279221
vt 0.785714 0.331169
vt 0.780000 0.331169
vt 0.785714 0.383117
vt 0.780000 0.383117
vt 0.785714 0.435065
vt 0.780000 0.435065
vt 0.785714 0.487013
vt 0.780000 0.487013
vt 0.785714 0.071429
vt 0.780000 0.636364
vt 0.740000 0.642857
vt 0.745714 0.636364
vt 0.740000 0.590909
vt 0.745714 0.590909
vt 0.785714 0.590909
vt 0.785714 0.642857
vt 0.745714 0.538961
vt 0.740000 0.487013
vt 0.740000 0.538961
vt 0.785714 0.538961
vt 0.780000 0.538961
vt 0.780000 0.590909
vt 0.997143 0.542208
vt 0.957143 0.542208
vt 0.957143 0.496753
vt 0.788571 0.331169
vt 0.794286 0.383117
vt 0.788571 0.383117
vt 0.834286 0.435065
vt 0.828571 0.383117
vt 0.834286 0.383117
vt 0.788571 0.188312
vt 0.794286 0.227273
vt 0.788571 0.227273
vt 0.788571 0.279221
vt 0.794286 0.331169
vt 0.828571 0.331169
vt 0.834286 0.331169
vt 0.800000 0.642857
vt 0.822857 0.636364
vt 0.822857 0.642857
vt 0.794286 0.279221
vt 0.997143 0.957792
vt 0.962857 0.957792
vt 0.957143 0.951299
vt 0.957143 0.801948
vt 0.922857 0.853896
vt 0.922857 0.951299
vt 0.882857 0.490260
vt 0.917143 0.490260
vt 0.922857 0.496753
vt 0.997143 0.594156
vt 0.882857 0.542208
vt 0.922857 0.594156
vt 0.882857 0.594156
vt 0.957143 0.594156
vt 0.828571 0.279221
vt 0.834286 0.279221
vt 0.822857 0.175325
vt 0.800000 0.181818
vt 0.800000 0.175325
vt 0.922857 0.646104
vt 0.957143 0.490260
vt 0.922857 0.957792
vt 0.957143 0.957792
vt 0.928571 0.594156
vt 0.922857 0.542208
vt 0.928571 0.542208
vt 0.928571 0.646104
vt 0.928571 0.698052
vt 0.928571 0.750000
vt 0.928571 0.801948
vt 0.928571 0.853896
vt 0.951429 0.542208
vt 0.951429 0.594156
vt 0.951429 0.646104
vt 0.951429 0.698052
vt 0.951429 0.750000
vt 0.951429 0.801948
vt 0.951429 0.853896
vt 0.928571 0.905844
vt 0.957143 0.905844
vt 0.951429 0.905844
vt 0.928571 0.503247
vt 0.951429 0.503247
vt 0.951429 0.944805
vt 0.928571 0.944805
vt 0.825714 0.331169
vt 0.820000 0.279221
vt 0.825714 0.279221
vt 0.820000 0.185065
vt 0.802857 0.191558
vt 0.802857 0.185065
vt 0.820000 0.227273
vt 0.825714 0.227273
vt 0.825714 0.590909
vt 0.820000 0.538961
vt 0.825714 0.538961
vt 0.797143 0.487013
vt 0.802857 0.538961
vt 0.797143 0.538961
vt 0.802857 0.590909
vt 0.797143 0.590909
vt 0.825714 0.626623
vt 0.820000 0.590909
vt 0.797143 0.435065
vt 0.802857 0.487013
vt 0.820000 0.487013
vt 0.825714 0.487013
vt 0.834286 0.227273
vt 0.828571 0.188312
vt 0.834286 0.188312
vt 0.834286 0.487013
vt 0.828571 0.435065
vt 0.794286 0.435065
vt 0.788571 0.435065
vt 0.788571 0.590909
vt 0.794286 0.629870
vt 0.788571 0.629870
vt 0.834286 0.538961
vt 0.828571 0.487013
vt 0.794286 0.487013
vt 0.788571 0.487013
vt 0.834286 0.629870
vt 0.828571 0.590909
vt 0.834286 0.590909
vt 0.788571 0.538961
vt 0.794286 0.590909
vt 0.794286 0.538961
vt 0.828571 0.538961
vt 0.828571 0.227273
vt 0.774286 0.084416
vt 0.774286 0.123377
vt 0.751429 0.084416
vt 0.774286 0.629870
vt 0.751429 0.629870
vt 0.751429 0.590909
vt 0.951429 0.483766
vt 0.922857 0.490260
vt 0.928571 0.483766
vt 0.928571 0.964286
vt 0.951429 0.964286
vt 0.922857 0.451299
vt 0.928571 0.451299
vt 0.957143 0.451299
vt 0.957143 0.996753
vt 0.951429 0.996753
vt 0.922857 0.996753
vt 0.602857 0.094156
vt 0.580000 0.055195
vt 0.602857 0.055195
vt 0.685714 0.055195
vt 0.685714 0.094156
vt 0.551429 0.055195
vt 0.580000 0.094156
vt 0.551429 0.094156
vt 0.714286 0.094156
vt 0.714286 0.055195
vt 0.602857 0.022727
vt 0.580000 0.022727
vt 0.631429 0.094156
vt 0.631429 0.055195
vt 0.797143 0.279221
vt 0.797143 0.227273
vt 0.797143 0.331169
vt 0.797143 0.383117
vt 0.825714 0.383117
vt 0.825714 0.435065
vt 0.822857 0.181818
vt 0.820000 0.633117
vt 0.800000 0.636364
vt 0.802857 0.633117
vt 0.797143 0.191558
vt 0.794286 0.188312
vt 0.825714 0.191558
vt 0.797143 0.626623
vt 0.828571 0.629870
vt 0.802857 0.279221
vt 0.802857 0.227273
vt 0.802857 0.331169
vt 0.820000 0.331169
vt 0.802857 0.383117
vt 0.820000 0.383117
vt 0.802857 0.435065
vt 0.820000 0.435065
vt 0.820000 0.191558
vt 0.802857 0.626623
vt 0.820000 0.626623
vt 0.831429 0.811688
vt 0.837143 0.818182
vt 0.837143 0.811688
vt 0.837143 0.837662
vt 0.842857 0.844156
vt 0.842857 0.837662
vt 0.820000 0.850649
vt 0.814286 0.844156
vt 0.814286 0.850649
vt 0.814286 0.824675
vt 0.808571 0.818182
vt 0.808571 0.824675
vt 0.820000 0.818182
vt 0.820000 0.824675
vt 0.831429 0.824675
vt 0.837143 0.824675
vt 0.831429 0.818182
vt 0.837143 0.850649
vt 0.831429 0.844156
vt 0.831429 0.850649
vt 0.820000 0.844156
vt 0.814286 0.811688
vt 0.820000 0.811688
vt 0.831429 0.805195
vt 0.831429 0.792208
vt 0.820000 0.805195
vt 0.820000 0.746753
vt 0.814286 0.707792
vt 0.814286 0.746753
vt 0.837143 0.792208
vt 0.837143 0.805195
vt 0.831429 0.837662
vt 0.820000 0.837662
vt 0.837143 0.844156
vt 0.814286 0.837662
vt 0.808571 0.707792
vt 0.808571 0.746753
vt 0.820000 0.792208
vt 0.814286 0.805195
vt 0.808571 0.837662
vt 0.808571 0.844156
vt 0.842857 0.824675
vt 0.842857 0.818182
vt 0.837143 0.788961
vt 0.831429 0.750000
vt 0.831429 0.788961
vt 0.842857 0.788961
vt 0.837143 0.750000
vt 0.825714 0.746753
vt 0.820000 0.707792
vt 0.825714 0.788961
vt 0.820000 0.750000
vt 0.820000 0.788961
vt 0.831429 0.746753
vt 0.825714 0.707792
vt 0.825714 0.750000
vt 0.794286 0.811688
vt 0.800000 0.818182
vt 0.800000 0.811688
vt 0.800000 0.837662
vt 0.805714 0.844156
vt 0.805714 0.837662
vt 0.782857 0.850649
vt 0.777143 0.844156
vt 0.777143 0.850649
vt 0.777143 0.824675
vt 0.771429 0.818182
vt 0.771429 0.824675
vt 0.782857 0.818182
vt 0.782857 0.824675
vt 0.794286 0.824675
vt 0.800000 0.824675
vt 0.794286 0.818182
vt 0.800000 0.850649
vt 0.794286 0.844156
vt 0.794286 0.850649
vt 0.782857 0.844156
vt 0.777143 0.811688
vt 0.782857 0.811688
vt 0.794286 0.805195
vt 0.794286 0.792208
vt 0.782857 0.805195
vt 0.782857 0.746753
vt 0.777143 0.707792
vt 0.777143 0.746753
vt 0.800000 0.792208
vt 0.800000 0.805195
vt 0.794286 0.837662
vt 0.782857 0.837662
vt 0.800000 0.844156
vt 0.777143 0.837662
vt 0.771429 0.707792
vt 0.771429 0.746753
vt 0.782857 0.792208
vt 0.777143 0.805195
vt 0.771429 0.837662
vt 0.771429 0.844156
vt 0.805714 0.824675
vt 0.805714 0.818182
vt 0.800000 0.788961
vt 0.794286 0.750000
vt 0.794286 0.788961
vt 0.805714 0.788961
vt 0.800000 0.750000
vt 0.788571 0.746753
vt 0.782857 0.707792
vt 0.788571 0.788961
vt 0.782857 0.750000
vt 0.782857 0.788961
vt 0.794286 0.746753
vt 0.788571 0.707792
vt 0.788571 0.750000
vt 0.757143 0.811688
vt 0.762857 0.818182
vt 0.762857 0.811688
vt 0.762857 0.837662
vt 0.768571 0.844156
vt 0.768571 0.837662
vt 0.745714 0.850649
vt 0.740000 0.844156
vt 0.740000 0.850649
vt 0.740000 0.824675
vt 0.734286 0.818182
vt 0.734286 0.824675
vt 0.745714 0.818182
vt 0.745714 0.824675
vt 0.757143 0.824675
vt 0.762857 0.824675
vt 0.757143 0.818182
vt 0.762857 0.850649
vt 0.757143 0.844156
vt 0.757143 0.850649
vt 0.745714 0.844156
vt 0.740000 0.811688
vt 0.745714 0.811688
vt 0.757143 0.805195
vt 0.757143 0.792208
vt 0.745714 0.805195
vt 0.745714 0.746753
vt 0.740000 0.707792
vt 0.740000 0.746753
vt 0.762857 0.792208
vt 0.762857 0.805195
vt 0.757143 0.837662
vt 0.745714 0.837662
vt 0.762857 0.844156
vt 0.740000 0.837662
vt 0.734286 0.707792
vt 0.734286 0.746753
vt 0.745714 0.792208
vt 0.740000 0.805195
vt 0.734286 0.837662
vt 0.734286 0.844156
vt 0.768571 0.824675
vt 0.768571 0.818182
vt 0.762857 0.788961
vt 0.757143 0.750000
vt 0.757143 0.788961
vt 0.768571 0.788961
vt 0.762857 0.750000
vt 0.751429 0.746753
vt 0.745714 0.707792
vt 0.751429 0.788961
vt 0.745714 0.750000
vt 0.745714 0.788961
vt 0.757143 0.746753
vt 0.751429 0.707792
vt 0.751429 0.750000
vt 0.720000 0.811688
vt 0.725714 0.818182
vt 0.725714 0.811688
vt 0.725714 0.837662
vt 0.731429 0.844156
vt 0.731429 0.837662
vt 0.708571 0.850649
vt 0.702857 0.844156
vt 0.702857 0.850649
vt 0.702857 0.824675
vt 0.697143 0.818182
vt 0.697143 0.824675
vt 0.708571 0.818182
vt 0.708571 0.824675
vt 0.720000 0.824675
vt 0.725714 0.824675
vt 0.720000 0.818182
vt 0.725714 0.850649
vt 0.720000 0.844156
vt 0.720000 0.850649
vt 0.708571 0.844156
vt 0.702857 0.811688
vt 0.708571 0.811688
vt 0.720000 0.805195
vt 0.720000 0.792208
vt 0.708571 0.805195
vt 0.708571 0.746753
vt 0.702857 0.707792
vt 0.702857 0.746753
vt 0.725714 0.792208
vt 0.725714 0.805195
vt 0.720000 0.837662
vt 0.708571 0.837662
vt 0.725714 0.844156
vt 0.702857 0.837662
vt 0.697143 0.707792
vt 0.697143 0.746753
vt 0.708571 0.792208
vt 0.702857 0.805195
vt 0.697143 0.837662
vt 0.697143 0.844156
vt 0.731429 0.824675
vt 0.731429 0.818182
vt 0.725714 0.788961
vt 0.720000 0.750000
vt 0.720000 0.788961
vt 0.731429 0.788961
vt 0.725714 0.750000
vt 0.714286 0.746753
vt 0.708571 0.707792
vt 0.714286 0.788961
vt 0.708571 0.750000
vt 0.708571 0.788961
vt 0.720000 0.746753
vt 0.714286 0.707792
vt 0.714286 0.750000
vt 0.682857 0.811688
vt 0.688571 0.818182
vt 0.688571 0.811688
vt 0.688571 0.837662
vt 0.694286 0.844156
vt 0.694286 0.837662
vt 0.671429 0.850649
vt 0.665714 0.844156
vt 0.665714 0.850649
vt 0.665714 0.824675
vt 0.660000 0.818182
vt 0.660000 0.824675
vt 0.671429 0.818182
vt 0.671429 0.824675
vt 0.682857 0.824675
vt 0.688571 0.824675
vt 0.682857 0.818182
vt 0.688571 0.850649
vt 0.682857 0.844156
vt 0.682857 0.850649
vt 0.671429 0.844156
vt 0.665714 0.811688
vt 0.671429 0.811688
vt 0.682857 0.805195
vt 0.682857 0.792208
vt 0.671429 0.805195
vt 0.671429 0.746753
vt 0.665714 0.707792
vt 0.665714 0.746753
vt 0.688571 0.792208
vt 0.688571 0.805195
vt 0.682857 0.837662
vt 0.671429 0.837662
vt 0.688571 0.844156
vt 0.665714 0.837662
vt 0.660000 0.707792
vt 0.660000 0.746753
vt 0.671429 0.792208
vt 0.665714 0.805195
vt 0.660000 0.837662
vt 0.660000 0.844156
vt 0.694286 0.824675
vt 0.694286 0.818182
vt 0.688571 0.788961
vt 0.682857 0.750000
vt 0.682857 0.788961
vt 0.694286 0.788961
vt 0.688571 0.750000
vt 0.677143 0.746753
vt 0.671429 0.707792
vt 0.677143 0.788961
vt 0.671429 0.750000
vt 0.671429 0.788961
vt 0.682857 0.746753
vt 0.677143 0.707792
vt 0.677143 0.750000
vt 0.645714 0.811688
vt 0.651429 0.818182
vt 0.651429 0.811688
vt 0.651429 0.837662
vt 0.657143 0.844156
vt 0.657143 0.837662
vt 0.634286 0.850649
vt 0.628571 0.844156
vt 0.628571 0.850649
vt 0.628571 0.824675
vt 0.622857 0.818182
vt 0.622857 0.824675
vt 0.634286 0.818182
vt 0.634286 0.824675
vt 0.645714 0.824675
vt 0.651429 0.824675
vt 0.645714 0.818182
vt 0.651429 0.850649
vt 0.645714 0.844156
vt 0.645714 0.850649
vt 0.634286 0.844156
vt 0.628571 0.811688
vt 0.634286 0.811688
vt 0.645714 0.805195
vt 0.645714 0.792208
vt 0.634286 0.805195
vt 0.634286 0.746753
vt 0.628571 0.707792
vt 0.628571 0.746753
vt 0.651429 0.792208
vt 0.651429 0.805195
vt 0.645714 0.837662
vt 0.634286 0.837662
vt 0.651429 0.844156
vt 0.628571 0.837662
vt 0.622857 0.707792
vt 0.622857 0.746753
vt 0.634286 0.792208
vt 0.628571 0.805195
vt 0.622857 0.837662
vt 0.622857 0.844156
vt 0.657143 0.824675
vt 0.657143 0.818182
vt 0.651429 0.788961
vt 0.645714 0.750000
vt 0.645714 0.788961
vt 0.657143 0.788961
vt 0.651429 0.750000
vt 0.640000 0.746753
vt 0.634286 0.707792
vt 0.640000 0.788961
vt 0.634286 0.750000
vt 0.634286 0.788961
vt 0.645714 0.746753
vt 0.640000 0.707792
vt 0.640000 0.750000
vt 0.608571 0.811688
vt 0.614286 0.818182
vt 0.614286 0.811688
vt 0.614286 0.837662
vt 0.620000 0.844156
vt 0.620000 0.837662
vt 0.597143 0.850649
vt 0.591429 0.844156
vt 0.591429 0.850649
vt 0.591429 0.824675
vt 0.585714 0.818182
vt 0.585714 0.824675
vt 0.597143 0.818182
vt 0.597143 0.824675
vt 0.608571 0.824675
vt 0.614286 0.824675
vt 0.608571 0.818182
vt 0.614286 0.850649
vt 0.608571 0.844156
vt 0.608571 0.850649
vt 0.597143 0.844156
vt 0.591429 0.811688
vt 0.597143 0.811688
vt 0.608571 0.805195
vt 0.608571 0.792208
vt 0.597143 0.805195
vt 0.597143 0.746753
vt 0.591429 0.707792
vt 0.591429 0.746753
vt 0.614286 0.792208
vt 0.614286 0.805195
vt 0.608571 0.837662
vt 0.597143 0.837662
vt 0.614286 0.844156
vt 0.591429 0.837662
vt 0.585714 0.707792
vt 0.585714 0.746753
vt 0.597143 0.792208
vt 0.591429 0.805195
vt 0.585714 0.837662
vt 0.585714 0.844156
vt 0.620000 0.824675
vt 0.620000 0.818182
vt 0.614286 0.788961
vt 0.608571 0.750000
vt 0.608571 0.788961
vt 0.620000 0.788961
vt 0.614286 0.750000
vt 0.602857 0.746753
vt 0.597143 0.707792
vt 0.602857 0.788961
vt 0.597143 0.750000
vt 0.597143 0.788961
vt 0.608571 0.746753
vt 0.602857 0.707792
vt 0.602857 0.750000
vt 0.571429 0.811688
vt 0.577143 0.818182
vt 0.577143 0.811688
vt 0.577143 0.837662
vt 0.582857 0.844156
vt 0.582857 0.837662
vt 0.560000 0.850649
vt 0.554286 0.844156
vt 0.554286 0.850649
vt 0.554286 0.824675
vt 0.548571 0.818182
vt 0.548571 0.824675
vt 0.560000 0.818182
vt 0.560000 0.824675
vt 0.571429 0.824675
vt 0.577143 0.824675
vt 0.571429 0.818182
vt 0.577143 0.850649
vt 0.571429 0.844156
vt 0.571429 0.850649
vt 0.560000 0.844156
vt 0.554286 0.811688
vt 0.560000 0.811688
vt 0.571429 0.805195
vt 0.571429 0.792208
vt 0.560000 0.805195
vt 0.560000 0.746753
vt 0.554286 0.707792
vt 0.554286 0.746753
vt 0.577143 0.792208
vt 0.577143 0.805195
vt 0.571429 0.837662
vt 0.560000 0.837662
vt 0.577143 0.844156
vt 0.554286 0.837662
vt 0.548571 0.707792
vt 0.548571 0.746753
vt 0.560000 0.792208
vt 0.554286 0.805195
vt 0.548571 0.837662
vt 0.548571 0.844156
vt 0.582857 0.824675
vt 0.582857 0.818182
vt 0.577143 0.788961
vt 0.571429 0.750000
vt 0.571429 0.788961
vt 0.582857 0.788961
vt 0.577143 0.750000
vt 0.565714 0.746753
vt 0.560000 0.707792
vt 0.565714 0.788961
vt 0.560000 0.750000
vt 0.560000 0.788961
vt 0.571429 0.746753
vt 0.565714 0.707792
vt 0.565714 0.750000
vt 0.534286 0.811688
vt 0.540000 0.818182
vt 0.540000 0.811688
vt 0.540000 0.837662
vt 0.545714 0.844156
vt 0.545714 0.837662
vt 0.522857 0.850649
vt 0.517143 0.844156
vt 0.517143 0.850649
vt 0.517143 0.824675
vt 0.511429 0.818182
vt 0.511429 0.824675
vt 0.522857 0.818182
vt 0.522857 0.824675
vt 0.534286 0.824675
vt 0.540000 0.824675
vt 0.534286 0.818182
vt 0.540000 0.850649
vt 0.534286 0.844156
vt 0.534286 0.850649
vt 0.522857 0.844156
vt 0.517143 0.811688
vt 0.522857 0.811688
vt 0.534286 0.805195
vt 0.534286 0.792208
vt 0.522857 0.805195
vt 0.522857 0.746753
vt 0.517143 0.707792
vt 0.517143 0.746753
vt 0.540000 0.792208
vt 0.540000 0.805195
vt 0.534286 0.837662
vt 0.522857 0.837662
vt 0.540000 0.844156
vt 0.517143 0.837662
vt 0.511429 0.707792
vt 0.511429 0.746753
vt 0.522857 0.792208
vt 0.517143 0.805195
vt 0.511429 0.837662
vt 0.511429 0.844156
vt 0.545714 0.824675
vt 0.545714 0.818182
vt 0.540000 0.788961
vt 0.534286 0.750000
vt 0.534286 0.788961
vt 0.545714 0.788961
vt 0.540000 0.750000
vt 0.528571 0.746753
vt 0.522857 0.707792
vt 0.528571 0.788961
vt 0.522857 0.750000
vt 0.522857 0.788961
vt 0.534286 0.746753
vt 0.528571 0.707792
vt 0.528571 0.750000
vt 0.497143 0.811688
vt 0.502857 0.818182
vt 0.502857 0.811688
vt 0.502857 0.837662
vt 0.508571 0.844156
vt 0.508571 0.837662
vt 0.485714 0.850649
vt 0.480000 0.844156
vt 0.480000 0.850649
vt 0.480000 0.824675
vt 0.474286 0.818182
vt 0.474286 0.824675
vt 0.485714 0.818182
vt 0.485714 0.824675
vt 0.497143 0.824675
vt 0.502857 0.824675
vt 0.497143 0.818182
vt 0.502857 0.850649
vt 0.497143 0.844156
vt 0.497143 0.850649
vt 0.485714 0.844156
vt 0.480000 0.811688
vt 0.485714 0.811688
vt 0.497143 0.805195
vt 0.497143 0.792208
vt 0.485714 0.805195
vt 0.485714 0.746753
vt 0.480000 0.707792
vt 0.480000 0.746753
vt 0.502857 0.792208
vt 0.502857 0.805195
vt 0.497143 0.837662
vt 0.485714 0.837662
vt 0.502857 0.844156
vt 0.480000 0.837662
vt 0.474286 0.707792
vt 0.474286 0.746753
vt 0.485714 0.792208
vt 0.480000 0.805195
vt 0.474286 0.837662
vt 0.474286 0.844156
vt 0.508571 0.824675
vt 0.508571 0.818182
vt 0.502857 0.788961
vt 0.497143 0.750000
vt 0.497143 0.788961
vt 0.508571 0.788961
vt 0.502857 0.750000
vt 0.491429 0.746753
vt 0.485714 0.707792
vt 0.491429 0.788961
vt 0.485714 0.750000
vt 0.485714 0.788961
vt 0.497143 0.746753
vt 0.491429 0.707792
vt 0.491429 0.750000
vt 0.868571 0.811688
vt 0.874286 0.818182
vt 0.874286 0.811688
vt 0.874286 0.837662
vt 0.880000 0.844156
vt 0.880000 0.837662
vt 0.857143 0.850649
vt 0.851429 0.844156
vt 0.851429 0.850649
vt 0.851429 0.824675
vt 0.845714 0.818182
vt 0.845714 0.824675
vt 0.857143 0.818182
vt 0.857143 0.824675
vt 0.868571 0.824675
vt 0.874286 0.824675
vt 0.868571 0.818182
vt 0.874286 0.850649
vt 0.868571 0.844156
vt 0.868571 0.850649
vt 0.857143 0.844156
vt 0.851429 0.811688
vt 0.857143 0.811688
vt 0.868571 0.805195
vt 0.868571 0.792208
vt 0.857143 0.805195
vt 0.857143 0.746753
vt 0.851429 0.707792
vt 0.851429 0.746753
vt 0.874286 0.792208
vt 0.874286 0.805195
vt 0.868571 0.837662
vt 0.857143 0.837662
vt 0.874286 0.844156
vt 0.851429 0.837662
vt 0.845714 0.707792
vt 0.845714 0.746753
vt 0.857143 0.792208
vt 0.851429 0.805195
vt 0.845714 0.837662
vt 0.845714 0.844156
vt 0.880000 0.824675
vt 0.880000 0.818182
vt 0.874286 0.788961
vt 0.868571 0.750000
vt 0.868571 0.788961
vt 0.880000 0.788961
vt 0.874286 0.750000
vt 0.862857 0.746753
vt 0.857143 0.707792
vt 0.862857 0.788961
vt 0.857143 0.750000
vt 0.857143 0.788961
vt 0.868571 0.746753
vt 0.862857 0.707792
vt 0.862857 0.750000
vt 0.522857 0.957792
vt 0.517143 0.964286
vt 0.522857 0.964286
vt 0.511429 0.990260
vt 0.517143 0.983766
vt 0.511429 0.983766
vt 0.534286 0.996753
vt 0.540000 0.990260
vt 0.534286 0.990260
vt 0.545714 0.964286
vt 0.540000 0.970779
vt 0.545714 0.970779
vt 0.534286 0.964286
vt 0.534286 0.970779
vt 0.522857 0.970779
vt 0.517143 0.970779
vt 0.517143 0.996753
vt 0.522857 0.990260
vt 0.517143 0.990260
vt 0.522857 0.996753
vt 0.540000 0.957792
vt 0.540000 0.964286
vt 0.534286 0.957792
vt 0.522857 0.951299
vt 0.534286 0.951299
vt 0.522857 0.938312
vt 0.540000 0.853896
vt 0.534286 0.892857
vt 0.540000 0.892857
vt 0.517143 0.938312
vt 0.517143 0.951299
vt 0.522857 0.983766
vt 0.534286 0.983766
vt 0.540000 0.983766
vt 0.545714 0.853896
vt 0.545714 0.892857
vt 0.540000 0.951299
vt 0.534286 0.938312
vt 0.545714 0.983766
vt 0.545714 0.990260
vt 0.511429 0.970779
vt 0.511429 0.964286
vt 0.522857 0.896104
vt 0.517143 0.935065
vt 0.522857 0.935065
vt 0.517143 0.896104
vt 0.511429 0.935065
vt 0.534286 0.853896
vt 0.528571 0.892857
vt 0.534286 0.896104
vt 0.528571 0.935065
vt 0.534286 0.935065
vt 0.528571 0.853896
vt 0.522857 0.892857
vt 0.528571 0.896104
vt 0.560000 0.957792
vt 0.554286 0.964286
vt 0.560000 0.964286
vt 0.548571 0.990260
vt 0.554286 0.983766
vt 0.548571 0.983766
vt 0.571429 0.996753
vt 0.577143 0.990260
vt 0.571429 0.990260
vt 0.582857 0.964286
vt 0.577143 0.970779
vt 0.582857 0.970779
vt 0.571429 0.964286
vt 0.571429 0.970779
vt 0.560000 0.970779
vt 0.554286 0.970779
vt 0.554286 0.996753
vt 0.560000 0.990260
vt 0.554286 0.990260
vt 0.560000 0.996753
vt 0.577143 0.957792
vt 0.577143 0.964286
vt 0.571429 0.957792
vt 0.560000 0.951299
vt 0.571429 0.951299
vt 0.560000 0.938312
vt 0.577143 0.853896
vt 0.571429 0.892857
vt 0.577143 0.892857
vt 0.554286 0.938312
vt 0.554286 0.951299
vt 0.560000 0.983766
vt 0.571429 0.983766
vt 0.577143 0.983766
vt 0.582857 0.853896
vt 0.582857 0.892857
vt 0.577143 0.951299
vt 0.571429 0.938312
vt 0.582857 0.983766
vt 0.582857 0.990260
vt 0.548571 0.970779
vt 0.548571 0.964286
vt 0.560000 0.896104
vt 0.554286 0.935065
vt 0.560000 0.935065
vt 0.554286 0.896104
vt 0.548571 0.935065
vt 0.571429 0.853896
vt 0.565714 0.892857
vt 0.571429 0.896104
vt 0.565714 0.935065
vt 0.571429 0.935065
vt 0.565714 0.853896
vt 0.560000 0.892857
vt 0.565714 0.896104
vt 0.597143 0.957792
vt 0.591429 0.964286
vt 0.597143 0.964286
vt 0.585714 0.990260
vt 0.591429 0.983766
vt 0.585714 0.983766
vt 0.608571 0.996753
vt 0.614286 0.990260
vt 0.608571 0.990260
vt 0.620000 0.964286
vt 0.614286 0.970779
vt 0.620000 0.970779
vt 0.608571 0.964286
vt 0.608571 0.970779
vt 0.597143 0.970779
vt 0.591429 0.970779
vt 0.591429 0.996753
vt 0.597143 0.990260
vt 0.591429 0.990260
vt 0.597143 0.996753
vt 0.614286 0.957792
vt 0.614286 0.964286
vt 0.608571 0.957792
vt 0.597143 0.951299
vt 0.608571 0.951299
vt 0.597143 0.938312
vt 0.614286 0.853896
vt 0.608571 0.892857
vt 0.614286 0.892857
vt 0.591429 0.938312
vt 0.591429 0.951299
vt 0.597143 0.983766
vt 0.608571 0.983766
vt 0.614286 0.983766
vt 0.620000 0.853896
vt 0.620000 0.892857
vt 0.614286 0.951299
vt 0.608571 0.938312
vt 0.620000 0.983766
vt 0.620000 0.990260
vt 0.585714 0.970779
vt 0.585714 0.964286
vt 0.597143 0.896104
vt 0.591429 0.935065
vt 0.597143 0.935065
vt 0.591429 0.896104
vt 0.585714 0.935065
vt 0.608571 0.853896
vt 0.602857 0.892857
vt 0.608571 0.896104
vt 0.602857 0.935065
vt 0.608571 0.935065
vt 0.602857 0.853896
vt 0.597143 0.892857
vt 0.602857 0.896104
vt 0.634286 0.957792
vt 0.628571 0.964286
vt 0.634286 0.964286
vt 0.622857 0.990260
vt 0.628571 0.983766
vt 0.622857 0.983766
vt 0.645714 0.996753
vt 0.651429 0.990260
vt 0.645714 0.990260
vt 0.657143 0.964286
vt 0.651429 0.970779
vt 0.657143 0.970779
vt 0.645714 0.964286
vt 0.645714 0.970779
vt 0.634286 0.970779
vt 0.628571 0.970779
vt 0.628571 0.996753
vt 0.634286 0.990260
vt 0.628571 0.990260
vt 0.634286 0.996753
vt 0.651429 0.957792
vt 0.651429 0.964286
vt 0.645714 0.957792
vt 0.634286 0.951299
vt 0.645714 0.951299
vt 0.634286 0.938312
vt 0.651429 0.853896
vt 0.645714 0.892857
vt 0.651429 0.892857
vt 0.628571 0.938312
vt 0.628571 0.951299
vt 0.634286 0.983766
vt 0.645714 0.983766
vt 0.651429 0.983766
vt 0.657143 0.853896
vt 0.657143 0.892857
vt 0.651429 0.951299
vt 0.645714 0.938312
vt 0.657143 0.983766
vt 0.657143 0.990260
vt 0.622857 0.970779
vt 0.622857 0.964286
vt 0.634286 0.896104
vt 0.628571 0.935065
vt 0.634286 0.935065
vt 0.628571 0.896104
vt 0.622857 0.935065
vt 0.645714 0.853896
vt 0.640000 0.892857
vt 0.645714 0.896104
vt 0.640000 0.935065
vt 0.645714 0.935065
vt 0.640000 0.853896
vt 0.634286 0.892857
vt 0.640000 0.896104
vt 0.671429 0.957792
vt 0.665714 0.964286
vt 0.671429 0.964286
vt 0.660000 0.990260
vt 0.665714 0.983766
vt 0.660000 0.983766
vt 0.682857 0.996753
vt 0.688571 0.990260
vt 0.682857 0.990260
vt 0.694286 0.964286
vt 0.688571 0.970779
vt 0.694286 0.970779
vt 0.682857 0.964286
vt 0.682857 0.970779
vt 0.671429 0.970779
vt 0.665714 0.970779
vt 0.665714 0.996753
vt 0.671429 0.990260
vt 0.665714 0.990260
vt 0.671429 0.996753
vt 0.688571 0.957792
vt 0.688571 0.964286
vt 0.682857 0.957792
vt 0.671429 0.951299
vt 0.682857 0.951299
vt 0.671429 0.938312
vt 0.688571 0.853896
vt 0.682857 0.892857
vt 0.688571 0.892857
vt 0.665714 0.938312
vt 0.665714 0.951299
vt 0.671429 0.983766
vt 0.682857 0.983766
vt 0.688571 0.983766
vt 0.694286 0.853896
vt 0.694286 0.892857
vt 0.688571 0.951299
vt 0.682857 0.938312
vt 0.694286 0.983766
vt 0.694286 0.990260
vt 0.660000 0.970779
vt 0.660000 0.964286
vt 0.671429 0.896104
vt 0.665714 0.935065
vt 0.671429 0.935065
vt 0.665714 0.896104
vt 0.660000 0.935065
vt 0.682857 0.853896
vt 0.677143 0.892857
vt 0.682857 0.896104
vt 0.677143 0.935065
vt 0.682857 0.935065
vt 0.677143 0.853896
vt 0.671429 0.892857
vt 0.677143 0.896104
vt 0.708571 0.957792
vt 0.702857 0.964286
vt 0.708571 0.964286
vt 0.697143 0.990260
vt 0.702857 0.983766
vt 0.697143 0.983766
vt 0.720000 0.996753
vt 0.725714 0.990260
vt 0.720000 0.990260
vt 0.731429 0.964286
vt 0.725714 0.970779
vt 0.731429 0.970779
vt 0.720000 0.964286
vt 0.720000 0.970779
vt 0.708571 0.970779
vt 0.702857 0.970779
vt 0.702857 0.996753
vt 0.708571 0.990260
vt 0.702857 0.990260
vt 0.708571 0.996753
vt 0.725714 0.957792
vt 0.725714 0.964286
vt 0.720000 0.957792
vt 0.708571 0.951299
vt 0.720000 0.951299
vt 0.708571 0.938312
vt 0.725714 0.853896
vt 0.720000 0.892857
vt 0.725714 0.892857
vt 0.702857 0.938312
vt 0.702857 0.951299
vt 0.708571 0.983766
vt 0.720000 0.983766
vt 0.725714 0.983766
vt 0.731429 0.853896
vt 0.731429 0.892857
vt 0.725714 0.951299
vt 0.720000 0.938312
vt 0.731429 0.983766
vt 0.731429 0.990260
vt 0.697143 0.970779
vt 0.697143 0.964286
vt 0.708571 0.896104
vt 0.702857 0.935065
vt 0.708571 0.935065
vt 0.702857 0.896104
vt 0.697143 0.935065
vt 0.720000 0.853896
vt 0.714286 0.892857
vt 0.720000 0.896104
vt 0.714286 0.935065
vt 0.720000 0.935065
vt 0.714286 0.853896
vt 0.708571 0.892857
vt 0.714286 0.896104
vt 0.745714 0.957792
vt 0.740000 0.964286
vt 0.745714 0.964286
vt 0.734286 0.990260
vt 0.740000 0.983766
vt 0.734286 0.983766
vt 0.757143 0.996753
vt 0.762857 0.990260
vt 0.757143 0.990260
vt 0.768571 0.964286
vt 0.762857 0.970779
vt 0.768571 0.970779
vt 0.757143 0.964286
vt 0.757143 0.970779
vt 0.745714 0.970779
vt 0.740000 0.970779
vt 0.740000 0.996753
vt 0.745714 0.990260
vt 0.740000 0.990260
vt 0.745714 0.996753
vt 0.762857 0.957792
vt 0.762857 0.964286
vt 0.757143 0.957792
vt 0.745714 0.951299
vt 0.757143 0.951299
vt 0.745714 0.938312
vt 0.762857 0.853896
vt 0.757143 0.892857
vt 0.762857 0.892857
vt 0.740000 0.938312
vt 0.740000 0.951299
vt 0.745714 0.983766
vt 0.757143 0.983766
vt 0.762857 0.983766
vt 0.768571 0.853896
vt 0.768571 0.892857
vt 0.762857 0.951299
vt 0.757143 0.938312
vt 0.768571 0.983766
vt 0.768571 0.990260
vt 0.734286 0.970779
vt 0.734286 0.964286
vt 0.745714 0.896104
vt 0.740000 0.935065
vt 0.745714 0.935065
vt 0.740000 0.896104
vt 0.734286 0.935065
vt 0.757143 0.853896
vt 0.751429 0.892857
vt 0.757143 0.896104
vt 0.751429 0.935065
vt 0.757143 0.935065
vt 0.751429 0.853896
vt 0.745714 0.892857
vt 0.751429 0.896104
vt 0.782857 0.957792
vt 0.777143 0.964286
vt 0.782857 0.964286
vt 0.771429 0.990260
vt 0.777143 0.983766
vt 0.771429 0.983766
vt 0.794286 0.996753
vt 0.800000 0.990260
vt 0.794286 0.990260
vt 0.805714 0.964286
vt 0.800000 0.970779
vt 0.805714 0.970779
vt 0.794286 0.964286
vt 0.794286 0.970779
vt 0.782857 0.970779
vt 0.777143 0.970779
vt 0.777143 0.996753
vt 0.782857 0.990260
vt 0.777143 0.990260
vt 0.782857 0.996753
vt 0.800000 0.957792
vt 0.800000 0.964286
vt 0.794286 0.957792
vt 0.782857 0.951299
vt 0.794286 0.951299
vt 0.782857 0.938312
vt 0.800000 0.853896
vt 0.794286 0.892857
vt 0.800000 0.892857
vt 0.777143 0.938312
vt 0.777143 0.951299
vt 0.782857 0.983766
vt 0.794286 0.983766
vt 0.800000 0.983766
vt 0.805714 0.853896
vt 0.805714 0.892857
vt 0.800000 0.951299
vt 0.794286 0.938312
vt 0.805714 0.983766
vt 0.805714 0.990260
vt 0.771429 0.970779
vt 0.771429 0.964286
vt 0.782857 0.896104
vt 0.777143 0.935065
vt 0.782857 0.935065
vt 0.777143 0.896104
vt 0.771429 0.935065
vt 0.794286 0.853896
vt 0.788571 0.892857
vt 0.794286 0.896104
vt 0.788571 0.935065
vt 0.794286 0.935065
vt 0.788571 0.853896
vt 0.782857 0.892857
vt 0.788571 0.896104
vt 0.820000 0.957792
vt 0.814286 0.964286
vt 0.820000 0.964286
vt 0.808571 0.990260
vt 0.814286 0.983766
vt 0.808571 0.983766
vt 0.831429 0.996753
vt 0.837143 0.990260
vt 0.831429 0.990260
vt 0.842857 0.964286
vt 0.837143 0.970779
vt 0.842857 0.970779
vt 0.831429 0.964286
vt 0.831429 0.970779
vt 0.820000 0.970779
vt 0.814286 0.970779
vt 0.814286 0.996753
vt 0.820000 0.990260
vt 0.814286 0.990260
vt 0.820000 0.996753
vt 0.837143 0.957792
vt 0.837143 0.964286
vt 0.831429 0.957792
vt 0.820000 0.951299
vt 0.831429 0.951299
vt 0.820000 0.938312
vt 0.837143 0.853896
vt 0.831429 0.892857
vt 0.837143 0.892857
vt 0.814286 0.938312
vt 0.814286 0.951299
vt 0.820000 0.983766
vt 0.831429 0.983766
vt 0.837143 0.983766
vt 0.842857 0.853896
vt 0.842857 0.892857
vt 0.837143 0.951299
vt 0.831429 0.938312
vt 0.842857 0.983766
vt 0.842857 0.990260
vt 0.808571 0.970779
vt 0.808571 0.964286
vt 0.820000 0.896104
vt 0.814286 0.935065
vt 0.820000 0.935065
vt 0.814286 0.896104
vt 0.808571 0.935065
vt 0.831429 0.853896
vt 0.825714 0.892857
vt 0.831429 0.896104
vt 0.825714 0.935065
vt 0.831429 0.935065
vt 0.825714 0.853896
vt 0.820000 0.892857
vt 0.825714 0.896104
vt 0.857143 0.957792
vt 0.851429 0.964286
vt 0.857143 0.964286
vt 0.845714 0.990260
vt 0.851429 0.983766
vt 0.845714 0.983766
vt 0.868571 0.996753
vt 0.874286 0.990260
vt 0.868571 0.990260
vt 0.880000 0.964286
vt 0.874286 0.970779
vt 0.880000 0.970779
vt 0.868571 0.964286
vt 0.868571 0.970779
vt 0.857143 0.970779
vt 0.851429 0.970779
vt 0.851429 0.996753
vt 0.857143 0.990260
vt 0.851429 0.990260
vt 0.857143 0.996753
vt 0.874286 0.957792
vt 0.874286 0.964286
vt 0.868571 0.957792
vt 0.857143 0.951299
vt 0.868571 0.951299
vt 0.857143 0.938312
vt 0.874286 0.853896
vt 0.868571 0.892857
vt 0.874286 0.892857
vt 0.851429 0.938312
vt 0.851429 0.951299
vt 0.857143 0.983766
vt 0.868571 0.983766
vt 0.874286 0.983766
vt 0.880000 0.853896
vt 0.880000 0.892857
vt 0.874286 0.951299
vt 0.868571 0.938312
vt 0.880000 0.983766
vt 0.880000 0.990260
vt 0.845714 0.970779
vt 0.845714 0.964286
vt 0.857143 0.896104
vt 0.851429 0.935065
vt 0.857143 0.935065
vt 0.851429 0.896104
vt 0.845714 0.935065
vt 0.868571 0.853896
vt 0.862857 0.892857
vt 0.868571 0.896104
vt 0.862857 0.935065
vt 0.868571 0.935065
vt 0.862857 0.853896
vt 0.857143 0.892857
vt 0.862857 0.896104
vt 0.485714 0.957792
vt 0.480000 0.964286
vt 0.485714 0.964286
vt 0.474286 0.990260
vt 0.480000 0.983766
vt 0.474286 0.983766
vt 0.497143 0.996753
vt 0.502857 0.990260
vt 0.497143 0.990260
vt 0.508571 0.964286
vt 0.502857 0.970779
vt 0.508571 0.970779
vt 0.497143 0.964286
vt 0.497143 0.970779
vt 0.485714 0.970779
vt 0.480000 0.970779
vt 0.480000 0.996753
vt 0.485714 0.990260
vt 0.480000 0.990260
vt 0.485714 0.996753
vt 0.502857 0.957792
vt 0.502857 0.964286
vt 0.497143 0.957792
vt 0.485714 0.951299
vt 0.497143 0.951299
vt 0.485714 0.938312
vt 0.502857 0.853896
vt 0.497143 0.892857
vt 0.502857 0.892857
vt 0.480000 0.938312
vt 0.480000 0.951299
vt 0.485714 0.983766
vt 0.497143 0.983766
vt 0.502857 0.983766
vt 0.508571 0.853896
vt 0.508571 0.892857
vt 0.502857 0.951299
vt 0.497143 0.938312
vt 0.508571 0.983766
vt 0.508571 0.990260
vt 0.474286 0.970779
vt 0.474286 0.964286
vt 0.485714 0.896104
vt 0.480000 0.935065
vt 0.485714 0.935065
vt 0.480000 0.896104
vt 0.474286 0.935065
vt 0.497143 0.853896
vt 0.491429 0.892857
vt 0.497143 0.896104
vt 0.491429 0.935065
vt 0.497143 0.935065
vt 0.491429 0.853896
vt 0.485714 0.892857
vt 0.491429 0.896104
vt 0.822857 0.149351
vt 0.814286 0.139610
vt 0.822857 0.129870
vt 0.822857 0.126623
vt 0.820000 0.113636
vt 0.822857 0.113636
vt 0.811429 0.139610
vt 0.802857 0.149351
vt 0.802857 0.129870
vt 0.822857 0.110390
vt 0.811429 0.159091
vt 0.820000 0.110390
vt 0.822857 0.090909
vt 0.834286 0.113636
vt 0.817143 0.110390
vt 0.820000 0.090909
vt 0.834286 0.110390
vt 0.837143 0.113636
vt 0.834286 0.149351
vt 0.840000 0.110390
vt 0.837143 0.090909
vt 0.840000 0.090909
vt 0.854286 0.149351
vt 0.845714 0.139610
vt 0.854286 0.129870
vt 0.834286 0.090909
vt 0.837143 0.110390
vt 0.842857 0.139610
vt 0.845714 0.159091
vt 0.842857 0.159091
vt 0.834286 0.126623
vt 0.888571 0.149351
vt 0.880000 0.139610
vt 0.880000 0.159091
vt 0.885714 0.113636
vt 0.888571 0.126623
vt 0.888571 0.113636
vt 0.868571 0.149351
vt 0.877143 0.139610
vt 0.868571 0.129870
vt 0.888571 0.110390
vt 0.877143 0.159091
vt 0.888571 0.090909
vt 0.885714 0.110390
vt 0.900000 0.113636
vt 0.882857 0.110390
vt 0.885714 0.090909
vt 0.882857 0.090909
vt 0.902857 0.113636
vt 0.900000 0.110390
vt 0.900000 0.149351
vt 0.888571 0.129870
vt 0.902857 0.090909
vt 0.905714 0.110390
vt 0.905714 0.090909
vt 0.911429 0.139610
vt 0.920000 0.149351
vt 0.920000 0.129870
vt 0.902857 0.110390
vt 0.900000 0.090909
vt 0.911429 0.159091
vt 0.908571 0.139610
vt 0.908571 0.159091
vt 0.900000 0.126623
vt 0.900000 0.129870
vt 0.868571 0.308442
vt 0.862857 0.191558
vt 0.868571 0.191558
vt 0.862857 0.308442
vt 0.857143 0.191558
vt 0.874286 0.191558
vt 0.862857 0.185065
vt 0.868571 0.314935
vt 0.862857 0.314935
vt 0.888571 0.308442
vt 0.882857 0.191558
vt 0.888571 0.191558
vt 0.882857 0.308442
vt 0.877143 0.191558
vt 0.894286 0.191558
vt 0.882857 0.185065
vt 0.888571 0.314935
vt 0.882857 0.314935
vt 0.908571 0.308442
vt 0.902857 0.191558
vt 0.908571 0.191558
vt 0.902857 0.308442
vt 0.897143 0.191558
vt 0.914286 0.191558
vt 0.902857 0.185065
vt 0.908571 0.314935
vt 0.902857 0.314935
vt 0.928571 0.308442
vt 0.922857 0.191558
vt 0.928571 0.191558
vt 0.922857 0.308442
vt 0.917143 0.191558
vt 0.934286 0.191558
vt 0.922857 0.185065
vt 0.928571 0.314935
vt 0.922857 0.314935
vt 0.848571 0.308442
vt 0.842857 0.191558
vt 0.848571 0.191558
vt 0.842857 0.308442
vt 0.837143 0.191558
vt 0.854286 0.191558
vt 0.842857 0.185065
vt 0.848571 0.314935
vt 0.842857 0.314935
vt 0.862857 0.324675
vt 0.868571 0.441558
vt 0.868571 0.324675
vt 0.857143 0.441558
vt 0.862857 0.441558
vt 0.874286 0.324675
vt 0.874286 0.441558
vt 0.862857 0.318182
vt 0.868571 0.448052
vt 0.862857 0.448052
vt 0.882857 0.324675
vt 0.888571 0.441558
vt 0.888571 0.324675
vt 0.877143 0.441558
vt 0.882857 0.441558
vt 0.894286 0.324675
vt 0.894286 0.441558
vt 0.882857 0.318182
vt 0.888571 0.448052
vt 0.882857 0.448052
vt 0.902857 0.324675
vt 0.908571 0.441558
vt 0.908571 0.324675
vt 0.897143 0.441558
vt 0.902857 0.441558
vt 0.914286 0.324675
vt 0.914286 0.441558
vt 0.902857 0.318182
vt 0.908571 0.448052
vt 0.902857 0.448052
vt 0.922857 0.324675
vt 0.928571 0.441558
vt 0.928571 0.324675
vt 0.917143 0.441558
vt 0.922857 0.441558
vt 0.934286 0.324675
vt 0.934286 0.441558
vt 0.922857 0.318182
vt 0.928571 0.448052
vt 0.922857 0.448052
vt 0.842857 0.324675
vt 0.848571 0.441558
vt 0.848571 0.324675
vt 0.837143 0.441558
vt 0.842857 0.441558
vt 0.854286 0.324675
vt 0.854286 0.441558
vt 0.842857 0.318182
vt 0.848571 0.448052
vt 0.842857 0.448052
vt 0.471429 0.788961
vt 0.448571 0.685065
vt 0.471429 0.685065
vt 0.425714 0.788961
vt 0.402857 0.685065
vt 0.425714 0.685065
vt 0.425714 0.808442
vt 0.402857 0.860390
vt 0.402857 0.808442
vt 0.402857 0.798701
vt 0.448571 0.788961
vt 0.471429 0.798701
vt 0.448571 0.808442
vt 0.471429 0.808442
vt 0.448571 0.860390
vt 0.448571 0.879870
vt 0.471429 0.889610
vt 0.448571 0.899351
vt 0.402857 0.870130
vt 0.425714 0.860390
vt 0.425714 0.879870
vt 0.471429 0.870130
vt 0.402857 0.899351
vt 0.425714 0.996753
vt 0.402857 0.996753
vt 0.402857 0.889610
vt 0.425714 0.899351
vt 0.471429 0.899351
vt 0.448571 0.996753
vt 0.377143 0.788961
vt 0.354286 0.685065
vt 0.377143 0.685065
vt 0.331429 0.788961
vt 0.308571 0.685065
vt 0.331429 0.685065
vt 0.331429 0.808442
vt 0.308571 0.860390
vt 0.308571 0.808442
vt 0.308571 0.798701
vt 0.354286 0.788961
vt 0.377143 0.798701
vt 0.354286 0.808442
vt 0.377143 0.808442
vt 0.354286 0.860390
vt 0.354286 0.879870
vt 0.377143 0.889610
vt 0.354286 0.899351
vt 0.308571 0.870130
vt 0.331429 0.860390
vt 0.331429 0.879870
vt 0.377143 0.870130
vt 0.308571 0.899351
vt 0.331429 0.996753
vt 0.308571 0.996753
vt 0.308571 0.889610
vt 0.331429 0.899351
vt 0.377143 0.899351
vt 0.354286 0.996753
vt 0.282857 0.788961
vt 0.260000 0.685065
vt 0.282857 0.685065
vt 0.237143 0.788961
vt 0.214286 0.685065
vt 0.237143 0.685065
vt 0.237143 0.808442
vt 0.214286 0.860390
vt 0.214286 0.808442
vt 0.214286 0.798701
vt 0.260000 0.788961
vt 0.282857 0.798701
vt 0.260000 0.808442
vt 0.282857 0.808442
vt 0.260000 0.860390
vt 0.260000 0.879870
vt 0.282857 0.889610
vt 0.260000 0.899351
vt 0.214286 0.870130
vt 0.237143 0.860390
vt 0.237143 0.879870
vt 0.282857 0.870130
vt 0.214286 0.899351
vt 0.237143 0.996753
vt 0.214286 0.996753
vt 0.214286 0.889610
vt 0.237143 0.899351
vt 0.282857 0.899351
vt 0.260000 0.996753
vt 0.188571 0.788961
vt 0.165714 0.685065
vt 0.188571 0.685065
vt 0.142857 0.788961
vt 0.120000 0.685065
vt 0.142857 0.685065
vt 0.142857 0.808442
vt 0.120000 0.860390
vt 0.120000 0.808442
vt 0.120000 0.798701
vt 0.165714 0.788961
vt 0.188571 0.798701
vt 0.165714 0.808442
vt 0.188571 0.808442
vt 0.165714 0.860390
vt 0.165714 0.879870
vt 0.188571 0.889610
vt 0.165714 0.899351
vt 0.120000 0.870130
vt 0.142857 0.860390
vt 0.142857 0.879870
vt 0.188571 0.870130
vt 0.120000 0.899351
vt 0.142857 0.996753
vt 0.120000 0.996753
vt 0.120000 0.889610
vt 0.142857 0.899351
vt 0.188571 0.899351
vt 0.165714 0.996753
vt 0.094286 0.788961
vt 0.071429 0.685065
vt 0.094286 0.685065
vt 0.048571 0.788961
vt 0.025714 0.685065
vt 0.048571 0.685065
vt 0.048571 0.808442
vt 0.025714 0.860390
vt 0.025714 0.808442
vt 0.025714 0.798701
vt 0.071429 0.788961
vt 0.094286 0.798701
vt 0.071429 0.808442
vt 0.094286 0.808442
vt 0.071429 0.860390
vt 0.071429 0.879870
vt 0.094286 0.889610
vt 0.071429 0.899351
vt 0.025714 0.870130
vt 0.048571 0.860390
vt 0.048571 0.879870
vt 0.094286 0.870130
vt 0.025714 0.899351
vt 0.048571 0.996753
vt 0.025714 0.996753
vt 0.025714 0.889610
vt 0.048571 0.899351
vt 0.094286 0.899351
vt 0.071429 0.996753
vt 0.737143 0.240260
vt 0.234286 0.123377
vt 0.234286 0.522727
vt 0.185714 0.574675
vt 0.737143 0.243506
vt 0.737143 0.467532
vt 0.737143 0.525974
vt 0.234286 0.581169
vt 0.234286 0.467532
vt 0.002857 0.003247
vt 0.600000 0.577922
vt 0.508571 0.577922
vt 0.417143 0.577922
vt 0.234286 0.577922
vt 0.600000 0.633117
vt 0.508571 0.633117
vt 0.417143 0.633117
vt 0.325714 0.633117
vt 0.697143 0.470779
vt 0.691429 0.633117
vt 0.325714 0.577922
vt 0.962857 0.490260
vt 0.997143 0.490260
vt 0.917143 0.957792
vt 0.882857 0.957792
vt 0.751429 0.123377
vt 0.774286 0.590909
vt 0.951429 0.451299
vt 0.928571 0.996753
vt 0.814286 0.818182
vt 0.814286 0.792208
vt 0.842857 0.750000
vt 0.831429 0.707792
vt 0.777143 0.818182
vt 0.777143 0.792208
vt 0.805714 0.750000
vt 0.794286 0.707792
vt 0.740000 0.818182
vt 0.740000 0.792208
vt 0.768571 0.750000
vt 0.757143 0.707792
vt 0.702857 0.818182
vt 0.702857 0.792208
vt 0.731429 0.750000
vt 0.720000 0.707792
vt 0.665714 0.818182
vt 0.665714 0.792208
vt 0.694286 0.750000
vt 0.682857 0.707792
vt 0.628571 0.818182
vt 0.628571 0.792208
vt 0.657143 0.750000
vt 0.645714 0.707792
vt 0.591429 0.818182
vt 0.591429 0.792208
vt 0.620000 0.750000
vt 0.608571 0.707792
vt 0.554286 0.818182
vt 0.554286 0.792208
vt 0.582857 0.750000
vt 0.571429 0.707792
vt 0.517143 0.818182
vt 0.517143 0.792208
vt 0.545714 0.750000
vt 0.534286 0.707792
vt 0.480000 0.818182
vt 0.480000 0.792208
vt 0.508571 0.750000
vt 0.497143 0.707792
vt 0.851429 0.818182
vt 0.851429 0.792208
vt 0.880000 0.750000
vt 0.868571 0.707792
vt 0.517143 0.957792
vt 0.540000 0.996753
vt 0.540000 0.938312
vt 0.511429 0.896104
vt 0.522857 0.853896
vt 0.554286 0.957792
vt 0.577143 0.996753
vt 0.577143 0.938312
vt 0.548571 0.896104
vt 0.560000 0.853896
vt 0.591429 0.957792
vt 0.614286 0.996753
vt 0.614286 0.938312
vt 0.585714 0.896104
vt 0.597143 0.853896
vt 0.628571 0.957792
vt 0.651429 0.996753
vt 0.651429 0.938312
vt 0.622857 0.896104
vt 0.634286 0.853896
vt 0.665714 0.957792
vt 0.688571 0.996753
vt 0.688571 0.938312
vt 0.660000 0.896104
vt 0.671429 0.853896
vt 0.702857 0.957792
vt 0.725714 0.996753
vt 0.725714 0.938312
vt 0.697143 0.896104
vt 0.708571 0.853896
vt 0.740000 0.957792
vt 0.762857 0.996753
vt 0.762857 0.938312
vt 0.734286 0.896104
vt 0.745714 0.853896
vt 0.777143 0.957792
vt 0.800000 0.996753
vt 0.800000 0.938312
vt 0.771429 0.896104
vt 0.782857 0.853896
vt 0.814286 0.957792
vt 0.837143 0.996753
vt 0.837143 0.938312
vt 0.808571 0.896104
vt 0.820000 0.853896
vt 0.851429 0.957792
vt 0.874286 0.996753
vt 0.874286 0.938312
vt 0.845714 0.896104
vt 0.857143 0.853896
vt 0.480000 0.957792
vt 0.502857 0.996753
vt 0.502857 0.938312
vt 0.474286 0.896104
vt 0.485714 0.853896
vt 0.814286 0.159091
vt 0.820000 0.126623
vt 0.817143 0.090909
vt 0.834286 0.129870
vt 0.837143 0.126623
vt 0.885714 0.126623
vt 0.902857 0.126623
vt 0.857143 0.308442
vt 0.874286 0.308442
vt 0.868571 0.185065
vt 0.877143 0.308442
vt 0.894286 0.308442
vt 0.888571 0.185065
vt 0.897143 0.308442
vt 0.914286 0.308442
vt 0.908571 0.185065
vt 0.917143 0.308442
vt 0.934286 0.308442
vt 0.928571 0.185065
vt 0.837143 0.308442
vt 0.854286 0.308442
vt 0.848571 0.185065
vt 0.857143 0.324675
vt 0.868571 0.318182
vt 0.877143 0.324675
vt 0.888571 0.318182
vt 0.897143 0.324675
vt 0.908571 0.318182
vt 0.917143 0.324675
vt 0.928571 0.318182
vt 0.837143 0.324675
vt 0.848571 0.318182
vt 0.402857 0.788961
vt 0.471429 0.860390
vt 0.471429 0.996753
vt 0.308571 0.788961
vt 0.377143 0.860390
vt 0.377143 0.996753
vt 0.214286 0.788961
vt 0.282857 0.860390
vt 0.282857 0.996753
vt 0.120000 0.788961
vt 0.188571 0.860390
vt 0.188571 0.996753
vt 0.025714 0.788961
vt 0.094286 0.860390
vt 0.094286 0.996753
vt 0.380000 0.685065
vt 0.380000 0.860390
vt 0.380000 0.808442
vt 0.380000 0.996753
vt 0.380000 0.899351
vt 0.285714 0.685065
vt 0.285714 0.860390
vt 0.285714 0.808442
vt 0.285714 0.996753
vt 0.285714 0.899351
vt 0.191429 0.685065
vt 0.191429 0.860390
vt 0.191429 0.808442
vt 0.191429 0.996753
vt 0.191429 0.899351
vt 0.097143 0.685065
vt 0.097143 0.860390
vt 0.097143 0.808442
vt 0.097143 0.996753
vt 0.097143 0.899351
vt 0.002857 0.685065
vt 0.002857 0.860390
vt 0.002857 0.808442
vt 0.002857 0.996753
vt 0.002857 0.899351
vt 0.380000 0.788961
vt 0.285714 0.788961
vt 0.191429 0.788961
vt 0.097143 0.788961
vt 0.002857 0.788961
vt 0.371429 0.470779
vt 0.371429 0.522727
vt 0.325714 0.522727
vt 0.325714 0.470779
vt 0.417143 0.470779
vt 0.417143 0.522727
vt 0.462857 0.470779
vt 0.462857 0.522727
vt 0.514286 0.470779
vt 0.514286 0.522727
vt 0.468571 0.522727
vt 0.468571 0.470779
vt 0.560000 0.470779
vt 0.560000 0.522727
vt 0.605714 0.470779
vt 0.605714 0.522727
vt 0.962857 0.055195
vt 0.965714 0.081169
vt 0.962857 0.081169
vt 0.657143 0.594156
vt 0.691429 0.581169
vt 0.680000 0.594156
vt 0.657143 0.620130
vt 0.645714 0.581169
vt 0.680000 0.620130
vt 0.645714 0.633117
vt 0.691429 0.633117
vt 0.971429 0.081169
vt 0.988571 0.077922
vt 0.988571 0.081169
vt 0.991429 0.077922
vt 0.988571 0.058442
vt 0.991429 0.058442
vt 0.997143 0.081169
vt 0.994286 0.055195
vt 0.997143 0.055195
vt 0.968571 0.087662
vt 0.991429 0.084416
vt 0.991429 0.087662
vt 0.991429 0.048701
vt 0.968571 0.051948
vt 0.968571 0.048701
vt 0.988571 0.055195
vt 0.991429 0.051948
vt 0.968571 0.077922
vt 0.965714 0.055195
vt 0.968571 0.058442
vt 0.968571 0.084416
vt 0.994286 0.081169
vt 0.971429 0.077922
vt 0.971429 0.058442
vt 0.971429 0.055195
vt 0.814286 0.055195
vt 0.817143 0.081169
vt 0.814286 0.081169
vt 0.291429 0.594156
vt 0.325714 0.581169
vt 0.314286 0.594156
vt 0.291429 0.620130
vt 0.280000 0.581169
vt 0.314286 0.620130
vt 0.280000 0.633117
vt 0.325714 0.633117
vt 0.822857 0.081169
vt 0.840000 0.077922
vt 0.840000 0.081169
vt 0.842857 0.077922
vt 0.840000 0.058442
vt 0.842857 0.058442
vt 0.848571 0.081169
vt 0.845714 0.055195
vt 0.848571 0.055195
vt 0.820000 0.087662
vt 0.842857 0.084416
vt 0.842857 0.087662
vt 0.842857 0.048701
vt 0.820000 0.051948
vt 0.820000 0.048701
vt 0.840000 0.055195
vt 0.842857 0.051948
vt 0.820000 0.077922
vt 0.817143 0.055195
vt 0.820000 0.058442
vt 0.820000 0.084416
vt 0.845714 0.081169
vt 0.822857 0.077922
vt 0.822857 0.058442
vt 0.822857 0.055195
vt 0.851429 0.055195
vt 0.854286 0.081169
vt 0.851429 0.081169
vt 0.382857 0.594156
vt 0.417143 0.581169
vt 0.405714 0.594156
vt 0.382857 0.620130
vt 0.371429 0.581169
vt 0.405714 0.620130
vt 0.371429 0.633117
vt 0.417143 0.633117
vt 0.860000 0.081169
vt 0.877143 0.077922
vt 0.877143 0.081169
vt 0.880000 0.077922
vt 0.877143 0.058442
vt 0.880000 0.058442
vt 0.885714 0.081169
vt 0.882857 0.055195
vt 0.885714 0.055195
vt 0.857143 0.087662
vt 0.880000 0.084416
vt 0.880000 0.087662
vt 0.880000 0.048701
vt 0.857143 0.051948
vt 0.857143 0.048701
vt 0.877143 0.055195
vt 0.880000 0.051948
vt 0.857143 0.077922
vt 0.854286 0.055195
vt 0.857143 0.058442
vt 0.857143 0.084416
vt 0.882857 0.081169
vt 0.860000 0.077922
vt 0.860000 0.058442
vt 0.860000 0.055195
vt 0.888571 0.055195
vt 0.891429 0.081169
vt 0.888571 0.081169
vt 0.474286 0.594156
vt 0.508571 0.581169
vt 0.497143 0.594156
vt 0.474286 0.620130
vt 0.462857 0.581169
vt 0.497143 0.620130
vt 0.462857 0.633117
vt 0.508571 0.633117
vt 0.897143 0.081169
vt 0.914286 0.077922
vt 0.914286 0.081169
vt 0.917143 0.077922
vt 0.914286 0.058442
vt 0.917143 0.058442
vt 0.922857 0.081169
vt 0.920000 0.055195
vt 0.922857 0.055195
vt 0.894286 0.087662
vt 0.917143 0.084416
vt 0.917143 0.087662
vt 0.917143 0.048701
vt 0.894286 0.051948
vt 0.894286 0.048701
vt 0.914286 0.055195
vt 0.917143 0.051948
vt 0.894286 0.077922
vt 0.891429 0.055195
vt 0.894286 0.058442
vt 0.894286 0.084416
vt 0.920000 0.081169
vt 0.897143 0.077922
vt 0.897143 0.058442
vt 0.897143 0.055195
vt 0.925714 0.055195
vt 0.928571 0.081169
vt 0.925714 0.081169
vt 0.565714 0.594156
vt 0.600000 0.581169
vt 0.588571 0.594156
vt 0.565714 0.620130
vt 0.554286 0.581169
vt 0.588571 0.620130
vt 0.554286 0.633117
vt 0.600000 0.633117
vt 0.934286 0.081169
vt 0.951429 0.077922
vt 0.951429 0.081169
vt 0.954286 0.077922
vt 0.951429 0.058442
vt 0.954286 0.058442
vt 0.960000 0.081169
vt 0.957143 0.055195
vt 0.960000 0.055195
vt 0.931429 0.087662
vt 0.954286 0.084416
vt 0.954286 0.087662
vt 0.954286 0.048701
vt 0.931429 0.051948
vt 0.931429 0.048701
vt 0.951429 0.055195
vt 0.954286 0.051948
vt 0.931429 0.077922
vt 0.928571 0.055195
vt 0.931429 0.058442
vt 0.931429 0.084416
vt 0.957143 0.081169
vt 0.934286 0.077922
vt 0.934286 0.058442
vt 0.934286 0.055195
vt 0.962857 0.012987
vt 0.965714 0.038961
vt 0.962857 0.038961
vt 0.657143 0.538961
vt 0.691429 0.525974
vt 0.680000 0.538961
vt 0.657143 0.564935
vt 0.645714 0.525974
vt 0.680000 0.564935
vt 0.645714 0.577922
vt 0.691429 0.577922
vt 0.971429 0.038961
vt 0.988571 0.035714
vt 0.988571 0.038961
vt 0.991429 0.035714
vt 0.988571 0.016234
vt 0.991429 0.016234
vt 0.997143 0.038961
vt 0.994286 0.012987
vt 0.997143 0.012987
vt 0.968571 0.045455
vt 0.991429 0.042208
vt 0.991429 0.045455
vt 0.991429 0.006494
vt 0.968571 0.009740
vt 0.968571 0.006494
vt 0.988571 0.012987
vt 0.991429 0.009740
vt 0.968571 0.035714
vt 0.965714 0.012987
vt 0.968571 0.016234
vt 0.968571 0.042208
vt 0.994286 0.038961
vt 0.971429 0.035714
vt 0.971429 0.016234
vt 0.971429 0.012987
vt 0.814286 0.012987
vt 0.817143 0.038961
vt 0.814286 0.038961
vt 0.291429 0.538961
vt 0.325714 0.525974
vt 0.314286 0.538961
vt 0.291429 0.564935
vt 0.280000 0.525974
vt 0.314286 0.564935
vt 0.280000 0.577922
vt 0.325714 0.577922
vt 0.822857 0.038961
vt 0.840000 0.035714
vt 0.840000 0.038961
vt 0.842857 0.035714
vt 0.840000 0.016234
vt 0.842857 0.016234
vt 0.848571 0.038961
vt 0.845714 0.012987
vt 0.848571 0.012987
vt 0.820000 0.045455
vt 0.842857 0.042208
vt 0.842857 0.045455
vt 0.842857 0.006494
vt 0.820000 0.009740
vt 0.820000 0.006494
vt 0.840000 0.012987
vt 0.842857 0.009740
vt 0.820000 0.035714
vt 0.817143 0.012987
vt 0.820000 0.016234
vt 0.820000 0.042208
vt 0.845714 0.038961
vt 0.822857 0.035714
vt 0.822857 0.016234
vt 0.822857 0.012987
vt 0.851429 0.012987
vt 0.854286 0.038961
vt 0.851429 0.038961
vt 0.382857 0.538961
vt 0.417143 0.525974
vt 0.405714 0.538961
vt 0.382857 0.564935
vt 0.371429 0.525974
vt 0.405714 0.564935
vt 0.371429 0.577922
vt 0.417143 0.577922
vt 0.860000 0.038961
vt 0.877143 0.035714
vt 0.877143 0.038961
vt 0.880000 0.035714
vt 0.877143 0.016234
vt 0.880000 0.016234
vt 0.885714 0.038961
vt 0.882857 0.012987
vt 0.885714 0.012987
vt 0.857143 0.045455
vt 0.880000 0.042208
vt 0.880000 0.045455
vt 0.880000 0.006494
vt 0.857143 0.009740
vt 0.857143 0.006494
vt 0.877143 0.012987
vt 0.880000 0.009740
vt 0.857143 0.035714
vt 0.854286 0.012987
vt 0.857143 0.016234
vt 0.857143 0.042208
vt 0.882857 0.038961
vt 0.860000 0.035714
vt 0.860000 0.016234
vt 0.860000 0.012987
vt 0.888571 0.012987
vt 0.891429 0.038961
vt 0.888571 0.038961
vt 0.474286 0.538961
vt 0.508571 0.525974
vt 0.497143 0.538961
vt 0.474286 0.564935
vt 0.462857 0.525974
vt 0.497143 0.564935
vt 0.462857 0.577922
vt 0.508571 0.577922
vt 0.897143 0.038961
vt 0.914286 0.035714
vt 0.914286 0.038961
vt 0.917143 0.035714
vt 0.914286 0.016234
vt 0.917143 0.016234
vt 0.922857 0.038961
vt 0.920000 0.012987
vt 0.922857 0.012987
vt 0.894286 0.045455
vt 0.917143 0.042208
vt 0.917143 0.045455
vt 0.917143 0.006494
vt 0.894286 0.009740
vt 0.894286 0.006494
vt 0.914286 0.012987
vt 0.917143 0.009740
vt 0.894286 0.035714
vt 0.891429 0.012987
vt 0.894286 0.016234
vt 0.894286 0.042208
vt 0.920000 0.038961
vt 0.897143 0.035714
vt 0.897143 0.016234
vt 0.897143 0.012987
vt 0.925714 0.012987
vt 0.928571 0.038961
vt 0.925714 0.038961
vt 0.565714 0.538961
vt 0.600000 0.525974
vt 0.588571 0.538961
vt 0.565714 0.564935
vt 0.554286 0.525974
vt 0.588571 0.564935
vt 0.554286 0.577922
vt 0.600000 0.577922
vt 0.934286 0.038961
vt 0.951429 0.035714
vt 0.951429 0.038961
vt 0.954286 0.035714
vt 0.951429 0.016234
vt 0.954286 0.016234
vt 0.960000 0.038961
vt 0.957143 0.012987
vt 0.960000 0.012987
vt 0.931429 0.045455
vt 0.954286 0.042208
vt 0.954286 0.045455
vt 0.954286 0.006494
vt 0.931429 0.009740
vt 0.931429 0.006494
vt 0.951429 0.012987
vt 0.954286 0.009740
vt 0.931429 0.035714
vt 0.928571 0.012987
vt 0.931429 0.016234
vt 0.931429 0.042208
vt 0.957143 0.038961
vt 0.934286 0.035714
vt 0.934286 0.016234
vt 0.934286 0.012987
s 1
usemtl m_623b6874-2383-7597-b84e-983510bb9f57
f 1/1/1 2/2/1 3/3/1
f 3/3/1 2/2/1 4/4/1
f 5/5/1 6/6/1 1/1/1
f 3/7/2 7/8/2 8/9/2
f 9/10/3 10/11/3 11/12/3
f 12/13/2 8/9/2 7/8/2
f 13/14/2 14/15/2 12/13/2
f 15/16/2 16/17/2 13/14/2
f 17/18/2 18/19/2 15/16/2
f 19/20/2 20/21/2 17/18/2
f 21/22/2 22/23/2 19/20/2
f 23/24/2 24/25/2 21/22/2
f 25/26/2 26/27/2 27/28/2
f 5/29/1 28/30/1 29/31/1
f 30/32/4 31/33/4 32/34/4
f 33/35/5 34/36/5 35/37/5
f 36/38/6 37/39/6 38/40/6
f 39/41/5 40/42/5 41/43/5
f 42/44/6 43/45/6 36/38/6
f 41/43/5 44/46/5 45/47/5
f 46/48/6 47/49/6 48/50/6
f 11/51/5 49/52/5 50/53/5
f 51/54/4 29/55/4 52/56/4
f 31/33/4 53/57/4 51/54/4
f 51/54/4 54/58/4 31/33/4
f 55/59/4 56/60/4 54/58/4
f 57/61/4 58/62/4 56/60/4
f 59/63/4 60/64/4 58/62/4
f 61/65/4 62/66/4 60/64/4
f 63/67/4 64/68/4 62/66/4
f 65/69/4 66/70/4 64/68/4
f 67/71/4 68/72/4 69/73/4
f 70/74/7 1/75/7 71/76/7
f 72/77/8 70/78/8 1453/79/8
f 31/33/4 73/80/4 32/34/4
f 54/58/4 74/81/4 73/80/4
f 56/60/4 75/82/4 74/81/4
f 58/62/4 76/83/4 75/82/4
f 60/64/4 77/84/4 76/83/4
f 62/66/4 78/85/4 77/84/4
f 64/68/4 79/86/4 78/85/4
f 69/73/4 80/87/4 81/88/4
f 1448/89/6 72/90/6 1453/91/6
f 52/56/4 28/92/4 1448/93/4
f 52/56/4 55/59/4 51/54/4
f 82/94/4 57/61/4 55/59/4
f 83/95/4 59/63/4 57/61/4
f 84/96/4 61/65/4 59/63/4
f 85/97/4 63/67/4 61/65/4
f 86/98/4 65/69/4 63/67/4
f 87/99/4 88/100/4 65/69/4
f 89/101/4 90/102/4 67/71/4
f 91/103/7 92/104/7 93/105/7
f 94/106/7 95/107/7 91/103/7
f 96/108/7 97/109/7 94/106/7
f 98/110/7 99/111/7 96/108/7
f 100/112/7 101/113/7 98/110/7
f 102/114/7 103/115/7 100/112/7
f 104/116/7 105/117/7 102/114/7
f 70/74/7 106/118/7 104/116/7
f 4/119/5 32/120/5 7/121/5
f 70/78/8 1447/122/8 1453/79/8
f 104/123/8 1533/124/8 1447/122/8
f 102/125/8 1527/126/8 1533/124/8
f 100/127/8 1513/128/8 1527/126/8
f 98/129/8 1507/130/8 1513/128/8
f 96/131/8 1493/132/8 1507/130/8
f 94/133/8 1487/134/8 1493/132/8
f 107/135/8 108/136/8 1467/137/8
f 1448/93/4 82/94/4 52/56/4
f 1449/138/4 83/95/4 82/94/4
f 1528/139/4 84/96/4 83/95/4
f 1529/140/4 85/97/4 84/96/4
f 1508/141/4 86/98/4 85/97/4
f 1509/142/4 87/99/4 86/98/4
f 1488/143/4 109/144/4 87/99/4
f 1469/145/4 110/146/4 89/101/4
f 1447/147/6 1528/148/6 1449/149/6
f 1527/150/6 1508/151/6 1529/152/6
f 1507/153/6 1488/154/6 1509/155/6
f 1467/156/6 111/157/6 1469/158/6
f 112/159/5 79/160/5 113/161/5
f 21/162/5 77/163/5 78/164/5
f 17/165/5 75/166/5 76/167/5
f 13/168/5 73/169/5 74/170/5
f 110/171/3 108/172/3 114/173/3
f 115/174/3 116/175/3 117/176/3
f 114/177/3 118/178/3 115/174/3
f 116/175/3 25/179/3 117/176/3
f 25/180/5 81/181/5 80/182/5
f 1487/183/6 1468/184/6 1489/185/6
f 1489/186/4 120/187/4 109/144/4
f 1468/188/4 89/101/4 120/187/4
f 91/189/8 1473/190/8 1487/134/8
f 93/191/8 1467/137/8 1473/190/8
f 107/192/7 118/193/7 114/194/7
f 93/105/7 121/195/7 107/192/7
f 109/144/4 122/196/4 88/100/4
f 120/187/4 67/71/4 122/196/4
f 66/70/4 113/197/4 79/86/4
f 123/198/4 81/88/4 113/197/4
f 88/100/4 123/198/4 66/70/4
f 122/196/4 69/73/4 123/198/4
f 124/199/6 125/200/6 42/44/6
f 45/47/5 126/201/5 127/202/5
f 112/203/2 128/204/2 23/24/2
f 27/28/2 129/205/2 112/203/2
f 130/206/8 8/207/8 131/208/8
f 132/209/8 71/210/8 1/211/8
f 133/212/8 71/210/8 134/213/8
f 135/214/8 106/215/8 133/212/8
f 124/216/8 105/217/8 135/214/8
f 42/218/8 103/219/8 124/216/8
f 36/220/8 101/221/8 42/218/8
f 38/222/8 99/223/8 36/220/8
f 46/224/8 97/225/8 38/222/8
f 131/208/8 14/226/8 136/227/8
f 136/227/8 16/228/8 137/229/8
f 137/229/8 18/230/8 127/231/8
f 127/231/8 20/232/8 45/233/8
f 45/233/8 22/234/8 41/235/8
f 41/235/8 24/236/8 39/237/8
f 39/237/8 128/238/8 35/239/8
f 132/209/8 3/240/8 130/206/8
f 138/241/8 118/242/8 139/243/8
f 139/243/8 121/244/8 140/245/8
f 138/241/8 26/246/8 116/247/8
f 48/248/8 95/249/8 46/224/8
f 140/245/8 92/250/8 48/248/8
f 35/239/8 129/251/8 33/252/8
f 33/252/8 26/246/8 141/253/8
f 136/254/5 142/255/5 143/256/5
f 144/257/6 145/258/6 146/259/6
f 147/260/5 148/261/5 149/262/5
f 150/263/6 151/264/6 152/265/6
f 153/266/6 154/267/6 144/257/6
f 149/262/5 155/268/5 156/269/5
f 157/270/3 158/271/3 159/272/3
f 152/265/6 160/273/6 153/266/6
f 141/274/5 161/275/5 162/276/5
f 35/37/5 163/277/5 39/41/5
f 38/40/6 164/278/6 46/48/6
f 48/50/6 47/49/6 165/279/6
f 134/280/6 166/281/6 167/282/6
f 137/283/5 142/255/5 136/254/5
f 133/284/6 168/285/6 135/286/6
f 127/202/5 169/287/5 137/283/5
f 156/269/5 170/288/5 171/289/5
f 172/290/1 173/291/1 150/292/1
f 135/286/6 174/293/6 124/199/6
f 167/282/9 175/294/9 143/256/9
f 176/295/10 162/276/10 161/296/10
f 153/297/8 177/298/8 152/299/8
f 144/300/8 168/285/8 153/297/8
f 146/301/8 174/293/8 144/300/8
f 178/302/8 125/200/8 146/301/8
f 179/303/8 43/45/8 178/302/8
f 180/304/8 37/39/8 179/303/8
f 181/305/8 169/287/8 171/306/8
f 171/306/8 126/201/8 156/307/8
f 156/307/8 44/46/8 149/308/8
f 149/308/8 40/42/8 147/309/8
f 147/309/8 163/277/8 182/310/8
f 182/310/8 34/36/8 183/311/8
f 184/312/8 164/278/8 180/304/8
f 183/311/8 185/313/8 186/314/8
f 150/315/8 143/256/8 172/316/8
f 159/317/8 165/279/8 157/318/8
f 150/315/8 177/298/8 167/282/8
f 172/316/8 142/255/8 181/305/8
f 157/318/8 47/49/8 184/312/8
f 159/317/8 185/313/8 162/276/8
f 187/319/6 188/320/6 189/321/6
f 190/322/3 191/323/3 192/324/3
f 189/321/6 193/325/6 194/326/6
f 195/327/6 196/328/6 197/329/6
f 198/330/5 199/331/5 200/332/5
f 200/332/5 201/333/5 202/334/5
f 203/335/6 204/336/6 195/327/6
f 205/337/5 206/338/5 198/330/5
f 197/329/6 207/339/6 208/340/6
f 181/341/5 209/342/5 172/343/5
f 182/344/5 210/345/5 147/260/5
f 146/259/6 211/346/6 178/347/6
f 184/348/6 212/349/6 157/350/6
f 183/351/5 213/352/5 182/344/5
f 178/347/6 214/353/6 179/354/6
f 159/355/5 215/356/5 186/357/5
f 180/358/6 216/359/6 184/348/6
f 179/354/6 217/360/6 180/358/6
f 186/357/5 218/361/5 183/351/5
f 171/289/5 219/362/5 181/341/5
f 220/363/8 131/208/8 221/364/8
f 222/365/8 134/213/8 132/209/8
f 222/365/8 130/206/8 220/363/8
f 11/366/8 139/243/8 9/367/8
f 9/367/8 140/245/8 223/368/8
f 11/366/8 141/253/8 138/241/8
f 224/369/1 166/370/1 225/371/1
f 226/372/3 161/296/3 49/373/3
f 225/371/1 134/374/1 227/375/1
f 224/369/1 131/376/1 175/294/1
f 49/373/3 141/377/3 50/378/3
f 226/372/3 140/379/3 176/295/3
f 224/380/8 228/381/8 229/382/8
f 49/52/8 230/383/8 226/384/8
f 222/385/6 225/386/6 227/387/6
f 223/388/6 230/383/6 9/389/6
f 220/390/1 228/381/1 222/391/1
f 221/392/5 229/382/5 220/393/5
f 231/394/8 151/264/8 232/395/8
f 233/396/8 160/273/8 231/394/8
f 234/397/8 154/267/8 233/396/8
f 205/337/8 145/258/8 234/397/8
f 198/330/8 211/346/8 205/337/8
f 200/332/8 214/353/8 198/330/8
f 194/326/8 170/288/8 189/321/8
f 189/321/8 155/268/8 187/319/8
f 187/319/8 148/261/8 235/398/8
f 235/398/8 210/345/8 236/399/8
f 236/399/8 213/352/8 208/340/8
f 208/340/8 218/361/8 197/329/8
f 202/334/8 217/360/8 200/332/8
f 197/329/8 215/356/8 195/327/8
f 192/324/8 209/400/8 190/322/8
f 203/401/8 212/402/8 237/403/8
f 192/404/8 151/264/8 173/405/8
f 190/406/8 219/362/8 194/326/8
f 237/407/8 216/359/8 202/334/8
f 203/335/8 215/356/8 158/408/8
f 193/325/8 238/409/8 239/410/8
f 188/320/8 240/411/8 238/409/8
f 241/412/8 242/413/8 240/411/8
f 243/414/8 244/415/8 242/413/8
f 245/416/8 206/338/8 244/415/8
f 207/339/8 199/331/8 206/338/8
f 196/328/8 201/333/8 199/331/8
f 246/417/8 239/410/8 191/323/8
f 204/336/8 247/418/8 201/333/8
f 232/395/5 238/409/5 231/394/5
f 237/403/1 248/419/1 203/401/1
f 235/398/6 241/412/6 187/319/6
f 231/394/5 240/411/5 233/396/5
f 192/404/5 239/410/5 232/395/5
f 236/399/6 243/414/6 235/398/6
f 233/396/5 242/413/5 234/397/5
f 194/326/6 246/417/6 190/406/6
f 208/340/6 245/416/6 236/399/6
f 234/397/5 244/415/5 205/337/5
f 202/334/5 247/418/5 237/407/5
f 249/420/5 250/421/5 251/422/5
f 252/423/1 253/424/1 254/425/1
f 255/426/6 256/427/6 257/428/6
f 258/429/3 259/430/3 260/431/3
f 261/432/8 258/429/8 262/433/8
f 250/421/8 263/434/8 264/435/8
f 265/436/8 262/433/8 263/434/8
f 253/437/6 266/438/6 267/439/6
f 267/439/6 268/440/6 255/426/6
f 259/441/5 261/432/5 269/442/5
f 269/442/5 265/436/5 249/420/5
f 270/443/4 269/442/4 249/420/4
f 271/444/4 272/445/4 270/443/4
f 259/446/3 273/447/3 260/448/3
f 254/449/4 270/443/4 274/450/4
f 275/451/8 268/440/8 266/438/8
f 263/434/8 276/452/8 275/451/8
f 252/423/8 266/438/8 277/453/8
f 264/435/8 275/451/8 252/423/8
f 276/452/8 256/427/8 268/440/8
f 262/433/8 278/454/8 276/452/8
f 260/448/6 279/455/6 272/456/6
f 280/457/4 260/458/4 272/445/4
f 256/427/3 281/459/3 257/460/3
f 278/454/3 260/431/3 281/459/3
f 250/421/1 274/461/1 251/462/1
f 264/435/1 254/425/1 274/461/1
f 274/463/1 282/464/1 251/465/1
f 270/466/6 283/467/6 274/463/6
f 269/468/5 284/469/5 259/446/5
f 249/470/3 285/471/3 270/472/3
f 272/473/1 286/474/1 269/468/1
f 251/465/5 287/475/5 249/470/5
f 288/476/5 289/477/5 290/478/5
f 291/479/1 292/480/1 293/481/1
f 294/482/6 295/483/6 296/484/6
f 297/485/3 298/486/3 299/487/3
f 300/488/8 297/485/8 301/489/8
f 289/477/8 302/490/8 303/491/8
f 304/492/8 301/489/8 302/490/8
f 292/493/6 305/494/6 306/495/6
f 306/495/6 307/496/6 294/482/6
f 298/497/5 300/488/5 308/498/5
f 308/498/5 304/492/5 288/476/5
f 309/499/4 308/498/4 288/476/4
f 310/500/4 311/501/4 309/499/4
f 298/502/3 312/503/3 299/504/3
f 293/505/4 309/499/4 313/506/4
f 314/507/8 307/496/8 305/494/8
f 302/490/8 315/508/8 314/507/8
f 291/479/8 305/494/8 316/509/8
f 303/491/8 314/507/8 291/479/8
f 315/508/8 295/483/8 307/496/8
f 301/489/8 317/510/8 315/508/8
f 299/504/6 318/511/6 311/512/6
f 319/513/4 299/514/4 311/501/4
f 295/483/3 320/515/3 296/516/3
f 317/510/3 299/487/3 320/515/3
f 289/477/1 313/517/1 290/518/1
f 303/491/1 293/481/1 313/517/1
f 313/519/1 321/520/1 290/521/1
f 309/522/6 322/523/6 313/519/6
f 308/524/5 323/525/5 298/502/5
f 288/526/3 324/527/3 309/528/3
f 311/529/1 325/530/1 308/524/1
f 290/521/5 326/531/5 288/526/5
f 327/532/5 328/533/5 329/534/5
f 330/535/1 331/536/1 332/537/1
f 333/538/6 334/539/6 335/540/6
f 336/541/3 337/542/3 338/543/3
f 339/544/8 336/541/8 340/545/8
f 328/533/8 341/546/8 342/547/8
f 343/548/8 340/545/8 341/546/8
f 331/549/6 344/550/6 345/551/6
f 345/551/6 346/552/6 333/538/6
f 337/553/5 339/544/5 347/554/5
f 347/554/5 343/548/5 327/532/5
f 348/555/4 347/554/4 327/532/4
f 349/556/4 350/557/4 348/555/4
f 337/558/3 351/559/3 338/560/3
f 332/561/4 348/555/4 352/562/4
f 353/563/8 346/552/8 344/550/8
f 341/546/8 354/564/8 353/563/8
f 330/535/8 344/550/8 355/565/8
f 342/547/8 353/563/8 330/535/8
f 354/564/8 334/539/8 346/552/8
f 340/545/8 356/566/8 354/564/8
f 338/560/6 357/567/6 350/568/6
f 358/569/4 338/570/4 350/557/4
f 334/539/3 359/571/3 335/572/3
f 356/566/3 338/543/3 359/571/3
f 328/533/1 352/573/1 329/574/1
f 342/547/1 332/537/1 352/573/1
f 352/575/1 360/576/1 329/577/1
f 348/578/6 361/579/6 352/575/6
f 347/580/5 362/581/5 337/558/5
f 327/582/3 363/583/3 348/584/3
f 350/585/1 364/586/1 347/580/1
f 329/577/5 365/587/5 327/582/5
f 366/588/5 367/589/5 368/590/5
f 369/591/1 370/592/1 371/593/1
f 372/594/6 373/595/6 374/596/6
f 375/597/3 376/598/3 377/599/3
f 378/600/8 375/597/8 379/601/8
f 367/589/8 380/602/8 381/603/8
f 382/604/8 379/601/8 380/602/8
f 370/605/6 383/606/6 384/607/6
f 384/607/6 385/608/6 372/594/6
f 376/609/5 378/600/5 386/610/5
f 386/610/5 382/604/5 366/588/5
f 387/611/4 386/610/4 366/588/4
f 388/612/4 389/613/4 387/611/4
f 376/614/3 390/615/3 377/616/3
f 371/617/4 387/611/4 391/618/4
f 392/619/8 385/608/8 383/606/8
f 380/602/8 393/620/8 392/619/8
f 369/591/8 383/606/8 394/621/8
f 381/603/8 392/619/8 369/591/8
f 393/620/8 373/595/8 385/608/8
f 379/601/8 395/622/8 393/620/8
f 377/616/6 396/623/6 389/624/6
f 397/625/4 377/626/4 389/613/4
f 373/595/3 398/627/3 374/628/3
f 395/622/3 377/599/3 398/627/3
f 367/589/1 391/629/1 368/630/1
f 381/603/1 371/593/1 391/629/1
f 391/631/1 399/632/1 368/633/1
f 387/634/6 400/635/6 391/631/6
f 386/636/5 401/637/5 376/614/5
f 366/638/3 402/639/3 387/640/3
f 389/641/1 403/642/1 386/636/1
f 368/633/5 404/643/5 366/638/5
f 405/644/5 406/645/5 407/646/5
f 408/647/1 409/648/1 410/649/1
f 411/650/6 412/651/6 413/652/6
f 414/653/3 415/654/3 416/655/3
f 417/656/8 414/653/8 418/657/8
f 406/645/8 419/658/8 420/659/8
f 421/660/8 418/657/8 419/658/8
f 409/661/6 422/662/6 423/663/6
f 423/663/6 424/664/6 411/650/6
f 415/665/5 417/656/5 425/666/5
f 425/666/5 421/660/5 405/644/5
f 426/667/4 425/666/4 405/644/4
f 427/668/4 428/669/4 426/667/4
f 415/670/3 429/671/3 416/672/3
f 410/673/4 426/667/4 430/674/4
f 431/675/8 424/664/8 422/662/8
f 419/658/8 432/676/8 431/675/8
f 408/647/8 422/662/8 433/677/8
f 420/659/8 431/675/8 408/647/8
f 432/676/8 412/651/8 424/664/8
f 418/657/8 434/678/8 432/676/8
f 416/672/6 435/679/6 428/680/6
f 436/681/4 416/682/4 428/669/4
f 412/651/3 437/683/3 413/684/3
f 434/678/3 416/655/3 437/683/3
f 406/645/1 430/685/1 407/686/1
f 420/659/1 410/649/1 430/685/1
f 430/687/1 438/688/1 407/689/1
f 426/690/6 439/691/6 430/687/6
f 425/692/5 440/693/5 415/670/5
f 405/694/3 441/695/3 426/696/3
f 428/697/1 442/698/1 425/692/1
f 407/689/5 443/699/5 405/694/5
f 444/700/5 445/701/5 446/702/5
f 447/703/1 448/704/1 449/705/1
f 450/706/6 451/707/6 452/708/6
f 453/709/3 454/710/3 455/711/3
f 456/712/8 453/709/8 457/713/8
f 445/701/8 458/714/8 459/715/8
f 460/716/8 457/713/8 458/714/8
f 448/717/6 461/718/6 462/719/6
f 462/719/6 463/720/6 450/706/6
f 454/721/5 456/712/5 464/722/5
f 464/722/5 460/716/5 444/700/5
f 465/723/4 464/722/4 444/700/4
f 466/724/4 467/725/4 465/723/4
f 454/726/3 468/727/3 455/728/3
f 449/729/4 465/723/4 469/730/4
f 470/731/8 463/720/8 461/718/8
f 458/714/8 471/732/8 470/731/8
f 447/703/8 461/718/8 472/733/8
f 459/715/8 470/731/8 447/703/8
f 471/732/8 451/707/8 463/720/8
f 457/713/8 473/734/8 471/732/8
f 455/728/6 474/735/6 467/736/6
f 475/737/4 455/738/4 467/725/4
f 451/707/3 476/739/3 452/740/3
f 473/734/3 455/711/3 476/739/3
f 445/701/1 469/741/1 446/742/1
f 459/715/1 449/705/1 469/741/1
f 469/743/1 477/744/1 446/745/1
f 465/746/6 478/747/6 469/743/6
f 464/748/5 479/749/5 454/726/5
f 444/750/3 480/751/3 465/752/3
f 467/753/1 481/754/1 464/748/1
f 446/745/5 482/755/5 444/750/5
f 483/756/5 484/757/5 485/758/5
f 486/759/1 487/760/1 488/761/1
f 489/762/6 490/763/6 491/764/6
f 492/765/3 493/766/3 494/767/3
f 495/768/8 492/765/8 496/769/8
f 484/757/8 497/770/8 498/771/8
f 499/772/8 496/769/8 497/770/8
f 487/773/6 500/774/6 501/775/6
f 501/775/6 502/776/6 489/762/6
f 493/777/5 495/768/5 503/778/5
f 503/778/5 499/772/5 483/756/5
f 504/779/4 503/778/4 483/756/4
f 505/780/4 506/781/4 504/779/4
f 493/782/3 507/783/3 494/784/3
f 488/785/4 504/779/4 508/786/4
f 509/787/8 502/776/8 500/774/8
f 497/770/8 510/788/8 509/787/8
f 486/759/8 500/774/8 511/789/8
f 498/771/8 509/787/8 486/759/8
f 510/788/8 490/763/8 502/776/8
f 496/769/8 512/790/8 510/788/8
f 494/784/6 513/791/6 506/792/6
f 514/793/4 494/794/4 506/781/4
f 490/763/3 515/795/3 491/796/3
f 512/790/3 494/767/3 515/795/3
f 484/757/1 508/797/1 485/798/1
f 498/771/1 488/761/1 508/797/1
f 508/799/1 516/800/1 485/801/1
f 504/802/6 517/803/6 508/799/6
f 503/804/5 518/805/5 493/782/5
f 483/806/3 519/807/3 504/808/3
f 506/809/1 520/810/1 503/804/1
f 485/801/5 521/811/5 483/806/5
f 522/812/5 523/813/5 524/814/5
f 525/815/1 526/816/1 527/817/1
f 528/818/6 529/819/6 530/820/6
f 531/821/3 532/822/3 533/823/3
f 534/824/8 531/821/8 535/825/8
f 523/813/8 536/826/8 537/827/8
f 538/828/8 535/825/8 536/826/8
f 526/829/6 539/830/6 540/831/6
f 540/831/6 541/832/6 528/818/6
f 532/833/5 534/824/5 542/834/5
f 542/834/5 538/828/5 522/812/5
f 543/835/4 542/834/4 522/812/4
f 544/836/4 545/837/4 543/835/4
f 532/838/3 546/839/3 533/840/3
f 527/841/4 543/835/4 547/842/4
f 548/843/8 541/832/8 539/830/8
f 536/826/8 549/844/8 548/843/8
f 525/815/8 539/830/8 550/845/8
f 537/827/8 548/843/8 525/815/8
f 549/844/8 529/819/8 541/832/8
f 535/825/8 551/846/8 549/844/8
f 533/840/6 552/847/6 545/848/6
f 553/849/4 533/850/4 545/837/4
f 529/819/3 554/851/3 530/852/3
f 551/846/3 533/823/3 554/851/3
f 523/813/1 547/853/1 524/854/1
f 537/827/1 527/817/1 547/853/1
f 547/855/1 555/856/1 524/857/1
f 543/858/6 556/859/6 547/855/6
f 542/860/5 557/861/5 532/838/5
f 522/862/3 558/863/3 543/864/3
f 545/865/1 559/866/1 542/860/1
f 524/857/5 560/867/5 522/862/5
f 561/868/5 562/869/5 563/870/5
f 564/871/1 565/872/1 566/873/1
f 567/874/6 568/875/6 569/876/6
f 570/877/3 571/878/3 572/879/3
f 573/880/8 570/877/8 574/881/8
f 562/869/8 575/882/8 576/883/8
f 577/884/8 574/881/8 575/882/8
f 565/885/6 578/886/6 579/887/6
f 579/887/6 580/888/6 567/874/6
f 571/889/5 573/880/5 581/890/5
f 581/890/5 577/884/5 561/868/5
f 582/891/4 581/890/4 561/868/4
f 583/892/4 584/893/4 582/891/4
f 571/894/3 585/895/3 572/896/3
f 566/897/4 582/891/4 586/898/4
f 587/899/8 580/888/8 578/886/8
f 575/882/8 588/900/8 587/899/8
f 564/871/8 578/886/8 589/901/8
f 576/883/8 587/899/8 564/871/8
f 588/900/8 568/875/8 580/888/8
f 574/881/8 590/902/8 588/900/8
f 572/896/6 591/903/6 584/904/6
f 592/905/4 572/906/4 584/893/4
f 568/875/3 593/907/3 569/908/3
f 590/902/3 572/879/3 593/907/3
f 562/869/1 586/909/1 563/910/1
f 576/883/1 566/873/1 586/909/1
f 586/911/1 594/912/1 563/913/1
f 582/914/6 595/915/6 586/911/6
f 581/916/5 596/917/5 571/894/5
f 561/918/3 597/919/3 582/920/3
f 584/921/1 598/922/1 581/916/1
f 563/913/5 599/923/5 561/918/5
f 600/924/5 601/925/5 602/926/5
f 603/927/1 604/928/1 605/929/1
f 606/930/6 607/931/6 608/932/6
f 609/933/3 610/934/3 611/935/3
f 612/936/8 609/933/8 613/937/8
f 601/925/8 614/938/8 615/939/8
f 616/940/8 613/937/8 614/938/8
f 604/941/6 617/942/6 618/943/6
f 618/943/6 619/944/6 606/930/6
f 610/945/5 612/936/5 620/946/5
f 620/946/5 616/940/5 600/924/5
f 621/947/4 620/946/4 600/924/4
f 622/948/4 623/949/4 621/947/4
f 610/950/3 624/951/3 611/952/3
f 605/953/4 621/947/4 625/954/4
f 626/955/8 619/944/8 617/942/8
f 614/938/8 627/956/8 626/955/8
f 603/927/8 617/942/8 628/957/8
f 615/939/8 626/955/8 603/927/8
f 627/956/8 607/931/8 619/944/8
f 613/937/8 629/958/8 627/956/8
f 611/952/6 630/959/6 623/960/6
f 631/961/4 611/962/4 623/949/4
f 607/931/3 632/963/3 608/964/3
f 629/958/3 611/935/3 632/963/3
f 601/925/1 625/965/1 602/966/1
f 615/939/1 605/929/1 625/965/1
f 625/967/1 633/968/1 602/969/1
f 621/970/6 634/971/6 625/967/6
f 620/972/5 635/973/5 610/950/5
f 600/974/3 636/975/3 621/976/3
f 623/977/1 637/978/1 620/972/1
f 602/969/5 638/979/5 600/974/5
f 639/980/5 640/981/5 641/982/5
f 642/983/1 643/984/1 644/985/1
f 645/986/6 646/987/6 647/988/6
f 648/989/3 649/990/3 650/991/3
f 651/992/8 648/989/8 652/993/8
f 640/981/8 653/994/8 654/995/8
f 655/996/8 652/993/8 653/994/8
f 643/997/6 656/998/6 657/999/6
f 657/999/6 658/1000/6 645/986/6
f 649/1001/5 651/992/5 659/1002/5
f 659/1002/5 655/996/5 639/980/5
f 660/1003/4 659/1002/4 639/980/4
f 661/1004/4 662/1005/4 660/1003/4
f 649/1006/3 663/1007/3 650/1008/3
f 644/1009/4 660/1003/4 664/1010/4
f 665/1011/8 658/1000/8 656/998/8
f 653/994/8 666/1012/8 665/1011/8
f 642/983/8 656/998/8 667/1013/8
f 654/995/8 665/1011/8 642/983/8
f 666/1012/8 646/987/8 658/1000/8
f 652/993/8 668/1014/8 666/1012/8
f 650/1008/6 669/1015/6 662/1016/6
f 670/1017/4 650/1018/4 662/1005/4
f 646/987/3 671/1019/3 647/1020/3
f 668/1014/3 650/991/3 671/1019/3
f 640/981/1 664/1021/1 641/1022/1
f 654/995/1 644/985/1 664/1021/1
f 664/1023/1 672/1024/1 641/1025/1
f 660/1026/6 673/1027/6 664/1023/6
f 659/1028/5 674/1029/5 649/1006/5
f 639/1030/3 675/1031/3 660/1032/3
f 662/1033/1 676/1034/1 659/1028/1
f 641/1025/5 677/1035/5 639/1030/5
f 678/1036/6 679/1037/6 680/1038/6
f 681/1039/1 682/1040/1 683/1041/1
f 684/1042/5 685/1043/5 686/1044/5
f 687/1045/3 688/1046/3 689/1047/3
f 688/1046/8 690/1048/8 691/1049/8
f 692/1050/8 679/1037/8 693/1051/8
f 691/1049/8 680/1038/8 692/1050/8
f 681/1052/5 694/1053/5 695/1054/5
f 696/1055/5 686/1044/5 694/1053/5
f 687/1056/6 690/1048/6 697/1057/6
f 698/1058/6 680/1038/6 690/1048/6
f 698/1058/4 699/1059/4 678/1036/4
f 700/1060/4 701/1061/4 699/1059/4
f 702/1062/3 687/1063/3 689/1064/3
f 699/1059/4 683/1065/4 703/1066/4
f 686/1044/8 704/1067/8 694/1053/8
f 705/1068/8 692/1050/8 704/1067/8
f 694/1053/8 682/1040/8 695/1054/8
f 704/1067/8 693/1051/8 682/1040/8
f 685/1043/8 705/1068/8 686/1044/8
f 706/1069/8 691/1049/8 705/1068/8
f 707/1070/5 689/1064/5 700/1071/5
f 689/1072/4 708/1073/4 700/1060/4
f 709/1074/3 685/1043/3 710/1075/3
f 689/1047/3 706/1069/3 709/1074/3
f 703/1076/1 679/1037/1 711/1077/1
f 683/1041/1 693/1051/1 703/1076/1
f 712/1078/1 703/1079/1 711/1080/1
f 713/1081/5 699/1082/5 703/1079/5
f 714/1083/6 698/1084/6 687/1063/6
f 715/1085/3 678/1086/3 699/1087/3
f 716/1088/1 700/1089/1 698/1084/1
f 717/1090/6 711/1080/6 678/1086/6
f 718/1091/6 719/1092/6 720/1093/6
f 721/1094/1 722/1095/1 723/1096/1
f 724/1097/5 725/1098/5 726/1099/5
f 727/1100/3 728/1101/3 729/1102/3
f 728/1101/8 730/1103/8 731/1104/8
f 732/1105/8 719/1092/8 733/1106/8
f 731/1104/8 720/1093/8 732/1105/8
f 721/1107/5 734/1108/5 735/1109/5
f 736/1110/5 726/1099/5 734/1108/5
f 727/1111/6 730/1103/6 737/1112/6
f 738/1113/6 720/1093/6 730/1103/6
f 738/1113/4 739/1114/4 718/1091/4
f 740/1115/4 741/1116/4 739/1114/4
f 742/1117/3 727/1118/3 729/1119/3
f 739/1114/4 723/1120/4 743/1121/4
f 726/1099/8 744/1122/8 734/1108/8
f 745/1123/8 732/1105/8 744/1122/8
f 734/1108/8 722/1095/8 735/1109/8
f 744/1122/8 733/1106/8 722/1095/8
f 725/1098/8 745/1123/8 726/1099/8
f 746/1124/8 731/1104/8 745/1123/8
f 747/1125/5 729/1119/5 740/1126/5
f 729/1127/4 748/1128/4 740/1115/4
f 749/1129/3 725/1098/3 750/1130/3
f 729/1102/3 746/1124/3 749/1129/3
f 743/1131/1 719/1092/1 751/1132/1
f 723/1096/1 733/1106/1 743/1131/1
f 752/1133/1 743/1134/1 751/1135/1
f 753/1136/5 739/1137/5 743/1134/5
f 754/1138/6 738/1139/6 727/1118/6
f 755/1140/3 718/1141/3 739/1142/3
f 756/1143/1 740/1144/1 738/1139/1
f 757/1145/6 751/1135/6 718/1141/6
f 758/1146/6 759/1147/6 760/1148/6
f 761/1149/1 762/1150/1 763/1151/1
f 764/1152/5 765/1153/5 766/1154/5
f 767/1155/3 768/1156/3 769/1157/3
f 768/1156/8 770/1158/8 771/1159/8
f 772/1160/8 759/1147/8 773/1161/8
f 771/1159/8 760/1148/8 772/1160/8
f 761/1162/5 774/1163/5 775/1164/5
f 776/1165/5 766/1154/5 774/1163/5
f 767/1166/6 770/1158/6 777/1167/6
f 778/1168/6 760/1148/6 770/1158/6
f 778/1168/4 779/1169/4 758/1146/4
f 780/1170/4 781/1171/4 779/1169/4
f 782/1172/3 767/1173/3 769/1174/3
f 779/1169/4 763/1175/4 783/1176/4
f 766/1154/8 784/1177/8 774/1163/8
f 785/1178/8 772/1160/8 784/1177/8
f 774/1163/8 762/1150/8 775/1164/8
f 784/1177/8 773/1161/8 762/1150/8
f 765/1153/8 785/1178/8 766/1154/8
f 786/1179/8 771/1159/8 785/1178/8
f 787/1180/5 769/1174/5 780/1181/5
f 769/1182/4 788/1183/4 780/1170/4
f 789/1184/3 765/1153/3 790/1185/3
f 769/1157/3 786/1179/3 789/1184/3
f 783/1186/1 759/1147/1 791/1187/1
f 763/1151/1 773/1161/1 783/1186/1
f 792/1188/1 783/1189/1 791/1190/1
f 793/1191/5 779/1192/5 783/1189/5
f 794/1193/6 778/1194/6 767/1173/6
f 795/1195/3 758/1196/3 779/1197/3
f 796/1198/1 780/1199/1 778/1194/1
f 797/1200/6 791/1190/6 758/1196/6
f 798/1201/6 799/1202/6 800/1203/6
f 801/1204/1 802/1205/1 803/1206/1
f 804/1207/5 805/1208/5 806/1209/5
f 807/1210/3 808/1211/3 809/1212/3
f 808/1211/8 810/1213/8 811/1214/8
f 812/1215/8 799/1202/8 813/1216/8
f 811/1214/8 800/1203/8 812/1215/8
f 801/1217/5 814/1218/5 815/1219/5
f 816/1220/5 806/1209/5 814/1218/5
f 807/1221/6 810/1213/6 817/1222/6
f 818/1223/6 800/1203/6 810/1213/6
f 818/1223/4 819/1224/4 798/1201/4
f 820/1225/4 821/1226/4 819/1224/4
f 822/1227/3 807/1228/3 809/1229/3
f 819/1224/4 803/1230/4 823/1231/4
f 806/1209/8 824/1232/8 814/1218/8
f 825/1233/8 812/1215/8 824/1232/8
f 814/1218/8 802/1205/8 815/1219/8
f 824/1232/8 813/1216/8 802/1205/8
f 805/1208/8 825/1233/8 806/1209/8
f 826/1234/8 811/1214/8 825/1233/8
f 827/1235/5 809/1229/5 820/1236/5
f 809/1237/4 828/1238/4 820/1225/4
f 829/1239/3 805/1208/3 830/1240/3
f 809/1212/3 826/1234/3 829/1239/3
f 823/1241/1 799/1202/1 831/1242/1
f 803/1206/1 813/1216/1 823/1241/1
f 832/1243/1 823/1244/1 831/1245/1
f 833/1246/5 819/1247/5 823/1244/5
f 834/1248/6 818/1249/6 807/1228/6
f 835/1250/3 798/1251/3 819/1252/3
f 836/1253/1 820/1254/1 818/1249/1
f 837/1255/6 831/1245/6 798/1251/6
f 838/1256/6 839/1257/6 840/1258/6
f 841/1259/1 842/1260/1 843/1261/1
f 844/1262/5 845/1263/5 846/1264/5
f 847/1265/3 848/1266/3 849/1267/3
f 848/1266/8 850/1268/8 851/1269/8
f 852/1270/8 839/1257/8 853/1271/8
f 851/1269/8 840/1258/8 852/1270/8
f 841/1272/5 854/1273/5 855/1274/5
f 856/1275/5 846/1264/5 854/1273/5
f 847/1276/6 850/1268/6 857/1277/6
f 858/1278/6 840/1258/6 850/1268/6
f 858/1278/4 859/1279/4 838/1256/4
f 860/1280/4 861/1281/4 859/1279/4
f 862/1282/3 847/1283/3 849/1284/3
f 859/1279/4 843/1285/4 863/1286/4
f 846/1264/8 864/1287/8 854/1273/8
f 865/1288/8 852/1270/8 864/1287/8
f 854/1273/8 842/1260/8 855/1274/8
f 864/1287/8 853/1271/8 842/1260/8
f 845/1263/8 865/1288/8 846/1264/8
f 866/1289/8 851/1269/8 865/1288/8
f 867/1290/5 849/1284/5 860/1291/5
f 849/1292/4 868/1293/4 860/1280/4
f 869/1294/3 845/1263/3 870/1295/3
f 849/1267/3 866/1289/3 869/1294/3
f 863/1296/1 839/1257/1 871/1297/1
f 843/1261/1 853/1271/1 863/1296/1
f 872/1298/1 863/1299/1 871/1300/1
f 873/1301/5 859/1302/5 863/1299/5
f 874/1303/6 858/1304/6 847/1283/6
f 875/1305/3 838/1306/3 859/1307/3
f 876/1308/1 860/1309/1 858/1304/1
f 877/1310/6 871/1300/6 838/1306/6
f 878/1311/6 879/1312/6 880/1313/6
f 881/1314/1 882/1315/1 883/1316/1
f 884/1317/5 885/1318/5 886/1319/5
f 887/1320/3 888/1321/3 889/1322/3
f 888/1321/8 890/1323/8 891/1324/8
f 892/1325/8 879/1312/8 893/1326/8
f 891/1324/8 880/1313/8 892/1325/8
f 881/1327/5 894/1328/5 895/1329/5
f 896/1330/5 886/1319/5 894/1328/5
f 887/1331/6 890/1323/6 897/1332/6
f 898/1333/6 880/1313/6 890/1323/6
f 898/1333/4 899/1334/4 878/1311/4
f 900/1335/4 901/1336/4 899/1334/4
f 902/1337/3 887/1338/3 889/1339/3
f 899/1334/4 883/1340/4 903/1341/4
f 886/1319/8 904/1342/8 894/1328/8
f 905/1343/8 892/1325/8 904/1342/8
f 894/1328/8 882/1315/8 895/1329/8
f 904/1342/8 893/1326/8 882/1315/8
f 885/1318/8 905/1343/8 886/1319/8
f 906/1344/8 891/1324/8 905/1343/8
f 907/1345/5 889/1339/5 900/1346/5
f 889/1347/4 908/1348/4 900/1335/4
f 909/1349/3 885/1318/3 910/1350/3
f 889/1322/3 906/1344/3 909/1349/3
f 903/1351/1 879/1312/1 911/1352/1
f 883/1316/1 893/1326/1 903/1351/1
f 912/1353/1 903/1354/1 911/1355/1
f 913/1356/5 899/1357/5 903/1354/5
f 914/1358/6 898/1359/6 887/1338/6
f 915/1360/3 878/1361/3 899/1362/3
f 916/1363/1 900/1364/1 898/1359/1
f 917/1365/6 911/1355/6 878/1361/6
f 918/1366/6 919/1367/6 920/1368/6
f 921/1369/1 922/1370/1 923/1371/1
f 924/1372/5 925/1373/5 926/1374/5
f 927/1375/3 928/1376/3 929/1377/3
f 928/1376/8 930/1378/8 931/1379/8
f 932/1380/8 919/1367/8 933/1381/8
f 931/1379/8 920/1368/8 932/1380/8
f 921/1382/5 934/1383/5 935/1384/5
f 936/1385/5 926/1374/5 934/1383/5
f 927/1386/6 930/1378/6 937/1387/6
f 938/1388/6 920/1368/6 930/1378/6
f 938/1388/4 939/1389/4 918/1366/4
f 940/1390/4 941/1391/4 939/1389/4
f 942/1392/3 927/1393/3 929/1394/3
f 939/1389/4 923/1395/4 943/1396/4
f 926/1374/8 944/1397/8 934/1383/8
f 945/1398/8 932/1380/8 944/1397/8
f 934/1383/8 922/1370/8 935/1384/8
f 944/1397/8 933/1381/8 922/1370/8
f 925/1373/8 945/1398/8 926/1374/8
f 946/1399/8 931/1379/8 945/1398/8
f 947/1400/5 929/1394/5 940/1401/5
f 929/1402/4 948/1403/4 940/1390/4
f 949/1404/3 925/1373/3 950/1405/3
f 929/1377/3 946/1399/3 949/1404/3
f 943/1406/1 919/1367/1 951/1407/1
f 923/1371/1 933/1381/1 943/1406/1
f 952/1408/1 943/1409/1 951/1410/1
f 953/1411/5 939/1412/5 943/1409/5
f 954/1413/6 938/1414/6 927/1393/6
f 955/1415/3 918/1416/3 939/1417/3
f 956/1418/1 940/1419/1 938/1414/1
f 957/1420/6 951/1410/6 918/1416/6
f 958/1421/6 959/1422/6 960/1423/6
f 961/1424/1 962/1425/1 963/1426/1
f 964/1427/5 965/1428/5 966/1429/5
f 967/1430/3 968/1431/3 969/1432/3
f 968/1431/8 970/1433/8 971/1434/8
f 972/1435/8 959/1422/8 973/1436/8
f 971/1434/8 960/1423/8 972/1435/8
f 961/1437/5 974/1438/5 975/1439/5
f 976/1440/5 966/1429/5 974/1438/5
f 967/1441/6 970/1433/6 977/1442/6
f 978/1443/6 960/1423/6 970/1433/6
f 978/1443/4 979/1444/4 958/1421/4
f 980/1445/4 981/1446/4 979/1444/4
f 982/1447/3 967/1448/3 969/1449/3
f 979/1444/4 963/1450/4 983/1451/4
f 966/1429/8 984/1452/8 974/1438/8
f 985/1453/8 972/1435/8 984/1452/8
f 974/1438/8 962/1425/8 975/1439/8
f 984/1452/8 973/1436/8 962/1425/8
f 965/1428/8 985/1453/8 966/1429/8
f 986/1454/8 971/1434/8 985/1453/8
f 987/1455/5 969/1449/5 980/1456/5
f 969/1457/4 988/1458/4 980/1445/4
f 989/1459/3 965/1428/3 990/1460/3
f 969/1432/3 986/1454/3 989/1459/3
f 983/1461/1 959/1422/1 991/1462/1
f 963/1426/1 973/1436/1 983/1461/1
f 992/1463/1 983/1464/1 991/1465/1
f 993/1466/5 979/1467/5 983/1464/5
f 994/1468/6 978/1469/6 967/1448/6
f 995/1470/3 958/1471/3 979/1472/3
f 996/1473/1 980/1474/1 978/1469/1
f 997/1475/6 991/1465/6 958/1471/6
f 998/1476/6 999/1477/6 1000/1478/6
f 1001/1479/1 1002/1480/1 1003/1481/1
f 1004/1482/5 1005/1483/5 1006/1484/5
f 1007/1485/3 1008/1486/3 1009/1487/3
f 1008/1486/8 1010/1488/8 1011/1489/8
f 1012/1490/8 999/1477/8 1013/1491/8
f 1011/1489/8 1000/1478/8 1012/1490/8
f 1001/1492/5 1014/1493/5 1015/1494/5
f 1016/1495/5 1006/1484/5 1014/1493/5
f 1007/1496/6 1010/1488/6 1017/1497/6
f 1018/1498/6 1000/1478/6 1010/1488/6
f 1018/1498/4 1019/1499/4 998/1476/4
f 1020/1500/4 1021/1501/4 1019/1499/4
f 1022/1502/3 1007/1503/3 1009/1504/3
f 1019/1499/4 1003/1505/4 1023/1506/4
f 1006/1484/8 1024/1507/8 1014/1493/8
f 1025/1508/8 1012/1490/8 1024/1507/8
f 1014/1493/8 1002/1480/8 1015/1494/8
f 1024/1507/8 1013/1491/8 1002/1480/8
f 1005/1483/8 1025/1508/8 1006/1484/8
f 1026/1509/8 1011/1489/8 1025/1508/8
f 1027/1510/5 1009/1504/5 1020/1511/5
f 1009/1512/4 1028/1513/4 1020/1500/4
f 1029/1514/3 1005/1483/3 1030/1515/3
f 1009/1487/3 1026/1509/3 1029/1514/3
f 1023/1516/1 999/1477/1 1031/1517/1
f 1003/1481/1 1013/1491/1 1023/1516/1
f 1032/1518/1 1023/1519/1 1031/1520/1
f 1033/1521/5 1019/1522/5 1023/1519/5
f 1034/1523/6 1018/1524/6 1007/1503/6
f 1035/1525/3 998/1526/3 1019/1527/3
f 1036/1528/1 1020/1529/1 1018/1524/1
f 1037/1530/6 1031/1520/6 998/1526/6
f 1038/1531/6 1039/1532/6 1040/1533/6
f 1041/1534/1 1042/1535/1 1043/1536/1
f 1044/1537/5 1045/1538/5 1046/1539/5
f 1047/1540/3 1048/1541/3 1049/1542/3
f 1048/1541/8 1050/1543/8 1051/1544/8
f 1052/1545/8 1039/1532/8 1053/1546/8
f 1051/1544/8 1040/1533/8 1052/1545/8
f 1041/1547/5 1054/1548/5 1055/1549/5
f 1056/1550/5 1046/1539/5 1054/1548/5
f 1047/1551/6 1050/1543/6 1057/1552/6
f 1058/1553/6 1040/1533/6 1050/1543/6
f 1058/1553/4 1059/1554/4 1038/1531/4
f 1060/1555/4 1061/1556/4 1059/1554/4
f 1062/1557/3 1047/1558/3 1049/1559/3
f 1059/1554/4 1043/1560/4 1063/1561/4
f 1046/1539/8 1064/1562/8 1054/1548/8
f 1065/1563/8 1052/1545/8 1064/1562/8
f 1054/1548/8 1042/1535/8 1055/1549/8
f 1064/1562/8 1053/1546/8 1042/1535/8
f 1045/1538/8 1065/1563/8 1046/1539/8
f 1066/1564/8 1051/1544/8 1065/1563/8
f 1067/1565/5 1049/1559/5 1060/1566/5
f 1049/1567/4 1068/1568/4 1060/1555/4
f 1069/1569/3 1045/1538/3 1070/1570/3
f 1049/1542/3 1066/1564/3 1069/1569/3
f 1063/1571/1 1039/1532/1 1071/1572/1
f 1043/1536/1 1053/1546/1 1063/1571/1
f 1072/1573/1 1063/1574/1 1071/1575/1
f 1073/1576/5 1059/1577/5 1063/1574/5
f 1074/1578/6 1058/1579/6 1047/1558/6
f 1075/1580/3 1038/1581/3 1059/1582/3
f 1076/1583/1 1060/1584/1 1058/1579/1
f 1077/1585/6 1071/1575/6 1038/1581/6
f 1078/1586/6 1079/1587/6 1080/1588/6
f 1081/1589/1 1082/1590/1 1083/1591/1
f 1084/1592/5 1085/1593/5 1086/1594/5
f 1087/1595/3 1088/1596/3 1089/1597/3
f 1088/1596/8 1090/1598/8 1091/1599/8
f 1092/1600/8 1079/1587/8 1093/1601/8
f 1091/1599/8 1080/1588/8 1092/1600/8
f 1081/1602/5 1094/1603/5 1095/1604/5
f 1096/1605/5 1086/1594/5 1094/1603/5
f 1087/1606/6 1090/1598/6 1097/1607/6
f 1098/1608/6 1080/1588/6 1090/1598/6
f 1098/1608/4 1099/1609/4 1078/1586/4
f 1100/1610/4 1101/1611/4 1099/1609/4
f 1102/1612/3 1087/1613/3 1089/1614/3
f 1099/1609/4 1083/1615/4 1103/1616/4
f 1086/1594/8 1104/1617/8 1094/1603/8
f 1105/1618/8 1092/1600/8 1104/1617/8
f 1094/1603/8 1082/1590/8 1095/1604/8
f 1104/1617/8 1093/1601/8 1082/1590/8
f 1085/1593/8 1105/1618/8 1086/1594/8
f 1106/1619/8 1091/1599/8 1105/1618/8
f 1107/1620/5 1089/1614/5 1100/1621/5
f 1089/1622/4 1108/1623/4 1100/1610/4
f 1109/1624/3 1085/1593/3 1110/1625/3
f 1089/1597/3 1106/1619/3 1109/1624/3
f 1103/1626/1 1079/1587/1 1111/1627/1
f 1083/1591/1 1093/1601/1 1103/1626/1
f 1112/1628/1 1103/1629/1 1111/1630/1
f 1113/1631/5 1099/1632/5 1103/1629/5
f 1114/1633/6 1098/1634/6 1087/1613/6
f 1115/1635/3 1078/1636/3 1099/1637/3
f 1116/1638/1 1100/1639/1 1098/1634/1
f 1117/1640/6 1111/1630/6 1078/1636/6
f 1118/1641/5 1119/1642/5 1120/1643/5
f 1119/1644/1 1121/1645/1 1120/1646/1
f 1122/1647/6 1123/1648/6 1121/1649/6
f 1121/1645/1 1124/1650/1 1120/1646/1
f 1119/1642/9 1125/1651/9 1122/1647/9
f 1126/1652/11 1127/1653/11 1124/1650/11
f 1124/1650/1 1128/1654/1 1120/1646/1
f 1121/1655/6 1129/1656/6 1126/1652/6
f 1130/1657/1 1131/1658/1 1128/1654/1
f 1120/1643/9 1132/1659/9 1118/1641/9
f 1127/1653/11 1130/1657/11 1124/1650/11
f 1131/1660/5 1133/1661/5 1134/1662/5
f 1134/1663/5 1135/1664/5 1131/1665/5
f 1136/1666/11 1137/1667/11 1130/1657/11
f 1138/1668/9 1139/1669/9 1140/1670/9
f 1131/1658/1 1138/1671/1 1128/1654/1
f 1132/1659/6 1138/1668/6 1140/1670/6
f 1141/1672/5 1142/1673/5 1143/1674/5
f 1144/1675/3 1142/1676/3 1145/1677/3
f 1146/1678/6 1147/1679/6 1144/1680/6
f 1148/1681/3 1144/1675/3 1145/1677/3
f 1149/1682/10 1142/1673/10 1147/1679/10
f 1150/1683/12 1151/1684/12 1148/1681/12
f 1152/1685/3 1148/1681/3 1145/1677/3
f 1144/1686/6 1153/1687/6 1146/1688/6
f 1154/1689/3 1155/1690/3 1152/1685/3
f 1156/1691/10 1145/1692/10 1141/1672/10
f 1155/1690/12 1150/1683/12 1148/1681/12
f 1157/1693/5 1154/1694/5 1158/1695/5
f 1159/1696/5 1158/1697/5 1154/1698/5
f 1160/1699/12 1161/1700/12 1155/1690/12
f 1162/1701/10 1163/1702/10 1164/1703/10
f 1163/1704/3 1154/1689/3 1152/1685/3
f 1156/1691/6 1163/1702/6 1152/1705/6
f 1165/1706/2 1166/1707/2 1167/1708/2
f 1168/1709/1 1169/1710/1 1166/1707/1
f 1170/1711/3 1165/1706/3 1167/1708/3
f 1169/1712/13 1167/1708/13 1166/1707/13
f 1168/1709/14 1171/1713/14 1172/1714/14
f 1173/1715/2 1174/1716/2 1175/1717/2
f 1176/1718/1 1177/1719/1 1174/1716/1
f 1178/1720/3 1173/1715/3 1175/1717/3
f 1177/1721/13 1175/1717/13 1174/1716/13
f 1176/1718/14 1179/1722/14 1180/1723/14
f 1181/1724/2 1182/1725/2 1183/1726/2
f 1184/1727/1 1185/1728/1 1182/1725/1
f 1186/1729/3 1181/1724/3 1183/1726/3
f 1185/1730/13 1183/1726/13 1182/1725/13
f 1184/1727/14 1187/1731/14 1188/1732/14
f 1189/1733/2 1190/1734/2 1191/1735/2
f 1192/1736/1 1193/1737/1 1190/1734/1
f 1194/1738/3 1189/1733/3 1191/1735/3
f 1193/1739/13 1191/1735/13 1190/1734/13
f 1192/1736/14 1195/1740/14 1196/1741/14
f 1197/1742/2 1198/1743/2 1199/1744/2
f 1200/1745/1 1201/1746/1 1198/1743/1
f 1202/1747/3 1197/1742/3 1199/1744/3
f 1201/1748/13 1199/1744/13 1198/1743/13
f 1200/1745/14 1203/1749/14 1204/1750/14
f 1205/1751/7 1206/1752/7 1207/1753/7
f 1205/1751/1 1208/1754/1 1209/1755/1
f 1210/1756/3 1206/1752/3 1211/1757/3
f 1207/1753/15 1212/1758/15 1205/1751/15
f 1211/1759/16 1209/1755/16 1208/1760/16
f 1213/1761/7 1214/1762/7 1215/1763/7
f 1213/1761/1 1216/1764/1 1217/1765/1
f 1218/1766/3 1214/1762/3 1219/1767/3
f 1215/1763/15 1220/1768/15 1213/1761/15
f 1219/1769/16 1217/1765/16 1216/1770/16
f 1221/1771/7 1222/1772/7 1223/1773/7
f 1221/1771/1 1224/1774/1 1225/1775/1
f 1226/1776/3 1222/1772/3 1227/1777/3
f 1223/1773/15 1228/1778/15 1221/1771/15
f 1227/1779/16 1225/1775/16 1224/1780/16
f 1229/1781/7 1230/1782/7 1231/1783/7
f 1229/1781/1 1232/1784/1 1233/1785/1
f 1234/1786/3 1230/1782/3 1235/1787/3
f 1231/1783/15 1236/1788/15 1229/1781/15
f 1235/1789/16 1233/1785/16 1232/1790/16
f 1237/1791/7 1238/1792/7 1239/1793/7
f 1237/1791/1 1240/1794/1 1241/1795/1
f 1242/1796/3 1238/1792/3 1243/1797/3
f 1239/1793/15 1244/1798/15 1237/1791/15
f 1243/1799/16 1241/1795/16 1240/1800/16
f 1245/1801/1 1246/1802/1 1247/1803/1
f 1248/1804/3 1249/1805/3 1250/1806/3
f 1251/1807/3 1252/1808/3 1253/1809/3
f 1253/1810/3 1248/1804/3 1251/1807/3
f 1254/1811/1 1245/1812/1 1255/1813/1
f 1245/1814/1 1256/1815/1 1255/1813/1
f 1257/1816/1 1258/1817/1 1259/1818/1
f 1252/1819/3 1260/1820/3 1261/1821/3
f 1256/1815/1 1258/1822/1 1257/1816/1
f 1252/1823/3 1262/1824/3 1263/1825/3
f 1252/1826/3 1261/1821/3 1264/1827/3
f 1258/1828/1 1265/1829/1 1259/1818/1
f 1266/1830/1 1267/1831/1 1268/1832/1
f 1269/1833/3 1270/1834/3 1271/1835/3
f 1272/1836/3 1273/1837/3 1274/1838/3
f 1274/1839/3 1269/1833/3 1272/1836/3
f 1275/1840/1 1266/1841/1 1276/1842/1
f 1266/1843/1 1277/1844/1 1276/1842/1
f 1278/1845/1 1279/1846/1 1280/1847/1
f 1273/1848/3 1281/1849/3 1282/1850/3
f 1277/1844/1 1279/1851/1 1278/1845/1
f 1273/1852/3 1283/1853/3 1284/1854/3
f 1273/1855/3 1282/1850/3 1285/1856/3
f 1279/1857/1 1286/1858/1 1280/1847/1
f 1287/1859/1 1288/1860/1 1289/1861/1
f 1290/1862/3 1291/1863/3 1292/1864/3
f 1293/1865/3 1294/1866/3 1295/1867/3
f 1295/1868/3 1290/1862/3 1293/1865/3
f 1296/1869/1 1287/1870/1 1297/1871/1
f 1287/1872/1 1298/1873/1 1297/1871/1
f 1299/1874/1 1300/1875/1 1301/1876/1
f 1294/1877/3 1302/1878/3 1303/1879/3
f 1298/1873/1 1300/1880/1 1299/1874/1
f 1294/1881/3 1304/1882/3 1305/1883/3
f 1294/1884/3 1303/1879/3 1306/1885/3
f 1300/1886/1 1307/1887/1 1301/1876/1
f 1308/1888/1 1309/1889/1 1310/1890/1
f 1311/1891/3 1312/1892/3 1313/1893/3
f 1314/1894/3 1315/1895/3 1316/1896/3
f 1316/1897/3 1311/1891/3 1314/1894/3
f 1317/1898/1 1308/1899/1 1318/1900/1
f 1308/1901/1 1319/1902/1 1318/1900/1
f 1320/1903/1 1321/1904/1 1322/1905/1
f 1315/1906/3 1323/1907/3 1324/1908/3
f 1319/1902/1 1321/1909/1 1320/1903/1
f 1315/1910/3 1325/1911/3 1326/1912/3
f 1315/1913/3 1324/1908/3 1327/1914/3
f 1321/1915/1 1328/1916/1 1322/1905/1
f 1329/1917/1 1330/1918/1 1331/1919/1
f 1332/1920/3 1333/1921/3 1334/1922/3
f 1335/1923/3 1336/1924/3 1337/1925/3
f 1337/1926/3 1332/1920/3 1335/1923/3
f 1338/1927/1 1329/1928/1 1339/1929/1
f 1329/1930/1 1340/1931/1 1339/1929/1
f 1341/1932/1 1342/1933/1 1343/1934/1
f 1336/1935/3 1344/1936/3 1345/1937/3
f 1340/1931/1 1342/1938/1 1341/1932/1
f 1336/1939/3 1346/1940/3 1347/1941/3
f 1336/1942/3 1345/1937/3 1348/1943/3
f 1342/1944/1 1349/1945/1 1343/1934/1
f 1/1/1 6/6/1 2/2/1
f 3/7/2 4/1946/2 7/8/2
f 9/10/3 230/383/3 10/11/3
f 12/13/2 14/15/2 8/9/2
f 13/14/2 16/17/2 14/15/2
f 15/16/2 18/19/2 16/17/2
f 17/18/2 20/21/2 18/19/2
f 19/20/2 22/23/2 20/21/2
f 21/22/2 24/25/2 22/23/2
f 23/24/2 128/204/2 24/25/2
f 25/26/2 116/1947/2 26/27/2
f 5/29/1 72/1948/1 28/30/1
f 30/32/4 119/1949/4 31/33/4
f 33/35/5 185/313/5 34/36/5
f 36/38/6 43/45/6 37/39/6
f 39/41/5 163/277/5 40/42/5
f 42/44/6 125/200/6 43/45/6
f 41/43/5 40/42/5 44/46/5
f 46/48/6 164/278/6 47/49/6
f 11/51/5 10/11/5 49/52/5
f 51/54/4 53/57/4 29/55/4
f 31/33/4 119/1949/4 53/57/4
f 51/54/4 55/59/4 54/58/4
f 55/59/4 57/61/4 56/60/4
f 57/61/4 59/63/4 58/62/4
f 59/63/4 61/65/4 60/64/4
f 61/65/4 63/67/4 62/66/4
f 63/67/4 65/69/4 64/68/4
f 65/69/4 88/100/4 66/70/4
f 67/71/4 90/102/4 68/72/4
f 70/74/7 5/1950/7 1/75/7
f 72/77/8 5/1951/8 70/78/8
f 31/33/4 54/58/4 73/80/4
f 54/58/4 56/60/4 74/81/4
f 56/60/4 58/62/4 75/82/4
f 58/62/4 60/64/4 76/83/4
f 60/64/4 62/66/4 77/84/4
f 62/66/4 64/68/4 78/85/4
f 64/68/4 66/70/4 79/86/4
f 69/73/4 68/72/4 80/87/4
f 1448/89/6 28/1952/6 72/90/6
f 52/56/4 29/55/4 28/92/4
f 52/56/4 82/94/4 55/59/4
f 82/94/4 83/95/4 57/61/4
f 83/95/4 84/96/4 59/63/4
f 84/96/4 85/97/4 61/65/4
f 85/97/4 86/98/4 63/67/4
f 86/98/4 87/99/4 65/69/4
f 87/99/4 109/144/4 88/100/4
f 89/101/4 110/146/4 90/102/4
f 91/103/7 95/107/7 92/104/7
f 94/106/7 97/109/7 95/107/7
f 96/108/7 99/111/7 97/109/7
f 98/110/7 101/113/7 99/111/7
f 100/112/7 103/115/7 101/113/7
f 102/114/7 105/117/7 103/115/7
f 104/116/7 106/118/7 105/117/7
f 70/74/7 71/76/7 106/118/7
f 4/119/5 30/1953/5 32/120/5
f 70/78/8 104/123/8 1447/122/8
f 104/123/8 102/125/8 1533/124/8
f 102/125/8 100/127/8 1527/126/8
f 100/127/8 98/129/8 1513/128/8
f 98/129/8 96/131/8 1507/130/8
f 96/131/8 94/133/8 1493/132/8
f 94/133/8 91/189/8 1487/134/8
f 107/135/8 114/1954/8 108/136/8
f 1448/93/4 1449/138/4 82/94/4
f 1449/138/4 1528/139/4 83/95/4
f 1528/139/4 1529/140/4 84/96/4
f 1529/140/4 1508/141/4 85/97/4
f 1508/141/4 1509/142/4 86/98/4
f 1509/142/4 1488/143/4 87/99/4
f 1488/143/4 1489/186/4 109/144/4
f 1469/145/4 111/1955/4 110/146/4
f 1447/147/6 1533/1956/6 1528/148/6
f 1527/150/6 1513/1957/6 1508/151/6
f 1507/153/6 1493/1958/6 1488/154/6
f 1467/156/6 108/1959/6 111/157/6
f 112/159/5 23/1960/5 79/160/5
f 21/162/5 19/1961/5 77/163/5
f 17/165/5 15/1962/5 75/166/5
f 13/168/5 12/1963/5 73/169/5
f 110/171/3 111/1964/3 108/172/3
f 115/174/3 118/178/3 116/175/3
f 25/180/5 27/1965/5 81/181/5
f 1487/183/6 1473/1966/6 1468/184/6
f 1489/186/4 1468/188/4 120/187/4
f 1468/188/4 1469/145/4 89/101/4
f 91/189/8 93/191/8 1473/190/8
f 93/191/8 107/135/8 1467/137/8
f 107/192/7 121/195/7 118/193/7
f 93/105/7 92/104/7 121/195/7
f 109/144/4 120/187/4 122/196/4
f 120/187/4 89/101/4 67/71/4
f 66/70/4 123/198/4 113/197/4
f 123/198/4 69/73/4 81/88/4
f 88/100/4 122/196/4 123/198/4
f 122/196/4 67/71/4 69/73/4
f 124/199/6 174/293/6 125/200/6
f 45/47/5 44/46/5 126/201/5
f 112/203/2 129/205/2 128/204/2
f 27/28/2 26/27/2 129/205/2
f 130/206/8 3/240/8 8/207/8
f 132/209/8 134/213/8 71/210/8
f 133/212/8 106/215/8 71/210/8
f 135/214/8 105/217/8 106/215/8
f 124/216/8 103/219/8 105/217/8
f 42/218/8 101/221/8 103/219/8
f 36/220/8 99/223/8 101/221/8
f 38/222/8 97/225/8 99/223/8
f 46/224/8 95/249/8 97/225/8
f 131/208/8 8/207/8 14/226/8
f 136/227/8 14/226/8 16/228/8
f 137/229/8 16/228/8 18/230/8
f 127/231/8 18/230/8 20/232/8
f 45/233/8 20/232/8 22/234/8
f 41/235/8 22/234/8 24/236/8
f 39/237/8 24/236/8 128/238/8
f 132/209/8 1/211/8 3/240/8
f 138/241/8 116/247/8 118/242/8
f 139/243/8 118/242/8 121/244/8
f 138/241/8 141/253/8 26/246/8
f 48/248/8 92/250/8 95/249/8
f 140/245/8 121/244/8 92/250/8
f 35/239/8 128/238/8 129/251/8
f 33/252/8 129/251/8 26/246/8
f 175/1967/5 131/1968/5 143/256/5
f 131/1968/5 136/254/5 143/256/5
f 144/257/6 154/267/6 145/258/6
f 147/260/5 210/345/5 148/261/5
f 150/263/6 173/405/6 151/264/6
f 153/266/6 160/273/6 154/267/6
f 149/262/5 148/261/5 155/268/5
f 157/270/3 212/402/3 158/271/3
f 152/265/6 151/264/6 160/273/6
f 185/313/5 33/35/5 162/276/5
f 33/35/5 141/274/5 162/276/5
f 35/37/5 34/36/5 163/277/5
f 38/40/6 37/39/6 164/278/6
f 176/1969/6 140/1970/6 165/279/6
f 140/1970/6 48/50/6 165/279/6
f 177/298/6 133/284/6 167/282/6
f 133/284/6 134/280/6 167/282/6
f 137/283/5 169/287/5 142/255/5
f 133/284/6 177/298/6 168/285/6
f 127/202/5 126/201/5 169/287/5
f 156/269/5 155/268/5 170/288/5
f 172/290/1 209/400/1 173/291/1
f 135/286/6 168/285/6 174/293/6
f 167/282/9 166/370/9 175/294/9
f 176/295/10 165/279/10 162/276/10
f 153/297/8 168/285/8 177/298/8
f 144/300/8 174/293/8 168/285/8
f 146/301/8 125/200/8 174/293/8
f 178/302/8 43/45/8 125/200/8
f 179/303/8 37/39/8 43/45/8
f 180/304/8 164/278/8 37/39/8
f 181/305/8 142/255/8 169/287/8
f 171/306/8 169/287/8 126/201/8
f 156/307/8 126/201/8 44/46/8
f 149/308/8 44/46/8 40/42/8
f 147/309/8 40/42/8 163/277/8
f 182/310/8 163/277/8 34/36/8
f 184/312/8 47/49/8 164/278/8
f 183/311/8 34/36/8 185/313/8
f 150/315/8 167/282/8 143/256/8
f 159/317/8 162/276/8 165/279/8
f 150/315/8 152/299/8 177/298/8
f 172/316/8 143/256/8 142/255/8
f 157/318/8 165/279/8 47/49/8
f 159/317/8 186/314/8 185/313/8
f 187/319/6 241/412/6 188/320/6
f 190/322/3 246/417/3 191/323/3
f 189/321/6 188/320/6 193/325/6
f 195/327/6 204/336/6 196/328/6
f 198/330/5 206/338/5 199/331/5
f 200/332/5 199/331/5 201/333/5
f 203/335/6 248/419/6 204/336/6
f 205/337/5 244/415/5 206/338/5
f 197/329/6 196/328/6 207/339/6
f 181/341/5 219/362/5 209/342/5
f 182/344/5 213/352/5 210/345/5
f 146/259/6 145/258/6 211/346/6
f 184/348/6 216/359/6 212/349/6
f 183/351/5 218/361/5 213/352/5
f 178/347/6 211/346/6 214/353/6
f 159/355/5 158/408/5 215/356/5
f 180/358/6 217/360/6 216/359/6
f 179/354/6 214/353/6 217/360/6
f 186/357/5 215/356/5 218/361/5
f 171/289/5 170/288/5 219/362/5
f 220/363/8 130/206/8 131/208/8
f 222/365/8 227/1971/8 134/213/8
f 222/365/8 132/209/8 130/206/8
f 11/366/8 138/241/8 139/243/8
f 9/367/8 139/243/8 140/245/8
f 11/366/8 50/1972/8 141/253/8
f 224/369/1 175/294/1 166/370/1
f 226/372/3 176/295/3 161/296/3
f 225/371/1 166/370/1 134/374/1
f 224/369/1 221/1973/1 131/376/1
f 49/373/3 161/296/3 141/377/3
f 226/372/3 223/1974/3 140/379/3
f 224/380/8 225/386/8 228/381/8
f 49/52/8 10/11/8 230/383/8
f 222/385/6 228/381/6 225/386/6
f 223/388/6 226/384/6 230/383/6
f 220/390/1 229/382/1 228/381/1
f 221/392/5 224/380/5 229/382/5
f 231/394/8 160/273/8 151/264/8
f 233/396/8 154/267/8 160/273/8
f 234/397/8 145/258/8 154/267/8
f 205/337/8 211/346/8 145/258/8
f 198/330/8 214/353/8 211/346/8
f 200/332/8 217/360/8 214/353/8
f 194/326/8 219/362/8 170/288/8
f 189/321/8 170/288/8 155/268/8
f 187/319/8 155/268/8 148/261/8
f 235/398/8 148/261/8 210/345/8
f 236/399/8 210/345/8 213/352/8
f 208/340/8 213/352/8 218/361/8
f 202/334/8 216/359/8 217/360/8
f 197/329/8 218/361/8 215/356/8
f 192/324/8 173/291/8 209/400/8
f 203/401/8 158/271/8 212/402/8
f 192/404/8 232/395/8 151/264/8
f 190/406/8 209/342/8 219/362/8
f 237/407/8 212/349/8 216/359/8
f 203/335/8 195/327/8 215/356/8
f 193/325/8 188/320/8 238/409/8
f 188/320/8 241/412/8 240/411/8
f 241/412/8 243/414/8 242/413/8
f 243/414/8 245/416/8 244/415/8
f 245/416/8 207/339/8 206/338/8
f 207/339/8 196/328/8 199/331/8
f 196/328/8 204/336/8 201/333/8
f 246/417/8 193/325/8 239/410/8
f 204/336/8 248/419/8 247/418/8
f 232/395/5 239/410/5 238/409/5
f 237/403/1 247/418/1 248/419/1
f 235/398/6 243/414/6 241/412/6
f 231/394/5 238/409/5 240/411/5
f 192/404/5 191/323/5 239/410/5
f 236/399/6 245/416/6 243/414/6
f 233/396/5 240/411/5 242/413/5
f 194/326/6 193/325/6 246/417/6
f 208/340/6 207/339/6 245/416/6
f 234/397/5 242/413/5 244/415/5
f 202/334/5 201/333/5 247/418/5
f 249/420/5 265/436/5 250/421/5
f 252/423/1 277/453/1 253/424/1
f 255/426/6 268/440/6 256/427/6
f 258/429/3 1350/1975/3 259/430/3
f 261/432/8 1350/1975/8 258/429/8
f 250/421/8 265/436/8 263/434/8
f 265/436/8 261/432/8 262/433/8
f 253/437/6 277/453/6 266/438/6
f 267/439/6 266/438/6 268/440/6
f 259/441/5 1350/1975/5 261/432/5
f 269/442/5 261/432/5 265/436/5
f 270/443/4 272/445/4 269/442/4
f 271/444/4 280/457/4 272/445/4
f 259/446/3 284/469/3 273/447/3
f 254/449/4 271/444/4 270/443/4
f 275/451/8 276/452/8 268/440/8
f 263/434/8 262/433/8 276/452/8
f 252/423/8 275/451/8 266/438/8
f 264/435/8 263/434/8 275/451/8
f 276/452/8 278/454/8 256/427/8
f 262/433/8 258/429/8 278/454/8
f 260/448/6 273/447/6 279/455/6
f 280/457/4 281/1976/4 260/458/4
f 256/427/3 278/454/3 281/459/3
f 278/454/3 258/429/3 260/431/3
f 250/421/1 264/435/1 274/461/1
f 264/435/1 252/423/1 254/425/1
f 274/463/1 283/467/1 282/464/1
f 270/466/6 285/1977/6 283/467/6
f 269/468/5 286/474/5 284/469/5
f 249/470/3 287/475/3 285/471/3
f 272/473/1 279/1978/1 286/474/1
f 251/465/5 282/464/5 287/475/5
f 288/476/5 304/492/5 289/477/5
f 291/479/1 316/509/1 292/480/1
f 294/482/6 307/496/6 295/483/6
f 297/485/3 1351/1979/3 298/486/3
f 300/488/8 1351/1979/8 297/485/8
f 289/477/8 304/492/8 302/490/8
f 304/492/8 300/488/8 301/489/8
f 292/493/6 316/509/6 305/494/6
f 306/495/6 305/494/6 307/496/6
f 298/497/5 1351/1979/5 300/488/5
f 308/498/5 300/488/5 304/492/5
f 309/499/4 311/501/4 308/498/4
f 310/500/4 319/513/4 311/501/4
f 298/502/3 323/525/3 312/503/3
f 293/505/4 310/500/4 309/499/4
f 314/507/8 315/508/8 307/496/8
f 302/490/8 301/489/8 315/508/8
f 291/479/8 314/507/8 305/494/8
f 303/491/8 302/490/8 314/507/8
f 315/508/8 317/510/8 295/483/8
f 301/489/8 297/485/8 317/510/8
f 299/504/6 312/503/6 318/511/6
f 319/513/4 320/1980/4 299/514/4
f 295/483/3 317/510/3 320/515/3
f 317/510/3 297/485/3 299/487/3
f 289/477/1 303/491/1 313/517/1
f 303/491/1 291/479/1 293/481/1
f 313/519/1 322/523/1 321/520/1
f 309/522/6 324/1981/6 322/523/6
f 308/524/5 325/530/5 323/525/5
f 288/526/3 326/531/3 324/527/3
f 311/529/1 318/1982/1 325/530/1
f 290/521/5 321/520/5 326/531/5
f 327/532/5 343/548/5 328/533/5
f 330/535/1 355/565/1 331/536/1
f 333/538/6 346/552/6 334/539/6
f 336/541/3 1352/1983/3 337/542/3
f 339/544/8 1352/1983/8 336/541/8
f 328/533/8 343/548/8 341/546/8
f 343/548/8 339/544/8 340/545/8
f 331/549/6 355/565/6 344/550/6
f 345/551/6 344/550/6 346/552/6
f 337/553/5 1352/1983/5 339/544/5
f 347/554/5 339/544/5 343/548/5
f 348/555/4 350/557/4 347/554/4
f 349/556/4 358/569/4 350/557/4
f 337/558/3 362/581/3 351/559/3
f 332/561/4 349/556/4 348/555/4
f 353/563/8 354/564/8 346/552/8
f 341/546/8 340/545/8 354/564/8
f 330/535/8 353/563/8 344/550/8
f 342/547/8 341/546/8 353/563/8
f 354/564/8 356/566/8 334/539/8
f 340/545/8 336/541/8 356/566/8
f 338/560/6 351/559/6 357/567/6
f 358/569/4 359/1984/4 338/570/4
f 334/539/3 356/566/3 359/571/3
f 356/566/3 336/541/3 338/543/3
f 328/533/1 342/547/1 352/573/1
f 342/547/1 330/535/1 332/537/1
f 352/575/1 361/579/1 360/576/1
f 348/578/6 363/1985/6 361/579/6
f 347/580/5 364/586/5 362/581/5
f 327/582/3 365/587/3 363/583/3
f 350/585/1 357/1986/1 364/586/1
f 329/577/5 360/576/5 365/587/5
f 366/588/5 382/604/5 367/589/5
f 369/591/1 394/621/1 370/592/1
f 372/594/6 385/608/6 373/595/6
f 375/597/3 1353/1987/3 376/598/3
f 378/600/8 1353/1987/8 375/597/8
f 367/589/8 382/604/8 380/602/8
f 382/604/8 378/600/8 379/601/8
f 370/605/6 394/621/6 383/606/6
f 384/607/6 383/606/6 385/608/6
f 376/609/5 1353/1987/5 378/600/5
f 386/610/5 378/600/5 382/604/5
f 387/611/4 389/613/4 386/610/4
f 388/612/4 397/625/4 389/613/4
f 376/614/3 401/637/3 390/615/3
f 371/617/4 388/612/4 387/611/4
f 392/619/8 393/620/8 385/608/8
f 380/602/8 379/601/8 393/620/8
f 369/591/8 392/619/8 383/606/8
f 381/603/8 380/602/8 392/619/8
f 393/620/8 395/622/8 373/595/8
f 379/601/8 375/597/8 395/622/8
f 377/616/6 390/615/6 396/623/6
f 397/625/4 398/1988/4 377/626/4
f 373/595/3 395/622/3 398/627/3
f 395/622/3 375/597/3 377/599/3
f 367/589/1 381/603/1 391/629/1
f 381/603/1 369/591/1 371/593/1
f 391/631/1 400/635/1 399/632/1
f 387/634/6 402/1989/6 400/635/6
f 386/636/5 403/642/5 401/637/5
f 366/638/3 404/643/3 402/639/3
f 389/641/1 396/1990/1 403/642/1
f 368/633/5 399/632/5 404/643/5
f 405/644/5 421/660/5 406/645/5
f 408/647/1 433/677/1 409/648/1
f 411/650/6 424/664/6 412/651/6
f 414/653/3 1354/1991/3 415/654/3
f 417/656/8 1354/1991/8 414/653/8
f 406/645/8 421/660/8 419/658/8
f 421/660/8 417/656/8 418/657/8
f 409/661/6 433/677/6 422/662/6
f 423/663/6 422/662/6 424/664/6
f 415/665/5 1354/1991/5 417/656/5
f 425/666/5 417/656/5 421/660/5
f 426/667/4 428/669/4 425/666/4
f 427/668/4 436/681/4 428/669/4
f 415/670/3 440/693/3 429/671/3
f 410/673/4 427/668/4 426/667/4
f 431/675/8 432/676/8 424/664/8
f 419/658/8 418/657/8 432/676/8
f 408/647/8 431/675/8 422/662/8
f 420/659/8 419/658/8 431/675/8
f 432/676/8 434/678/8 412/651/8
f 418/657/8 414/653/8 434/678/8
f 416/672/6 429/671/6 435/679/6
f 436/681/4 437/1992/4 416/682/4
f 412/651/3 434/678/3 437/683/3
f 434/678/3 414/653/3 416/655/3
f 406/645/1 420/659/1 430/685/1
f 420/659/1 408/647/1 410/649/1
f 430/687/1 439/691/1 438/688/1
f 426/690/6 441/1993/6 439/691/6
f 425/692/5 442/698/5 440/693/5
f 405/694/3 443/699/3 441/695/3
f 428/697/1 435/1994/1 442/698/1
f 407/689/5 438/688/5 443/699/5
f 444/700/5 460/716/5 445/701/5
f 447/703/1 472/733/1 448/704/1
f 450/706/6 463/720/6 451/707/6
f 453/709/3 1355/1995/3 454/710/3
f 456/712/8 1355/1995/8 453/709/8
f 445/701/8 460/716/8 458/714/8
f 460/716/8 456/712/8 457/713/8
f 448/717/6 472/733/6 461/718/6
f 462/719/6 461/718/6 463/720/6
f 454/721/5 1355/1995/5 456/712/5
f 464/722/5 456/712/5 460/716/5
f 465/723/4 467/725/4 464/722/4
f 466/724/4 475/737/4 467/725/4
f 454/726/3 479/749/3 468/727/3
f 449/729/4 466/724/4 465/723/4
f 470/731/8 471/732/8 463/720/8
f 458/714/8 457/713/8 471/732/8
f 447/703/8 470/731/8 461/718/8
f 459/715/8 458/714/8 470/731/8
f 471/732/8 473/734/8 451/707/8
f 457/713/8 453/709/8 473/734/8
f 455/728/6 468/727/6 474/735/6
f 475/737/4 476/1996/4 455/738/4
f 451/707/3 473/734/3 476/739/3
f 473/734/3 453/709/3 455/711/3
f 445/701/1 459/715/1 469/741/1
f 459/715/1 447/703/1 449/705/1
f 469/743/1 478/747/1 477/744/1
f 465/746/6 480/1997/6 478/747/6
f 464/748/5 481/754/5 479/749/5
f 444/750/3 482/755/3 480/751/3
f 467/753/1 474/1998/1 481/754/1
f 446/745/5 477/744/5 482/755/5
f 483/756/5 499/772/5 484/757/5
f 486/759/1 511/789/1 487/760/1
f 489/762/6 502/776/6 490/763/6
f 492/765/3 1356/1999/3 493/766/3
f 495/768/8 1356/1999/8 492/765/8
f 484/757/8 499/772/8 497/770/8
f 499/772/8 495/768/8 496/769/8
f 487/773/6 511/789/6 500/774/6
f 501/775/6 500/774/6 502/776/6
f 493/777/5 1356/1999/5 495/768/5
f 503/778/5 495/768/5 499/772/5
f 504/779/4 506/781/4 503/778/4
f 505/780/4 514/793/4 506/781/4
f 493/782/3 518/805/3 507/783/3
f 488/785/4 505/780/4 504/779/4
f 509/787/8 510/788/8 502/776/8
f 497/770/8 496/769/8 510/788/8
f 486/759/8 509/787/8 500/774/8
f 498/771/8 497/770/8 509/787/8
f 510/788/8 512/790/8 490/763/8
f 496/769/8 492/765/8 512/790/8
f 494/784/6 507/783/6 513/791/6
f 514/793/4 515/2000/4 494/794/4
f 490/763/3 512/790/3 515/795/3
f 512/790/3 492/765/3 494/767/3
f 484/757/1 498/771/1 508/797/1
f 498/771/1 486/759/1 488/761/1
f 508/799/1 517/803/1 516/800/1
f 504/802/6 519/2001/6 517/803/6
f 503/804/5 520/810/5 518/805/5
f 483/806/3 521/811/3 519/807/3
f 506/809/1 513/2002/1 520/810/1
f 485/801/5 516/800/5 521/811/5
f 522/812/5 538/828/5 523/813/5
f 525/815/1 550/845/1 526/816/1
f 528/818/6 541/832/6 529/819/6
f 531/821/3 1357/2003/3 532/822/3
f 534/824/8 1357/2003/8 531/821/8
f 523/813/8 538/828/8 536/826/8
f 538/828/8 534/824/8 535/825/8
f 526/829/6 550/845/6 539/830/6
f 540/831/6 539/830/6 541/832/6
f 532/833/5 1357/2003/5 534/824/5
f 542/834/5 534/824/5 538/828/5
f 543/835/4 545/837/4 542/834/4
f 544/836/4 553/849/4 545/837/4
f 532/838/3 557/861/3 546/839/3
f 527/841/4 544/836/4 543/835/4
f 548/843/8 549/844/8 541/832/8
f 536/826/8 535/825/8 549/844/8
f 525/815/8 548/843/8 539/830/8
f 537/827/8 536/826/8 548/843/8
f 549/844/8 551/846/8 529/819/8
f 535/825/8 531/821/8 551/846/8
f 533/840/6 546/839/6 552/847/6
f 553/849/4 554/2004/4 533/850/4
f 529/819/3 551/846/3 554/851/3
f 551/846/3 531/821/3 533/823/3
f 523/813/1 537/827/1 547/853/1
f 537/827/1 525/815/1 527/817/1
f 547/855/1 556/859/1 555/856/1
f 543/858/6 558/2005/6 556/859/6
f 542/860/5 559/866/5 557/861/5
f 522/862/3 560/867/3 558/863/3
f 545/865/1 552/2006/1 559/866/1
f 524/857/5 555/856/5 560/867/5
f 561/868/5 577/884/5 562/869/5
f 564/871/1 589/901/1 565/872/1
f 567/874/6 580/888/6 568/875/6
f 570/877/3 1358/2007/3 571/878/3
f 573/880/8 1358/2007/8 570/877/8
f 562/869/8 577/884/8 575/882/8
f 577/884/8 573/880/8 574/881/8
f 565/885/6 589/901/6 578/886/6
f 579/887/6 578/886/6 580/888/6
f 571/889/5 1358/2007/5 573/880/5
f 581/890/5 573/880/5 577/884/5
f 582/891/4 584/893/4 581/890/4
f 583/892/4 592/905/4 584/893/4
f 571/894/3 596/917/3 585/895/3
f 566/897/4 583/892/4 582/891/4
f 587/899/8 588/900/8 580/888/8
f 575/882/8 574/881/8 588/900/8
f 564/871/8 587/899/8 578/886/8
f 576/883/8 575/882/8 587/899/8
f 588/900/8 590/902/8 568/875/8
f 574/881/8 570/877/8 590/902/8
f 572/896/6 585/895/6 591/903/6
f 592/905/4 593/2008/4 572/906/4
f 568/875/3 590/902/3 593/907/3
f 590/902/3 570/877/3 572/879/3
f 562/869/1 576/883/1 586/909/1
f 576/883/1 564/871/1 566/873/1
f 586/911/1 595/915/1 594/912/1
f 582/914/6 597/2009/6 595/915/6
f 581/916/5 598/922/5 596/917/5
f 561/918/3 599/923/3 597/919/3
f 584/921/1 591/2010/1 598/922/1
f 563/913/5 594/912/5 599/923/5
f 600/924/5 616/940/5 601/925/5
f 603/927/1 628/957/1 604/928/1
f 606/930/6 619/944/6 607/931/6
f 609/933/3 1359/2011/3 610/934/3
f 612/936/8 1359/2011/8 609/933/8
f 601/925/8 616/940/8 614/938/8
f 616/940/8 612/936/8 613/937/8
f 604/941/6 628/957/6 617/942/6
f 618/943/6 617/942/6 619/944/6
f 610/945/5 1359/2011/5 612/936/5
f 620/946/5 612/936/5 616/940/5
f 621/947/4 623/949/4 620/946/4
f 622/948/4 631/961/4 623/949/4
f 610/950/3 635/973/3 624/951/3
f 605/953/4 622/948/4 621/947/4
f 626/955/8 627/956/8 619/944/8
f 614/938/8 613/937/8 627/956/8
f 603/927/8 626/955/8 617/942/8
f 615/939/8 614/938/8 626/955/8
f 627/956/8 629/958/8 607/931/8
f 613/937/8 609/933/8 629/958/8
f 611/952/6 624/951/6 630/959/6
f 631/961/4 632/2012/4 611/962/4
f 607/931/3 629/958/3 632/963/3
f 629/958/3 609/933/3 611/935/3
f 601/925/1 615/939/1 625/965/1
f 615/939/1 603/927/1 605/929/1
f 625/967/1 634/971/1 633/968/1
f 621/970/6 636/2013/6 634/971/6
f 620/972/5 637/978/5 635/973/5
f 600/974/3 638/979/3 636/975/3
f 623/977/1 630/2014/1 637/978/1
f 602/969/5 633/968/5 638/979/5
f 639/980/5 655/996/5 640/981/5
f 642/983/1 667/1013/1 643/984/1
f 645/986/6 658/1000/6 646/987/6
f 648/989/3 1360/2015/3 649/990/3
f 651/992/8 1360/2015/8 648/989/8
f 640/981/8 655/996/8 653/994/8
f 655/996/8 651/992/8 652/993/8
f 643/997/6 667/1013/6 656/998/6
f 657/999/6 656/998/6 658/1000/6
f 649/1001/5 1360/2015/5 651/992/5
f 659/1002/5 651/992/5 655/996/5
f 660/1003/4 662/1005/4 659/1002/4
f 661/1004/4 670/1017/4 662/1005/4
f 649/1006/3 674/1029/3 663/1007/3
f 644/1009/4 661/1004/4 660/1003/4
f 665/1011/8 666/1012/8 658/1000/8
f 653/994/8 652/993/8 666/1012/8
f 642/983/8 665/1011/8 656/998/8
f 654/995/8 653/994/8 665/1011/8
f 666/1012/8 668/1014/8 646/987/8
f 652/993/8 648/989/8 668/1014/8
f 650/1008/6 663/1007/6 669/1015/6
f 670/1017/4 671/2016/4 650/1018/4
f 646/987/3 668/1014/3 671/1019/3
f 668/1014/3 648/989/3 650/991/3
f 640/981/1 654/995/1 664/1021/1
f 654/995/1 642/983/1 644/985/1
f 664/1023/1 673/1027/1 672/1024/1
f 660/1026/6 675/2017/6 673/1027/6
f 659/1028/5 676/1034/5 674/1029/5
f 639/1030/3 677/1035/3 675/1031/3
f 662/1033/1 669/2018/1 676/1034/1
f 641/1025/5 672/1024/5 677/1035/5
f 678/1036/6 711/2019/6 679/1037/6
f 681/1039/1 695/1054/1 682/1040/1
f 684/1042/5 710/2020/5 685/1043/5
f 687/1045/3 697/1057/3 688/1046/3
f 688/1046/8 697/1057/8 690/1048/8
f 692/1050/8 680/1038/8 679/1037/8
f 691/1049/8 690/1048/8 680/1038/8
f 681/1052/5 696/1055/5 694/1053/5
f 696/1055/5 684/1042/5 686/1044/5
f 687/1056/6 698/1058/6 690/1048/6
f 698/1058/6 678/1036/6 680/1038/6
f 698/1058/4 700/1060/4 699/1059/4
f 700/1060/4 708/1073/4 701/1061/4
f 702/1062/3 714/1083/3 687/1063/3
f 699/1059/4 701/1061/4 683/1065/4
f 686/1044/8 705/1068/8 704/1067/8
f 705/1068/8 691/1049/8 692/1050/8
f 694/1053/8 704/1067/8 682/1040/8
f 704/1067/8 692/1050/8 693/1051/8
f 685/1043/8 706/1069/8 705/1068/8
f 706/1069/8 688/1046/8 691/1049/8
f 707/1070/5 702/1062/5 689/1064/5
f 689/1072/4 709/2021/4 708/1073/4
f 709/1074/3 706/1069/3 685/1043/3
f 689/1047/3 688/1046/3 706/1069/3
f 703/1076/1 693/1051/1 679/1037/1
f 683/1041/1 682/1040/1 693/1051/1
f 712/1078/1 713/1081/1 703/1079/1
f 713/1081/5 715/2022/5 699/1082/5
f 714/1083/6 716/1088/6 698/1084/6
f 715/1085/3 717/1090/3 678/1086/3
f 716/1088/1 707/2023/1 700/1089/1
f 717/1090/6 712/1078/6 711/1080/6
f 718/1091/6 751/2024/6 719/1092/6
f 721/1094/1 735/1109/1 722/1095/1
f 724/1097/5 750/2025/5 725/1098/5
f 727/1100/3 737/1112/3 728/1101/3
f 728/1101/8 737/1112/8 730/1103/8
f 732/1105/8 720/1093/8 719/1092/8
f 731/1104/8 730/1103/8 720/1093/8
f 721/1107/5 736/1110/5 734/1108/5
f 736/1110/5 724/1097/5 726/1099/5
f 727/1111/6 738/1113/6 730/1103/6
f 738/1113/6 718/1091/6 720/1093/6
f 738/1113/4 740/1115/4 739/1114/4
f 740/1115/4 748/1128/4 741/1116/4
f 742/1117/3 754/1138/3 727/1118/3
f 739/1114/4 741/1116/4 723/1120/4
f 726/1099/8 745/1123/8 744/1122/8
f 745/1123/8 731/1104/8 732/1105/8
f 734/1108/8 744/1122/8 722/1095/8
f 744/1122/8 732/1105/8 733/1106/8
f 725/1098/8 746/1124/8 745/1123/8
f 746/1124/8 728/1101/8 731/1104/8
f 747/1125/5 742/1117/5 729/1119/5
f 729/1127/4 749/2026/4 748/1128/4
f 749/1129/3 746/1124/3 725/1098/3
f 729/1102/3 728/1101/3 746/1124/3
f 743/1131/1 733/1106/1 719/1092/1
f 723/1096/1 722/1095/1 733/1106/1
f 752/1133/1 753/1136/1 743/1134/1
f 753/1136/5 755/2027/5 739/1137/5
f 754/1138/6 756/1143/6 738/1139/6
f 755/1140/3 757/1145/3 718/1141/3
f 756/1143/1 747/2028/1 740/1144/1
f 757/1145/6 752/1133/6 751/1135/6
f 758/1146/6 791/2029/6 759/1147/6
f 761/1149/1 775/1164/1 762/1150/1
f 764/1152/5 790/2030/5 765/1153/5
f 767/1155/3 777/1167/3 768/1156/3
f 768/1156/8 777/1167/8 770/1158/8
f 772/1160/8 760/1148/8 759/1147/8
f 771/1159/8 770/1158/8 760/1148/8
f 761/1162/5 776/1165/5 774/1163/5
f 776/1165/5 764/1152/5 766/1154/5
f 767/1166/6 778/1168/6 770/1158/6
f 778/1168/6 758/1146/6 760/1148/6
f 778/1168/4 780/1170/4 779/1169/4
f 780/1170/4 788/1183/4 781/1171/4
f 782/1172/3 794/1193/3 767/1173/3
f 779/1169/4 781/1171/4 763/1175/4
f 766/1154/8 785/1178/8 784/1177/8
f 785/1178/8 771/1159/8 772/1160/8
f 774/1163/8 784/1177/8 762/1150/8
f 784/1177/8 772/1160/8 773/1161/8
f 765/1153/8 786/1179/8 785/1178/8
f 786/1179/8 768/1156/8 771/1159/8
f 787/1180/5 782/1172/5 769/1174/5
f 769/1182/4 789/2031/4 788/1183/4
f 789/1184/3 786/1179/3 765/1153/3
f 769/1157/3 768/1156/3 786/1179/3
f 783/1186/1 773/1161/1 759/1147/1
f 763/1151/1 762/1150/1 773/1161/1
f 792/1188/1 793/1191/1 783/1189/1
f 793/1191/5 795/2032/5 779/1192/5
f 794/1193/6 796/1198/6 778/1194/6
f 795/1195/3 797/1200/3 758/1196/3
f 796/1198/1 787/2033/1 780/1199/1
f 797/1200/6 792/1188/6 791/1190/6
f 798/1201/6 831/2034/6 799/1202/6
f 801/1204/1 815/1219/1 802/1205/1
f 804/1207/5 830/2035/5 805/1208/5
f 807/1210/3 817/1222/3 808/1211/3
f 808/1211/8 817/1222/8 810/1213/8
f 812/1215/8 800/1203/8 799/1202/8
f 811/1214/8 810/1213/8 800/1203/8
f 801/1217/5 816/1220/5 814/1218/5
f 816/1220/5 804/1207/5 806/1209/5
f 807/1221/6 818/1223/6 810/1213/6
f 818/1223/6 798/1201/6 800/1203/6
f 818/1223/4 820/1225/4 819/1224/4
f 820/1225/4 828/1238/4 821/1226/4
f 822/1227/3 834/1248/3 807/1228/3
f 819/1224/4 821/1226/4 803/1230/4
f 806/1209/8 825/1233/8 824/1232/8
f 825/1233/8 811/1214/8 812/1215/8
f 814/1218/8 824/1232/8 802/1205/8
f 824/1232/8 812/1215/8 813/1216/8
f 805/1208/8 826/1234/8 825/1233/8
f 826/1234/8 808/1211/8 811/1214/8
f 827/1235/5 822/1227/5 809/1229/5
f 809/1237/4 829/2036/4 828/1238/4
f 829/1239/3 826/1234/3 805/1208/3
f 809/1212/3 808/1211/3 826/1234/3
f 823/1241/1 813/1216/1 799/1202/1
f 803/1206/1 802/1205/1 813/1216/1
f 832/1243/1 833/1246/1 823/1244/1
f 833/1246/5 835/2037/5 819/1247/5
f 834/1248/6 836/1253/6 818/1249/6
f 835/1250/3 837/1255/3 798/1251/3
f 836/1253/1 827/2038/1 820/1254/1
f 837/1255/6 832/1243/6 831/1245/6
f 838/1256/6 871/2039/6 839/1257/6
f 841/1259/1 855/1274/1 842/1260/1
f 844/1262/5 870/2040/5 845/1263/5
f 847/1265/3 857/1277/3 848/1266/3
f 848/1266/8 857/1277/8 850/1268/8
f 852/1270/8 840/1258/8 839/1257/8
f 851/1269/8 850/1268/8 840/1258/8
f 841/1272/5 856/1275/5 854/1273/5
f 856/1275/5 844/1262/5 846/1264/5
f 847/1276/6 858/1278/6 850/1268/6
f 858/1278/6 838/1256/6 840/1258/6
f 858/1278/4 860/1280/4 859/1279/4
f 860/1280/4 868/1293/4 861/1281/4
f 862/1282/3 874/1303/3 847/1283/3
f 859/1279/4 861/1281/4 843/1285/4
f 846/1264/8 865/1288/8 864/1287/8
f 865/1288/8 851/1269/8 852/1270/8
f 854/1273/8 864/1287/8 842/1260/8
f 864/1287/8 852/1270/8 853/1271/8
f 845/1263/8 866/1289/8 865/1288/8
f 866/1289/8 848/1266/8 851/1269/8
f 867/1290/5 862/1282/5 849/1284/5
f 849/1292/4 869/2041/4 868/1293/4
f 869/1294/3 866/1289/3 845/1263/3
f 849/1267/3 848/1266/3 866/1289/3
f 863/1296/1 853/1271/1 839/1257/1
f 843/1261/1 842/1260/1 853/1271/1
f 872/1298/1 873/1301/1 863/1299/1
f 873/1301/5 875/2042/5 859/1302/5
f 874/1303/6 876/1308/6 858/1304/6
f 875/1305/3 877/1310/3 838/1306/3
f 876/1308/1 867/2043/1 860/1309/1
f 877/1310/6 872/1298/6 871/1300/6
f 878/1311/6 911/2044/6 879/1312/6
f 881/1314/1 895/1329/1 882/1315/1
f 884/1317/5 910/2045/5 885/1318/5
f 887/1320/3 897/1332/3 888/1321/3
f 888/1321/8 897/1332/8 890/1323/8
f 892/1325/8 880/1313/8 879/1312/8
f 891/1324/8 890/1323/8 880/1313/8
f 881/1327/5 896/1330/5 894/1328/5
f 896/1330/5 884/1317/5 886/1319/5
f 887/1331/6 898/1333/6 890/1323/6
f 898/1333/6 878/1311/6 880/1313/6
f 898/1333/4 900/1335/4 899/1334/4
f 900/1335/4 908/1348/4 901/1336/4
f 902/1337/3 914/1358/3 887/1338/3
f 899/1334/4 901/1336/4 883/1340/4
f 886/1319/8 905/1343/8 904/1342/8
f 905/1343/8 891/1324/8 892/1325/8
f 894/1328/8 904/1342/8 882/1315/8
f 904/1342/8 892/1325/8 893/1326/8
f 885/1318/8 906/1344/8 905/1343/8
f 906/1344/8 888/1321/8 891/1324/8
f 907/1345/5 902/1337/5 889/1339/5
f 889/1347/4 909/2046/4 908/1348/4
f 909/1349/3 906/1344/3 885/1318/3
f 889/1322/3 888/1321/3 906/1344/3
f 903/1351/1 893/1326/1 879/1312/1
f 883/1316/1 882/1315/1 893/1326/1
f 912/1353/1 913/1356/1 903/1354/1
f 913/1356/5 915/2047/5 899/1357/5
f 914/1358/6 916/1363/6 898/1359/6
f 915/1360/3 917/1365/3 878/1361/3
f 916/1363/1 907/2048/1 900/1364/1
f 917/1365/6 912/1353/6 911/1355/6
f 918/1366/6 951/2049/6 919/1367/6
f 921/1369/1 935/1384/1 922/1370/1
f 924/1372/5 950/2050/5 925/1373/5
f 927/1375/3 937/1387/3 928/1376/3
f 928/1376/8 937/1387/8 930/1378/8
f 932/1380/8 920/1368/8 919/1367/8
f 931/1379/8 930/1378/8 920/1368/8
f 921/1382/5 936/1385/5 934/1383/5
f 936/1385/5 924/1372/5 926/1374/5
f 927/1386/6 938/1388/6 930/1378/6
f 938/1388/6 918/1366/6 920/1368/6
f 938/1388/4 940/1390/4 939/1389/4
f 940/1390/4 948/1403/4 941/1391/4
f 942/1392/3 954/1413/3 927/1393/3
f 939/1389/4 941/1391/4 923/1395/4
f 926/1374/8 945/1398/8 944/1397/8
f 945/1398/8 931/1379/8 932/1380/8
f 934/1383/8 944/1397/8 922/1370/8
f 944/1397/8 932/1380/8 933/1381/8
f 925/1373/8 946/1399/8 945/1398/8
f 946/1399/8 928/1376/8 931/1379/8
f 947/1400/5 942/1392/5 929/1394/5
f 929/1402/4 949/2051/4 948/1403/4
f 949/1404/3 946/1399/3 925/1373/3
f 929/1377/3 928/1376/3 946/1399/3
f 943/1406/1 933/1381/1 919/1367/1
f 923/1371/1 922/1370/1 933/1381/1
f 952/1408/1 953/1411/1 943/1409/1
f 953/1411/5 955/2052/5 939/1412/5
f 954/1413/6 956/1418/6 938/1414/6
f 955/1415/3 957/1420/3 918/1416/3
f 956/1418/1 947/2053/1 940/1419/1
f 957/1420/6 952/1408/6 951/1410/6
f 958/1421/6 991/2054/6 959/1422/6
f 961/1424/1 975/1439/1 962/1425/1
f 964/1427/5 990/2055/5 965/1428/5
f 967/1430/3 977/1442/3 968/1431/3
f 968/1431/8 977/1442/8 970/1433/8
f 972/1435/8 960/1423/8 959/1422/8
f 971/1434/8 970/1433/8 960/1423/8
f 961/1437/5 976/1440/5 974/1438/5
f 976/1440/5 964/1427/5 966/1429/5
f 967/1441/6 978/1443/6 970/1433/6
f 978/1443/6 958/1421/6 960/1423/6
f 978/1443/4 980/1445/4 979/1444/4
f 980/1445/4 988/1458/4 981/1446/4
f 982/1447/3 994/1468/3 967/1448/3
f 979/1444/4 981/1446/4 963/1450/4
f 966/1429/8 985/1453/8 984/1452/8
f 985/1453/8 971/1434/8 972/1435/8
f 974/1438/8 984/1452/8 962/1425/8
f 984/1452/8 972/1435/8 973/1436/8
f 965/1428/8 986/1454/8 985/1453/8
f 986/1454/8 968/1431/8 971/1434/8
f 987/1455/5 982/1447/5 969/1449/5
f 969/1457/4 989/2056/4 988/1458/4
f 989/1459/3 986/1454/3 965/1428/3
f 969/1432/3 968/1431/3 986/1454/3
f 983/1461/1 973/1436/1 959/1422/1
f 963/1426/1 962/1425/1 973/1436/1
f 992/1463/1 993/1466/1 983/1464/1
f 993/1466/5 995/2057/5 979/1467/5
f 994/1468/6 996/1473/6 978/1469/6
f 995/1470/3 997/1475/3 958/1471/3
f 996/1473/1 987/2058/1 980/1474/1
f 997/1475/6 992/1463/6 991/1465/6
f 998/1476/6 1031/2059/6 999/1477/6
f 1001/1479/1 1015/1494/1 1002/1480/1
f 1004/1482/5 1030/2060/5 1005/1483/5
f 1007/1485/3 1017/1497/3 1008/1486/3
f 1008/1486/8 1017/1497/8 1010/1488/8
f 1012/1490/8 1000/1478/8 999/1477/8
f 1011/1489/8 1010/1488/8 1000/1478/8
f 1001/1492/5 1016/1495/5 1014/1493/5
f 1016/1495/5 1004/1482/5 1006/1484/5
f 1007/1496/6 1018/1498/6 1010/1488/6
f 1018/1498/6 998/1476/6 1000/1478/6
f 1018/1498/4 1020/1500/4 1019/1499/4
f 1020/1500/4 1028/1513/4 1021/1501/4
f 1022/1502/3 1034/1523/3 1007/1503/3
f 1019/1499/4 1021/1501/4 1003/1505/4
f 1006/1484/8 1025/1508/8 1024/1507/8
f 1025/1508/8 1011/1489/8 1012/1490/8
f 1014/1493/8 1024/1507/8 1002/1480/8
f 1024/1507/8 1012/1490/8 1013/1491/8
f 1005/1483/8 1026/1509/8 1025/1508/8
f 1026/1509/8 1008/1486/8 1011/1489/8
f 1027/1510/5 1022/1502/5 1009/1504/5
f 1009/1512/4 1029/2061/4 1028/1513/4
f 1029/1514/3 1026/1509/3 1005/1483/3
f 1009/1487/3 1008/1486/3 1026/1509/3
f 1023/1516/1 1013/1491/1 999/1477/1
f 1003/1481/1 1002/1480/1 1013/1491/1
f 1032/1518/1 1033/1521/1 1023/1519/1
f 1033/1521/5 1035/2062/5 1019/1522/5
f 1034/1523/6 1036/1528/6 1018/1524/6
f 1035/1525/3 1037/1530/3 998/1526/3
f 1036/1528/1 1027/2063/1 1020/1529/1
f 1037/1530/6 1032/1518/6 1031/1520/6
f 1038/1531/6 1071/2064/6 1039/1532/6
f 1041/1534/1 1055/1549/1 1042/1535/1
f 1044/1537/5 1070/2065/5 1045/1538/5
f 1047/1540/3 1057/1552/3 1048/1541/3
f 1048/1541/8 1057/1552/8 1050/1543/8
f 1052/1545/8 1040/1533/8 1039/1532/8
f 1051/1544/8 1050/1543/8 1040/1533/8
f 1041/1547/5 1056/1550/5 1054/1548/5
f 1056/1550/5 1044/1537/5 1046/1539/5
f 1047/1551/6 1058/1553/6 1050/1543/6
f 1058/1553/6 1038/1531/6 1040/1533/6
f 1058/1553/4 1060/1555/4 1059/1554/4
f 1060/1555/4 1068/1568/4 1061/1556/4
f 1062/1557/3 1074/1578/3 1047/1558/3
f 1059/1554/4 1061/1556/4 1043/1560/4
f 1046/1539/8 1065/1563/8 1064/1562/8
f 1065/1563/8 1051/1544/8 1052/1545/8
f 1054/1548/8 1064/1562/8 1042/1535/8
f 1064/1562/8 1052/1545/8 1053/1546/8
f 1045/1538/8 1066/1564/8 1065/1563/8
f 1066/1564/8 1048/1541/8 1051/1544/8
f 1067/1565/5 1062/1557/5 1049/1559/5
f 1049/1567/4 1069/2066/4 1068/1568/4
f 1069/1569/3 1066/1564/3 1045/1538/3
f 1049/1542/3 1048/1541/3 1066/1564/3
f 1063/1571/1 1053/1546/1 1039/1532/1
f 1043/1536/1 1042/1535/1 1053/1546/1
f 1072/1573/1 1073/1576/1 1063/1574/1
f 1073/1576/5 1075/2067/5 1059/1577/5
f 1074/1578/6 1076/1583/6 1058/1579/6
f 1075/1580/3 1077/1585/3 1038/1581/3
f 1076/1583/1 1067/2068/1 1060/1584/1
f 1077/1585/6 1072/1573/6 1071/1575/6
f 1078/1586/6 1111/2069/6 1079/1587/6
f 1081/1589/1 1095/1604/1 1082/1590/1
f 1084/1592/5 1110/2070/5 1085/1593/5
f 1087/1595/3 1097/1607/3 1088/1596/3
f 1088/1596/8 1097/1607/8 1090/1598/8
f 1092/1600/8 1080/1588/8 1079/1587/8
f 1091/1599/8 1090/1598/8 1080/1588/8
f 1081/1602/5 1096/1605/5 1094/1603/5
f 1096/1605/5 1084/1592/5 1086/1594/5
f 1087/1606/6 1098/1608/6 1090/1598/6
f 1098/1608/6 1078/1586/6 1080/1588/6
f 1098/1608/4 1100/1610/4 1099/1609/4
f 1100/1610/4 1108/1623/4 1101/1611/4
f 1102/1612/3 1114/1633/3 1087/1613/3
f 1099/1609/4 1101/1611/4 1083/1615/4
f 1086/1594/8 1105/1618/8 1104/1617/8
f 1105/1618/8 1091/1599/8 1092/1600/8
f 1094/1603/8 1104/1617/8 1082/1590/8
f 1104/1617/8 1092/1600/8 1093/1601/8
f 1085/1593/8 1106/1619/8 1105/1618/8
f 1106/1619/8 1088/1596/8 1091/1599/8
f 1107/1620/5 1102/1612/5 1089/1614/5
f 1089/1622/4 1109/2071/4 1108/1623/4
f 1109/1624/3 1106/1619/3 1085/1593/3
f 1089/1597/3 1088/1596/3 1106/1619/3
f 1103/1626/1 1093/1601/1 1079/1587/1
f 1083/1591/1 1082/1590/1 1093/1601/1
f 1112/1628/1 1113/1631/1 1103/1629/1
f 1113/1631/5 1115/2072/5 1099/1632/5
f 1114/1633/6 1116/1638/6 1098/1634/6
f 1115/1635/3 1117/1640/3 1078/1636/3
f 1116/1638/1 1107/2073/1 1100/1639/1
f 1117/1640/6 1112/1628/6 1111/1630/6
f 1118/1641/5 1361/2074/5 1119/1642/5
f 1119/1644/1 1122/2075/1 1121/1645/1
f 1122/1647/6 1125/1651/6 1123/1648/6
f 1121/1645/1 1126/1652/1 1124/1650/1
f 1119/1642/9 1361/2074/9 1125/1651/9
f 1126/1652/11 1129/1656/11 1127/1653/11
f 1124/1650/1 1130/1657/1 1128/1654/1
f 1121/1655/6 1123/2076/6 1129/1656/6
f 1130/1657/1 1137/1667/1 1131/1658/1
f 1120/1643/9 1128/2077/9 1132/1659/9
f 1127/1653/11 1136/1666/11 1130/1657/11
f 1131/1660/5 1137/1667/5 1133/1661/5
f 1134/1663/5 1139/1669/5 1135/1664/5
f 1136/1666/11 1133/1661/11 1137/1667/11
f 1138/1668/9 1135/1664/9 1139/1669/9
f 1131/1658/1 1135/2078/1 1138/1671/1
f 1132/1659/6 1128/2077/6 1138/1668/6
f 1141/1672/5 1145/1692/5 1142/1673/5
f 1144/1675/3 1147/2079/3 1142/1676/3
f 1146/1678/6 1149/1682/6 1147/1679/6
f 1148/1681/3 1151/1684/3 1144/1675/3
f 1149/1682/10 1143/1674/10 1142/1673/10
f 1150/1683/12 1153/1687/12 1151/1684/12
f 1152/1685/3 1155/1690/3 1148/1681/3
f 1144/1686/6 1151/1684/6 1153/1687/6
f 1154/1689/3 1160/1699/3 1155/1690/3
f 1156/1691/10 1152/1705/10 1145/1692/10
f 1155/1690/12 1161/1700/12 1150/1683/12
f 1157/1693/5 1160/1699/5 1154/1694/5
f 1159/1696/5 1162/1701/5 1158/1697/5
f 1160/1699/12 1157/1693/12 1161/1700/12
f 1162/1701/10 1159/1696/10 1163/1702/10
f 1163/1704/3 1159/2080/3 1154/1689/3
f 1156/1691/6 1164/1703/6 1163/1702/6
f 1165/1706/2 1168/1709/2 1166/1707/2
f 1168/1709/1 1172/2081/1 1169/1710/1
f 1170/1711/3 1171/2082/3 1165/1706/3
f 1169/1712/13 1170/2083/13 1167/1708/13
f 1168/1709/14 1165/1706/14 1171/1713/14
f 1173/1715/2 1176/1718/2 1174/1716/2
f 1176/1718/1 1180/2084/1 1177/1719/1
f 1178/1720/3 1179/2085/3 1173/1715/3
f 1177/1721/13 1178/2086/13 1175/1717/13
f 1176/1718/14 1173/1715/14 1179/1722/14
f 1181/1724/2 1184/1727/2 1182/1725/2
f 1184/1727/1 1188/2087/1 1185/1728/1
f 1186/1729/3 1187/2088/3 1181/1724/3
f 1185/1730/13 1186/2089/13 1183/1726/13
f 1184/1727/14 1181/1724/14 1187/1731/14
f 1189/1733/2 1192/1736/2 1190/1734/2
f 1192/1736/1 1196/2090/1 1193/1737/1
f 1194/1738/3 1195/2091/3 1189/1733/3
f 1193/1739/13 1194/2092/13 1191/1735/13
f 1192/1736/14 1189/1733/14 1195/1740/14
f 1197/1742/2 1200/1745/2 1198/1743/2
f 1200/1745/1 1204/2093/1 1201/1746/1
f 1202/1747/3 1203/2094/3 1197/1742/3
f 1201/1748/13 1202/2095/13 1199/1744/13
f 1200/1745/14 1197/1742/14 1203/1749/14
f 1205/1751/7 1209/1755/7 1206/1752/7
f 1205/1751/1 1212/2096/1 1208/1754/1
f 1210/1756/3 1207/1753/3 1206/1752/3
f 1207/1753/15 1210/2097/15 1212/1758/15
f 1211/1759/16 1206/1752/16 1209/1755/16
f 1213/1761/7 1217/1765/7 1214/1762/7
f 1213/1761/1 1220/2098/1 1216/1764/1
f 1218/1766/3 1215/1763/3 1214/1762/3
f 1215/1763/15 1218/2099/15 1220/1768/15
f 1219/1769/16 1214/1762/16 1217/1765/16
f 1221/1771/7 1225/1775/7 1222/1772/7
f 1221/1771/1 1228/2100/1 1224/1774/1
f 1226/1776/3 1223/1773/3 1222/1772/3
f 1223/1773/15 1226/2101/15 1228/1778/15
f 1227/1779/16 1222/1772/16 1225/1775/16
f 1229/1781/7 1233/1785/7 1230/1782/7
f 1229/1781/1 1236/2102/1 1232/1784/1
f 1234/1786/3 1231/1783/3 1230/1782/3
f 1231/1783/15 1234/2103/15 1236/1788/15
f 1235/1789/16 1230/1782/16 1233/1785/16
f 1237/1791/7 1241/1795/7 1238/1792/7
f 1237/1791/1 1244/2104/1 1240/1794/1
f 1242/1796/3 1239/1793/3 1238/1792/3
f 1239/1793/15 1242/2105/15 1244/1798/15
f 1243/1799/16 1238/1792/16 1241/1795/16
f 1245/1801/1 1254/1811/1 1246/1802/1
f 1248/1804/3 1253/2106/3 1249/1805/3
f 1251/1807/3 1260/1820/3 1252/1808/3
f 1245/1814/1 1258/2107/1 1256/1815/1
f 1252/1823/3 1264/1827/3 1262/1824/3
f 1258/1828/1 1362/2108/1 1265/1829/1
f 1266/1830/1 1275/1840/1 1267/1831/1
f 1269/1833/3 1274/2109/3 1270/1834/3
f 1272/1836/3 1281/1849/3 1273/1837/3
f 1266/1843/1 1279/2110/1 1277/1844/1
f 1273/1852/3 1285/1856/3 1283/1853/3
f 1279/1857/1 1363/2111/1 1286/1858/1
f 1287/1859/1 1296/1869/1 1288/1860/1
f 1290/1862/3 1295/2112/3 1291/1863/3
f 1293/1865/3 1302/1878/3 1294/1866/3
f 1287/1872/1 1300/2113/1 1298/1873/1
f 1294/1881/3 1306/1885/3 1304/1882/3
f 1300/1886/1 1364/2114/1 1307/1887/1
f 1308/1888/1 1317/1898/1 1309/1889/1
f 1311/1891/3 1316/2115/3 1312/1892/3
f 1314/1894/3 1323/1907/3 1315/1895/3
f 1308/1901/1 1321/2116/1 1319/1902/1
f 1315/1910/3 1327/1914/3 1325/1911/3
f 1321/1915/1 1365/2117/1 1328/1916/1
f 1329/1917/1 1338/1927/1 1330/1918/1
f 1332/1920/3 1337/2118/3 1333/1921/3
f 1335/1923/3 1344/1936/3 1336/1924/3
f 1329/1930/1 1342/2119/1 1340/1931/1
f 1336/1939/3 1348/1943/3 1346/1940/3
f 1342/1944/1 1366/2120/1 1349/1945/1
f 1253/2106/5 1247/2121/5 1249/1805/5
f 1254/1811/6 1250/1806/6 1246/1802/6
f 1254/1811/17 1251/1807/17 1248/1804/17
f 1256/1815/18 1261/1821/18 1260/1820/18
f 1255/1813/19 1260/1820/19 1251/1807/19
f 1253/1809/20 1258/2122/20 1245/2123/20
f 1257/1816/21 1264/1827/21 1261/1821/21
f 1252/1823/22 1362/2124/22 1258/2125/22
f 1259/1818/23 1262/1824/23 1264/1827/23
f 1274/2109/5 1268/2126/5 1270/1834/5
f 1275/1840/6 1271/1835/6 1267/1831/6
f 1275/1840/17 1272/1836/17 1269/1833/17
f 1277/1844/18 1282/1850/18 1281/1849/18
f 1276/1842/19 1281/1849/19 1272/1836/19
f 1274/1838/20 1279/2127/20 1266/2128/20
f 1278/1845/21 1285/1856/21 1282/1850/21
f 1273/1852/22 1363/2129/22 1279/2130/22
f 1280/1847/23 1283/1853/23 1285/1856/23
f 1295/2112/5 1289/2131/5 1291/1863/5
f 1296/1869/6 1292/1864/6 1288/1860/6
f 1296/1869/17 1293/1865/17 1290/1862/17
f 1298/1873/18 1303/1879/18 1302/1878/18
f 1297/1871/19 1302/1878/19 1293/1865/19
f 1295/1867/20 1300/2132/20 1287/2133/20
f 1299/1874/21 1306/1885/21 1303/1879/21
f 1294/1881/22 1364/2134/22 1300/2135/22
f 1301/1876/23 1304/1882/23 1306/1885/23
f 1316/2115/5 1310/2136/5 1312/1892/5
f 1317/1898/6 1313/1893/6 1309/1889/6
f 1317/1898/17 1314/1894/17 1311/1891/17
f 1319/1902/18 1324/1908/18 1323/1907/18
f 1318/1900/19 1323/1907/19 1314/1894/19
f 1316/1896/20 1321/2137/20 1308/2138/20
f 1320/1903/21 1327/1914/21 1324/1908/21
f 1315/1910/22 1365/2139/22 1321/2140/22
f 1322/1905/23 1325/1911/23 1327/1914/23
f 1337/2118/5 1331/2141/5 1333/1921/5
f 1338/1927/6 1334/1922/6 1330/1918/6
f 1338/1927/17 1335/1923/17 1332/1920/17
f 1340/1931/18 1345/1937/18 1344/1936/18
f 1339/1929/19 1344/1936/19 1335/1923/19
f 1337/1925/20 1342/2142/20 1329/2143/20
f 1341/1932/21 1348/1943/21 1345/1937/21
f 1336/1939/22 1366/2144/22 1342/2145/22
f 1343/1934/23 1346/1940/23 1348/1943/23
f 1253/2106/5 1245/2146/5 1247/2121/5
f 1254/1811/6 1248/1804/6 1250/1806/6
f 1254/1811/17 1255/1813/17 1251/1807/17
f 1256/1815/18 1257/1816/18 1261/1821/18
f 1255/1813/19 1256/1815/19 1260/1820/19
f 1253/1809/20 1252/1808/20 1258/2122/20
f 1257/1816/21 1259/1818/21 1264/1827/21
f 1252/1823/22 1263/1825/22 1362/2124/22
f 1259/1818/23 1265/1829/23 1262/1824/23
f 1274/2109/5 1266/2147/5 1268/2126/5
f 1275/1840/6 1269/1833/6 1271/1835/6
f 1275/1840/17 1276/1842/17 1272/1836/17
f 1277/1844/18 1278/1845/18 1282/1850/18
f 1276/1842/19 1277/1844/19 1281/1849/19
f 1274/1838/20 1273/1837/20 1279/2127/20
f 1278/1845/21 1280/1847/21 1285/1856/21
f 1273/1852/22 1284/1854/22 1363/2129/22
f 1280/1847/23 1286/1858/23 1283/1853/23
f 1295/2112/5 1287/2148/5 1289/2131/5
f 1296/1869/6 1290/1862/6 1292/1864/6
f 1296/1869/17 1297/1871/17 1293/1865/17
f 1298/1873/18 1299/1874/18 1303/1879/18
f 1297/1871/19 1298/1873/19 1302/1878/19
f 1295/1867/20 1294/1866/20 1300/2132/20
f 1299/1874/21 1301/1876/21 1306/1885/21
f 1294/1881/22 1305/1883/22 1364/2134/22
f 1301/1876/23 1307/1887/23 1304/1882/23
f 1316/2115/5 1308/2149/5 1310/2136/5
f 1317/1898/6 1311/1891/6 1313/1893/6
f 1317/1898/17 1318/1900/17 1314/1894/17
f 1319/1902/18 1320/1903/18 1324/1908/18
f 1318/1900/19 1319/1902/19 1323/1907/19
f 1316/1896/20 1315/1895/20 1321/2137/20
f 1320/1903/21 1322/1905/21 1327/1914/21
f 1315/1910/22 1326/1912/22 1365/2139/22
f 1322/1905/23 1328/1916/23 1325/1911/23
f 1337/2118/5 1329/2150/5 1331/2141/5
f 1338/1927/6 1332/1920/6 1334/1922/6
f 1338/1927/17 1339/1929/17 1335/1923/17
f 1340/1931/18 1341/1932/18 1345/1937/18
f 1339/1929/19 1340/1931/19 1344/1936/19
f 1337/1925/20 1336/1924/20 1342/2142/20
f 1341/1932/21 1343/1934/21 1348/1943/21
f 1336/1939/22 1347/1941/22 1366/2144/22
f 1343/1934/23 1349/1945/23 1346/1940/23
f 53/2151/1 6/2152/1 5/2153/1
f 53/2151/1 5/2153/1 29/2154/1
f 119/2155/1 2/2156/1 6/2152/1
f 119/2155/1 6/2152/1 53/2151/1
f 30/2157/1 4/2158/1 2/2156/1
f 30/2157/1 2/2156/1 119/2155/1
f 68/2159/3 117/2160/3 25/2161/3
f 68/2159/3 25/2161/3 80/2162/3
f 90/2163/3 115/2164/3 117/2160/3
f 90/2163/3 117/2160/3 68/2159/3
f 110/2165/3 114/2166/3 115/2164/3
f 110/2165/3 115/2164/3 90/2163/3
f 1367/2167/3 1368/2168/3 1369/2169/3
f 1367/2170/5 81/2171/5 1370/2172/5
f 1369/2173/5 113/2174/5 1367/2170/5
f 1371/2175/5 112/2176/5 1369/2173/5
f 1370/2172/5 27/2177/5 1371/2175/5
f 1372/2178/8 1373/2179/8 1374/2180/8
f 1374/2181/3 1375/2182/3 1376/2183/3
f 1371/2184/1 1377/2185/1 1370/2186/1
f 1369/2187/4 1378/2188/4 1371/2189/4
f 1370/2190/8 1379/2191/8 1367/2192/8
f 1376/2193/5 1379/2191/5 1377/2194/5
f 1372/2195/5 1379/2196/5 1380/2197/5
f 1374/2180/5 1368/2198/5 1372/2178/5
f 1374/2181/5 1377/2185/5 1378/2199/5
f 1375/2182/5 1381/2200/5 1382/2201/5
f 1376/2193/4 1382/2201/4 1380/2202/4
f 1380/2197/1 1381/2200/1 1372/2195/1
f 1367/2167/3 1379/2196/3 1368/2168/3
f 1367/2170/5 113/2174/5 81/2171/5
f 1369/2173/5 112/2176/5 113/2174/5
f 1371/2175/5 27/2177/5 112/2176/5
f 1370/2172/5 81/2171/5 27/2177/5
f 1372/2178/8 1381/2200/8 1373/2179/8
f 1374/2181/3 1373/2179/3 1375/2182/3
f 1371/2184/1 1378/2199/1 1377/2185/1
f 1369/2187/4 1368/2198/4 1378/2188/4
f 1370/2190/8 1377/2194/8 1379/2191/8
f 1376/2193/5 1380/2202/5 1379/2191/5
f 1372/2195/5 1368/2168/5 1379/2196/5
f 1374/2180/5 1378/2188/5 1368/2198/5
f 1374/2181/5 1376/2183/5 1377/2185/5
f 1375/2182/5 1373/2179/5 1381/2200/5
f 1376/2193/4 1375/2182/4 1382/2201/4
f 1380/2197/1 1382/2201/1 1381/2200/1
f 1383/2203/3 1384/2204/3 1385/2205/3
f 1383/2206/5 73/2207/5 1386/2208/5
f 1385/2209/5 32/2210/5 1383/2206/5
f 1387/2211/5 7/2212/5 1385/2209/5
f 1386/2208/5 12/2213/5 1387/2211/5
f 1388/2214/8 1389/2215/8 1390/2216/8
f 1390/2217/3 1391/2218/3 1392/2219/3
f 1387/2220/1 1393/2221/1 1386/2222/1
f 1385/2223/4 1394/2224/4 1387/2225/4
f 1386/2226/8 1395/2227/8 1383/2228/8
f 1392/2229/5 1395/2227/5 1393/2230/5
f 1388/2231/5 1395/2232/5 1396/2233/5
f 1390/2216/5 1384/2234/5 1388/2214/5
f 1390/2217/5 1393/2221/5 1394/2235/5
f 1391/2218/5 1397/2236/5 1398/2237/5
f 1392/2229/4 1398/2237/4 1396/2238/4
f 1396/2233/1 1397/2236/1 1388/2231/1
f 1383/2203/3 1395/2232/3 1384/2204/3
f 1383/2206/5 32/2210/5 73/2207/5
f 1385/2209/5 7/2212/5 32/2210/5
f 1387/2211/5 12/2213/5 7/2212/5
f 1386/2208/5 73/2207/5 12/2213/5
f 1388/2214/8 1397/2236/8 1389/2215/8
f 1390/2217/3 1389/2215/3 1391/2218/3
f 1387/2220/1 1394/2235/1 1393/2221/1
f 1385/2223/4 1384/2234/4 1394/2224/4
f 1386/2226/8 1393/2230/8 1395/2227/8
f 1392/2229/5 1396/2238/5 1395/2227/5
f 1388/2231/5 1384/2204/5 1395/2232/5
f 1390/2216/5 1394/2224/5 1384/2234/5
f 1390/2217/5 1392/2219/5 1393/2221/5
f 1391/2218/5 1389/2215/5 1397/2236/5
f 1392/2229/4 1391/2218/4 1398/2237/4
f 1396/2233/1 1398/2237/1 1397/2236/1
f 1399/2239/3 1400/2240/3 1401/2241/3
f 1399/2242/5 75/2243/5 1402/2244/5
f 1401/2245/5 74/2246/5 1399/2242/5
f 1403/2247/5 13/2248/5 1401/2245/5
f 1402/2244/5 15/2249/5 1403/2247/5
f 1404/2250/8 1405/2251/8 1406/2252/8
f 1406/2253/3 1407/2254/3 1408/2255/3
f 1403/2256/1 1409/2257/1 1402/2258/1
f 1401/2259/4 1410/2260/4 1403/2261/4
f 1402/2262/8 1411/2263/8 1399/2264/8
f 1408/2265/5 1411/2263/5 1409/2266/5
f 1404/2267/5 1411/2268/5 1412/2269/5
f 1406/2252/5 1400/2270/5 1404/2250/5
f 1406/2253/5 1409/2257/5 1410/2271/5
f 1407/2254/5 1413/2272/5 1414/2273/5
f 1408/2265/4 1414/2273/4 1412/2274/4
f 1412/2269/1 1413/2272/1 1404/2267/1
f 1399/2239/3 1411/2268/3 1400/2240/3
f 1399/2242/5 74/2246/5 75/2243/5
f 1401/2245/5 13/2248/5 74/2246/5
f 1403/2247/5 15/2249/5 13/2248/5
f 1402/2244/5 75/2243/5 15/2249/5
f 1404/2250/8 1413/2272/8 1405/2251/8
f 1406/2253/3 1405/2251/3 1407/2254/3
f 1403/2256/1 1410/2271/1 1409/2257/1
f 1401/2259/4 1400/2270/4 1410/2260/4
f 1402/2262/8 1409/2266/8 1411/2263/8
f 1408/2265/5 1412/2274/5 1411/2263/5
f 1404/2267/5 1400/2240/5 1411/2268/5
f 1406/2252/5 1410/2260/5 1400/2270/5
f 1406/2253/5 1408/2255/5 1409/2257/5
f 1407/2254/5 1405/2251/5 1413/2272/5
f 1408/2265/4 1407/2254/4 1414/2273/4
f 1412/2269/1 1414/2273/1 1413/2272/1
f 1415/2275/3 1416/2276/3 1417/2277/3
f 1415/2278/5 77/2279/5 1418/2280/5
f 1417/2281/5 76/2282/5 1415/2278/5
f 1419/2283/5 17/2284/5 1417/2281/5
f 1418/2280/5 19/2285/5 1419/2283/5
f 1420/2286/8 1421/2287/8 1422/2288/8
f 1422/2289/3 1423/2290/3 1424/2291/3
f 1419/2292/1 1425/2293/1 1418/2294/1
f 1417/2295/4 1426/2296/4 1419/2297/4
f 1418/2298/8 1427/2299/8 1415/2300/8
f 1424/2301/5 1427/2299/5 1425/2302/5
f 1420/2303/5 1427/2304/5 1428/2305/5
f 1422/2288/5 1416/2306/5 1420/2286/5
f 1422/2289/5 1425/2293/5 1426/2307/5
f 1423/2290/5 1429/2308/5 1430/2309/5
f 1424/2301/4 1430/2309/4 1428/2310/4
f 1428/2305/1 1429/2308/1 1420/2303/1
f 1415/2275/3 1427/2304/3 1416/2276/3
f 1415/2278/5 76/2282/5 77/2279/5
f 1417/2281/5 17/2284/5 76/2282/5
f 1419/2283/5 19/2285/5 17/2284/5
f 1418/2280/5 77/2279/5 19/2285/5
f 1420/2286/8 1429/2308/8 1421/2287/8
f 1422/2289/3 1421/2287/3 1423/2290/3
f 1419/2292/1 1426/2307/1 1425/2293/1
f 1417/2295/4 1416/2306/4 1426/2296/4
f 1418/2298/8 1425/2302/8 1427/2299/8
f 1424/2301/5 1428/2310/5 1427/2299/5
f 1420/2303/5 1416/2276/5 1427/2304/5
f 1422/2288/5 1426/2296/5 1416/2306/5
f 1422/2289/5 1424/2291/5 1425/2293/5
f 1423/2290/5 1421/2287/5 1429/2308/5
f 1424/2301/4 1423/2290/4 1430/2309/4
f 1428/2305/1 1430/2309/1 1429/2308/1
f 1431/2311/3 1432/2312/3 1433/2313/3
f 1431/2314/5 79/2315/5 1434/2316/5
f 1433/2317/5 78/2318/5 1431/2314/5
f 1435/2319/5 21/2320/5 1433/2317/5
f 1434/2316/5 23/2321/5 1435/2319/5
f 1436/2322/8 1437/2323/8 1438/2324/8
f 1438/2325/3 1439/2326/3 1440/2327/3
f 1435/2328/1 1441/2329/1 1434/2330/1
f 1433/2331/4 1442/2332/4 1435/2333/4
f 1434/2334/8 1443/2335/8 1431/2336/8
f 1440/2337/5 1443/2335/5 1441/2338/5
f 1436/2339/5 1443/2340/5 1444/2341/5
f 1438/2324/5 1432/2342/5 1436/2322/5
f 1438/2325/5 1441/2329/5 1442/2343/5
f 1439/2326/5 1445/2344/5 1446/2345/5
f 1440/2337/4 1446/2345/4 1444/2346/4
f 1444/2341/1 1445/2344/1 1436/2339/1
f 1431/2311/3 1443/2340/3 1432/2312/3
f 1431/2314/5 78/2318/5 79/2315/5
f 1433/2317/5 21/2320/5 78/2318/5
f 1435/2319/5 23/2321/5 21/2320/5
f 1434/2316/5 79/2315/5 23/2321/5
f 1436/2322/8 1445/2344/8 1437/2323/8
f 1438/2325/3 1437/2323/3 1439/2326/3
f 1435/2328/1 1442/2343/1 1441/2329/1
f 1433/2331/4 1432/2342/4 1442/2332/4
f 1434/2334/8 1441/2338/8 1443/2335/8
f 1440/2337/5 1444/2346/5 1443/2335/5
f 1436/2339/5 1432/2312/5 1443/2340/5
f 1438/2324/5 1442/2332/5 1432/2342/5
f 1438/2325/5 1440/2327/5 1441/2329/5
f 1439/2326/5 1437/2323/5 1445/2344/5
f 1440/2337/4 1439/2326/4 1446/2345/4
f 1444/2341/1 1446/2345/1 1445/2344/1
f 1450/2347/1 1451/2348/1 1452/2349/1
f 1450/2350/6 1448/2351/6 1454/2352/6
f 1452/2353/6 1449/2354/6 1450/2350/6
f 1455/2355/6 1447/2356/6 1452/2353/6
f 1454/2352/6 1453/2357/6 1455/2355/6
f 1456/2358/8 1457/2359/8 1458/2360/8
f 1458/2361/1 1459/2362/1 1460/2363/1
f 1455/2364/3 1461/2365/3 1454/2366/3
f 1452/2367/4 1462/2368/4 1455/2369/4
f 1454/2370/8 1463/2371/8 1450/2372/8
f 1460/2373/6 1463/2371/6 1461/2374/6
f 1456/2375/6 1463/2376/6 1464/2377/6
f 1458/2360/6 1451/2378/6 1456/2358/6
f 1458/2361/6 1461/2365/6 1462/2379/6
f 1459/2362/6 1465/2380/6 1466/2381/6
f 1460/2373/4 1466/2381/4 1464/2382/4
f 1464/2377/3 1465/2380/3 1456/2375/3
f 1450/2347/1 1463/2376/1 1451/2348/1
f 1450/2350/6 1449/2354/6 1448/2351/6
f 1452/2353/6 1447/2356/6 1449/2354/6
f 1455/2355/6 1453/2357/6 1447/2356/6
f 1454/2352/6 1448/2351/6 1453/2357/6
f 1456/2358/8 1465/2380/8 1457/2359/8
f 1458/2361/1 1457/2359/1 1459/2362/1
f 1455/2364/3 1462/2379/3 1461/2365/3
f 1452/2367/4 1451/2378/4 1462/2368/4
f 1454/2370/8 1461/2374/8 1463/2371/8
f 1460/2373/6 1464/2382/6 1463/2371/6
f 1456/2375/6 1451/2348/6 1463/2376/6
f 1458/2360/6 1462/2368/6 1451/2378/6
f 1458/2361/6 1460/2363/6 1461/2365/6
f 1459/2362/6 1457/2359/6 1465/2380/6
f 1460/2373/4 1459/2362/4 1466/2381/4
f 1464/2377/3 1466/2381/3 1465/2380/3
f 1470/2383/1 1471/2384/1 1472/2385/1
f 1470/2386/6 1468/2387/6 1474/2388/6
f 1472/2389/6 1469/2390/6 1470/2386/6
f 1475/2391/6 1467/2392/6 1472/2389/6
f 1474/2388/6 1473/2393/6 1475/2391/6
f 1476/2394/8 1477/2395/8 1478/2396/8
f 1478/2397/1 1479/2398/1 1480/2399/1
f 1475/2400/3 1481/2401/3 1474/2402/3
f 1472/2403/4 1482/2404/4 1475/2405/4
f 1474/2406/8 1483/2407/8 1470/2408/8
f 1480/2409/6 1483/2407/6 1481/2410/6
f 1476/2411/6 1483/2412/6 1484/2413/6
f 1478/2396/6 1471/2414/6 1476/2394/6
f 1478/2397/6 1481/2401/6 1482/2415/6
f 1479/2398/6 1485/2416/6 1486/2417/6
f 1480/2409/4 1486/2417/4 1484/2418/4
f 1484/2413/3 1485/2416/3 1476/2411/3
f 1470/2383/1 1483/2412/1 1471/2384/1
f 1470/2386/6 1469/2390/6 1468/2387/6
f 1472/2389/6 1467/2392/6 1469/2390/6
f 1475/2391/6 1473/2393/6 1467/2392/6
f 1474/2388/6 1468/2387/6 1473/2393/6
f 1476/2394/8 1485/2416/8 1477/2395/8
f 1478/2397/1 1477/2395/1 1479/2398/1
f 1475/2400/3 1482/2415/3 1481/2401/3
f 1472/2403/4 1471/2414/4 1482/2404/4
f 1474/2406/8 1481/2410/8 1483/2407/8
f 1480/2409/6 1484/2418/6 1483/2407/6
f 1476/2411/6 1471/2384/6 1483/2412/6
f 1478/2396/6 1482/2404/6 1471/2414/6
f 1478/2397/6 1480/2399/6 1481/2401/6
f 1479/2398/6 1477/2395/6 1485/2416/6
f 1480/2409/4 1479/2398/4 1486/2417/4
f 1484/2413/3 1486/2417/3 1485/2416/3
f 1490/2419/1 1491/2420/1 1492/2421/1
f 1490/2422/6 1488/2423/6 1494/2424/6
f 1492/2425/6 1489/2426/6 1490/2422/6
f 1495/2427/6 1487/2428/6 1492/2425/6
f 1494/2424/6 1493/2429/6 1495/2427/6
f 1496/2430/8 1497/2431/8 1498/2432/8
f 1498/2433/1 1499/2434/1 1500/2435/1
f 1495/2436/3 1501/2437/3 1494/2438/3
f 1492/2439/4 1502/2440/4 1495/2441/4
f 1494/2442/8 1503/2443/8 1490/2444/8
f 1500/2445/6 1503/2443/6 1501/2446/6
f 1496/2447/6 1503/2448/6 1504/2449/6
f 1498/2432/6 1491/2450/6 1496/2430/6
f 1498/2433/6 1501/2437/6 1502/2451/6
f 1499/2434/6 1505/2452/6 1506/2453/6
f 1500/2445/4 1506/2453/4 1504/2454/4
f 1504/2449/3 1505/2452/3 1496/2447/3
f 1490/2419/1 1503/2448/1 1491/2420/1
f 1490/2422/6 1489/2426/6 1488/2423/6
f 1492/2425/6 1487/2428/6 1489/2426/6
f 1495/2427/6 1493/2429/6 1487/2428/6
f 1494/2424/6 1488/2423/6 1493/2429/6
f 1496/2430/8 1505/2452/8 1497/2431/8
f 1498/2433/1 1497/2431/1 1499/2434/1
f 1495/2436/3 1502/2451/3 1501/2437/3
f 1492/2439/4 1491/2450/4 1502/2440/4
f 1494/2442/8 1501/2446/8 1503/2443/8
f 1500/2445/6 1504/2454/6 1503/2443/6
f 1496/2447/6 1491/2420/6 1503/2448/6
f 1498/2432/6 1502/2440/6 1491/2450/6
f 1498/2433/6 1500/2435/6 1501/2437/6
f 1499/2434/6 1497/2431/6 1505/2452/6
f 1500/2445/4 1499/2434/4 1506/2453/4
f 1504/2449/3 1506/2453/3 1505/2452/3
f 1510/2455/1 1511/2456/1 1512/2457/1
f 1510/2458/6 1508/2459/6 1514/2460/6
f 1512/2461/6 1509/2462/6 1510/2458/6
f 1515/2463/6 1507/2464/6 1512/2461/6
f 1514/2460/6 1513/2465/6 1515/2463/6
f 1516/2466/8 1517/2467/8 1518/2468/8
f 1518/2469/1 1519/2470/1 1520/2471/1
f 1515/2472/3 1521/2473/3 1514/2474/3
f 1512/2475/4 1522/2476/4 1515/2477/4
f 1514/2478/8 1523/2479/8 1510/2480/8
f 1520/2481/6 1523/2479/6 1521/2482/6
f 1516/2483/6 1523/2484/6 1524/2485/6
f 1518/2468/6 1511/2486/6 1516/2466/6
f 1518/2469/6 1521/2473/6 1522/2487/6
f 1519/2470/6 1525/2488/6 1526/2489/6
f 1520/2481/4 1526/2489/4 1524/2490/4
f 1524/2485/3 1525/2488/3 1516/2483/3
f 1510/2455/1 1523/2484/1 1511/2456/1
f 1510/2458/6 1509/2462/6 1508/2459/6
f 1512/2461/6 1507/2464/6 1509/2462/6
f 1515/2463/6 1513/2465/6 1507/2464/6
f 1514/2460/6 1508/2459/6 1513/2465/6
f 1516/2466/8 1525/2488/8 1517/2467/8
f 1518/2469/1 1517/2467/1 1519/2470/1
f 1515/2472/3 1522/2487/3 1521/2473/3
f 1512/2475/4 1511/2486/4 1522/2476/4
f 1514/2478/8 1521/2482/8 1523/2479/8
f 1520/2481/6 1524/2490/6 1523/2479/6
f 1516/2483/6 1511/2456/6 1523/2484/6
f 1518/2468/6 1522/2476/6 1511/2486/6
f 1518/2469/6 1520/2471/6 1521/2473/6
f 1519/2470/6 1517/2467/6 1525/2488/6
f 1520/2481/4 1519/2470/4 1526/2489/4
f 1524/2485/3 1526/2489/3 1525/2488/3
f 1530/2491/1 1531/2492/1 1532/2493/1
f 1530/2494/6 1528/2495/6 1534/2496/6
f 1532/2497/6 1529/2498/6 1530/2494/6
f 1535/2499/6 1527/2500/6 1532/2497/6
f 1534/2496/6 1533/2501/6 1535/2499/6
f 1536/2502/8 1537/2503/8 1538/2504/8
f 1538/2505/1 1539/2506/1 1540/2507/1
f 1535/2508/3 1541/2509/3 1534/2510/3
f 1532/2511/4 1542/2512/4 1535/2513/4
f 1534/2514/8 1543/2515/8 1530/2516/8
f 1540/2517/6 1543/2515/6 1541/2518/6
f 1536/2519/6 1543/2520/6 1544/2521/6
f 1538/2504/6 1531/2522/6 1536/2502/6
f 1538/2505/6 1541/2509/6 1542/2523/6
f 1539/2506/6 1545/2524/6 1546/2525/6
f 1540/2517/4 1546/2525/4 1544/2526/4
f 1544/2521/3 1545/2524/3 1536/2519/3
f 1530/2491/1 1543/2520/1 1531/2492/1
f 1530/2494/6 1529/2498/6 1528/2495/6
f 1532/2497/6 1527/2500/6 1529/2498/6
f 1535/2499/6 1533/2501/6 1527/2500/6
f 1534/2496/6 1528/2495/6 1533/2501/6
f 1536/2502/8 1545/2524/8 1537/2503/8
f 1538/2505/1 1537/2503/1 1539/2506/1
f 1535/2508/3 1542/2523/3 1541/2509/3
f 1532/2511/4 1531/2522/4 1542/2512/4
f 1534/2514/8 1541/2518/8 1543/2515/8
f 1540/2517/6 1544/2526/6 1543/2515/6
f 1536/2519/6 1531/2492/6 1543/2520/6
f 1538/2504/6 1542/2512/6 1531/2522/6
f 1538/2505/6 1540/2507/6 1541/2509/6
f 1539/2506/6 1537/2503/6 1545/2524/6
f 1540/2517/4 1539/2506/4 1546/2525/4
f 1544/2521/3 1546/2525/3 1545/2524/3
